source_id,variable_name,variable_description,source_organisation,source_dataset_name,source_page_url,direct_download_url,api_endpoint,api_parameters,wms_layer,geocat_metadata_url,retrieval_method,retrieval_date,original_file_name,local_raw_file,processed_file,geographic_level,temporal_resolution,temporal_start,temporal_end,unit,license,access_conditions,transformation_applied,quality_notes,confidence_level,manual_verification,notes
ANNIVIERS_SCOPE_OFFICIAL,destination_scope_evidence,"Official municipal evidence that Grimentz, Zinal, Saint-Luc and Chandolin belong to Anniviers",Commune d'Anniviers,Official destination or municipal scope page,https://www.anniviers.org/fr/villages-hameaux-6.html,https://www.anniviers.org/fr/villages-hameaux-6.html,,,,,HTTP GET with immutable response and SHA-256 sidecar,2026-09-20T00:55:33.490971+00:00,ANNIVIERS_SCOPE_OFFICIAL_20260920T005533Z.html,data_external/source_evidence/ANNIVIERS_SCOPE_OFFICIAL_20260920T005533Z.html,data_processed/treatment_destination_units.csv,official destination or municipality,retrieval-date scope snapshot,,2026,scope evidence,UNKNOWN; preserve citation and original URL,Public official website; automated retrieval respects robots.txt,Manually reviewed scope statement encoded in config/treatment_destination_review.json,Current scope evidence does not by itself establish historical tourism exposure,high for stated scope; analytical mapping remains explicitly qualified,reviewed,
BERGFEX_RESORT_DIRECTORY,resort_name|region|url_station|altitude_top_m|ski_area_km|number_lifts,Existing resort-directory scrape supplied by the researcher,bergfex GmbH,Bergfex Swiss ski-resort directory,https://www.bergfex.ch/schweiz/,,,,,,Legacy region-page HTML scraping; upstream R script inspected,UNKNOWN,bergfex_stations_ski_suisse_par_region.csv,data_raw/bergfex_stations_ski_suisse_par_region.csv,data_processed/resort_master.csv,resort listing,undated snapshot,,,mixed,UNKNOWN; redistribution and reuse require review,Existing research copy; do not recollect without terms/robots review,Unique URL join to normalised listing table; no new scrape,Observation date and independent-domain semantics are unknown,medium for fields; low for temporal interpretation,schema and unique URLs checked,
BFS_HOTEL_CAPACITY_DATA,hotel_establishments_open|hotel_rooms_available|hotel_beds_available|hotel_room_occupancy_rate_pct|hotel_bed_occupancy_rate_pct,"Monthly HESTA hotel supply, demand, and occupancy in open establishments by municipality",Swiss Federal Statistical Office (FSO/OFS/BFS),px-x-1003020000_201,https://www.pxweb.bfs.admin.ch/pxweb/fr/px-x-1003020000_201/,,https://www.pxweb.bfs.admin.ch/api/v1/fr/px-x-1003020000_201/px-x-1003020000_201.px,"All 2013-2026 years, 12 months, 186 municipalities, and 8 indicators; annual-total month excluded; one POST per year",,,"PXWeb HTTP POST in 14 annual chunks; exact queries, responses, SHA-256 checksums, and logs preserved",2026-09-20T08:39:13.504956+00:00,BFS_HOTEL_CAPACITY_DATA_2013_20260920T083901Z.csv,data_external/source_evidence/BFS_HOTEL_CAPACITY_DATA_2013_20260920T083901Z.csv,data_processed/hotel_capacity_municipality_month.csv|data_processed/hotel_municipality_month_enriched.csv|data_processed/destination_month_panel.csv,municipality,monthly grid,2013-01,2026-12 grid; later months unavailable at retrieval,establishments; rooms; beds; arrivals; overnight stays; percent,See official FSO terms,Public PXWeb API; source missing and protection tokens apply,Annual chunks concatenated; literal '..' and '...' tokens preserved; numeric values parsed without imputation; exact municipality-date join to legacy demand panel,"1,974 supply rows are unavailable/protected; 59 bed-occupancy percentages exceed 100 as published; 6 demand cells in 3 Davos months differ from the legacy extraction and are reported without overwriting it",high for official source; version differences explicitly retained,"schema, checksums, grain, value bounds, and demand reconciliation checked",Fourteen raw annual response files are listed in the master metadata sidecar; local_raw_file points to the first chunk
BFS_HOTEL_CAPACITY_METADATA,capacity_table_schema|municipality_bfs_id,"Live metadata for the HESTA supply, demand, and occupancy table",Swiss Federal Statistical Office (FSO/OFS/BFS),px-x-1003020000_201 metadata,https://www.pxweb.bfs.admin.ch/pxweb/fr/px-x-1003020000_201/,https://www.pxweb.bfs.admin.ch/api/v1/fr/px-x-1003020000_201/px-x-1003020000_201.px,https://www.pxweb.bfs.admin.ch/api/v1/fr/px-x-1003020000_201/px-x-1003020000_201.px,GET table metadata,,,HTTP GET with immutable response and SHA-256 sidecar,2026-09-20T08:36:08.846339+00:00,BFS_HOTEL_CAPACITY_METADATA_20260920T083608Z.json,data_external/source_evidence/BFS_HOTEL_CAPACITY_METADATA_20260920T083608Z.json,data_processed/hotel_capacity_municipality_month.csv,municipality,metadata snapshot,2013,2026,metadata,See official FSO terms,Public PXWeb API,Dimension codes and municipality code-label pairs extracted exactly,Reference municipality universe is dated 2026-01-01; cached response anchors the schema,high,response schema and all four dimensions checked,
BFS_HOTEL_DATA,hotel_arrivals|hotel_overnights|domestic_overnights|foreign_overnights,Monthly hotel arrivals and overnight stays in open establishments by municipality and visitor origin,Swiss Federal Statistical Office (FSO/OFS/BFS),px-x-1003020000_101,https://www.pxweb.bfs.admin.ch/pxweb/fr/px-x-1003020000_101/,,https://www.pxweb.bfs.admin.ch/api/v1/fr/px-x-1003020000_101/px-x-1003020000_101.px,"All available years, months, municipalities, origins and indicators; original extraction was chunked",,,Existing researcher API extraction; construction script inspected; live metadata independently cached,UNKNOWN_FOR_EXISTING_DATA_FILE,nuitée_commune_final.csv,data_raw/nuitée_commune_final.csv,data_processed/hotel_municipality_month.csv,municipality,monthly plus annual total rows,2013-01,2026-03 observed; later 2026 grid cells suppressed/unavailable,persons (arrivals); overnight stays,See official FSO terms,Public PXWeb table; source suppression applies,Annual rows excluded from monthly panel; literal tokens preserved; nonnegative integer cells parsed; domestic/foreign split and log1p derived,"2,793 monthly total-night cells contain '...'; no imputation; municipality boundary changes still require review",high for official source; medium for legacy extraction provenance,"API metadata, row structure, suppression tokens, and annual/monthly reconciliation checked",Annual totals reconcile exactly wherever all 12 monthly observations are available
BFS_HOTEL_METADATA,hotel_table_schema|municipality_bfs_id,"Live metadata for the official hotel table, including municipality codes and labels",Swiss Federal Statistical Office (FSO/OFS/BFS),px-x-1003020000_101 metadata,https://www.pxweb.bfs.admin.ch/pxweb/fr/px-x-1003020000_101/,https://www.pxweb.bfs.admin.ch/api/v1/fr/px-x-1003020000_101/px-x-1003020000_101.px,https://www.pxweb.bfs.admin.ch/api/v1/fr/px-x-1003020000_101/px-x-1003020000_101.px,GET table metadata,,,HTTP GET with immutable response and SHA-256 sidecar,2026-09-19T23:17:13.867148+00:00,BFS_HOTEL_METADATA_20260919T231713Z.json,data_external/source_evidence/BFS_HOTEL_METADATA_20260919T231713Z.json,data_processed/resort_point_municipality.csv,municipality,metadata snapshot,2013,2026,metadata,See official FSO terms,Public PXWeb API,Municipality code-label pairs extracted without fuzzy matching,Live table composition can change; cached response is the reproducibility anchor,high,response schema and Gemeinde dimension checked,
DERIVED_MULTI_SOURCE,derived analytical fields,Project-generated fields combining multiple registered sources,Master thesis analytical pipeline,Reproducible local transformations,,,,,,,versioned Python scripts,,,,data_processed/,mixed,mixed,,,mixed,inherits source restrictions,,See formula and script references in data dictionary,Not an external source; lineage remains in source_ids and formulas,derived,automated tests plus checkpoint review,
DERIVED_REVIEWED_DESTINATION_PANEL,reviewed_destination_month_outcomes|hotel_capacity|snow_proxy|weather_proxy|diagnostic_membership_status,"Monthly destination outcomes, hotel capacity, qualified snow/weather proxies, and diagnostic treatment coding aggregated across reviewed scopes",Master thesis analytical pipeline,Reviewed destination-month panel,,,,,,,versioned Python transformation,,,,data_processed/destination_month_panel.csv,reviewed destination unit,monthly,2013-01,2026-12 grid; 2026-03 latest observed outcome,destination-month,inherits source restrictions,,Additive municipality outcome/capacity totals; complete-case multi-station snow/weather proxy means; official occupancy percentages retained only for single-municipality units; entry carried forward only as a flagged diagnostic assumption,"No row is causal-ready; SLF and MeteoSwiss proxies are not direct piste observations; treatment continuity, controls, and other time-varying confounders remain unresolved",high for reproducible aggregation; low for causal treatment status,automated tests plus destination review,
DESTINATION_SCOPE_OFFICIAL_SET,destination_unit_scope|municipality_outcome_scope,Reviewed union of official municipality and lift-operator scope evidence,Municipalities and official lift operators,Destination scope evidence set,,,,,,,Derived from individually registered official pages and geo.admin.ch point containment,,,,data_processed/treatment_destination_units.csv|data_processed/treatment_destination_municipality.csv,reviewed destination and municipality,scope snapshot,,2026,review decision,,,Explicit inclusion/exclusion decisions and additive municipality outcome weights,Core-municipality proxies are labelled separately from complete observed municipal scope,reviewed analytical decision,reviewed,Does not approve causal treatment status
EVOLENE_SCOPE_OFFICIAL,destination_scope_evidence,"Official municipal evidence that Evolène, La Forclaz and Arolla belong to the same municipality",Commune d'Evolène,Official destination or municipal scope page,https://www.commune-evolene.ch/fr/villages-35.html,https://www.commune-evolene.ch/fr/villages-35.html,,,,,HTTP GET with immutable response and SHA-256 sidecar,2026-09-20T00:55:34.825822+00:00,EVOLENE_SCOPE_OFFICIAL_20260920T005534Z.html,data_external/source_evidence/EVOLENE_SCOPE_OFFICIAL_20260920T005534Z.html,data_processed/treatment_destination_units.csv,official destination or municipality,retrieval-date scope snapshot,,2026,scope evidence,UNKNOWN; preserve citation and original URL,Public official website; automated retrieval respects robots.txt,Manually reviewed scope statement encoded in config/treatment_destination_review.json,Current scope evidence does not by itself establish historical tourism exposure,high for stated scope; analytical mapping remains explicitly qualified,reviewed,
GEOADMIN_MUNICIPALITY_IDENTIFY,point_municipality_bfs_id|point_municipality_name|point_municipality_canton,Current municipality polygon containing each supplied resort coordinate,Federal Office of Topography swisstopo / geo.admin.ch,Municipal boundaries — current swissBOUNDARIES3D layer,https://docs.geo.admin.ch/access-data/identify-features.html,,https://api3.geo.admin.ch/rest/services/ech/MapServer/identify,geometryType=esriGeometryPoint; sr=4326; layer=ch.swisstopo.swissboundaries3d-gemeinde-flaeche.fill; query-specific geometry recorded in config/municipality_queries.json,ch.swisstopo.swissboundaries3d-gemeinde-flaeche.fill,,271 rate-limited HTTP GET requests with immutable responses and SHA-256 sidecars,2026-09-19T23:27:16.405897+00:00,GEO_POINT_<query_hash>_<timestamp>.json,data_external/source_evidence/GEO_POINT_*.json,data_processed/resort_point_municipality.csv,point-in-current-municipality polygon,boundary snapshot,2026-01-01,2026-01-01,municipality identifier,See geo.admin.ch terms of use,Public API; raw response preserved for every point,Selected the unique result marked is_current_jahr=true; no distance or fuzzy-name inference,Coordinate containment is not a tourism catchment or municipal exposure weight,high for point containment; none for causal tourism exposure,logic checked; 3 non-Swiss points unresolved,
GSTAAD_SCOPE_OFFICIAL,destination_scope_evidence,"Official operator evidence for access points spanning Saanen, Rougemont, Zweisimmen and St. Stephan",Bergbahnen Destination Gstaad AG,Official destination or municipal scope page,https://bergbahnen-gstaad.ch/en/arrival-parking,https://bergbahnen-gstaad.ch/en/arrival-parking,,,,,HTTP GET with immutable response and SHA-256 sidecar,2026-09-20T00:55:49.309926+00:00,GSTAAD_SCOPE_OFFICIAL_20260920T005549Z.html,data_external/source_evidence/GSTAAD_SCOPE_OFFICIAL_20260920T005549Z.html,data_processed/treatment_destination_units.csv,official destination or municipality,retrieval-date scope snapshot,,2026,scope evidence,UNKNOWN; preserve citation and original URL,Public official website; automated retrieval respects robots.txt,Manually reviewed scope statement encoded in config/treatment_destination_review.json,Current scope evidence does not by itself establish historical tourism exposure,high for stated scope; analytical mapping remains explicitly qualified,reviewed,
LOCAL_03b4345dbe87,dataset,Existing thesis input; upstream construction under audit,UNKNOWN,stations_ski_assignations_clusters_gps_bergfex.csv,,,,,,,researcher-supplied local file,UNKNOWN,stations_ski_assignations_clusters_gps_bergfex.csv,data_raw/stations_ski_assignations_clusters_gps_bergfex.csv,,,,,,,UNKNOWN,Local research copy; redistribution not established,,See reports/data_audit_details.json; upstream provenance requires verification,unverified,pending,Filesystem timestamp is not treated as a retrieval date
LOCAL_0f53d91bbb86,dataset,Existing thesis input; upstream construction under audit,UNKNOWN,bahnen-winter_2056.gpkg,,,,,,,researcher-supplied local file,UNKNOWN,bahnen-winter_2056.gpkg,data_raw/bahnen-winter_2056.gpkg,,,,,,,UNKNOWN,Local research copy; redistribution not established,,See reports/data_audit_details.json; upstream provenance requires verification,unverified,pending,Filesystem timestamp is not treated as a retrieval date
LOCAL_14a174ea6a94,dataset,Existing thesis input; upstream construction under audit,UNKNOWN,stations_ski_clusters_calibration_seuils_gps_bergfex.csv,,,,,,,researcher-supplied local file,UNKNOWN,stations_ski_clusters_calibration_seuils_gps_bergfex.csv,data_raw/stations_ski_clusters_calibration_seuils_gps_bergfex.csv,,,,,,,UNKNOWN,Local research copy; redistribution not established,,See reports/data_audit_details.json; upstream provenance requires verification,unverified,pending,Filesystem timestamp is not treated as a retrieval date
LOCAL_430fe06a9598,dataset,Existing thesis input; upstream construction under audit,UNKNOWN,carte_communes_nuitees_croisees_provisoir_avec_stations_gps_bergfex.html,,,,,,,researcher-supplied local file,UNKNOWN,carte_communes_nuitees_croisees_provisoir_avec_stations_gps_bergfex.html,data_raw/carte_communes_nuitees_croisees_provisoir_avec_stations_gps_bergfex.html,,,,,,,UNKNOWN,Local research copy; redistribution not established,,See reports/data_audit_details.json; upstream provenance requires verification,unverified,pending,Filesystem timestamp is not treated as a retrieval date
LOCAL_4431c47c859d,dataset,Existing thesis input; upstream construction under audit,UNKNOWN,bergfex_stations_ski_suisse_par_region.csv,,,,,,,researcher-supplied local file,UNKNOWN,bergfex_stations_ski_suisse_par_region.csv,data_raw/bergfex_stations_ski_suisse_par_region.csv,,,,,,,UNKNOWN,Local research copy; redistribution not established,,See reports/data_audit_details.json; upstream provenance requires verification,unverified,pending,Filesystem timestamp is not treated as a retrieval date
LOCAL_5c587073db3b,dataset,Existing thesis input; upstream construction under audit,UNKNOWN,nuitée_commune_final.csv,,,,,,,researcher-supplied local file,UNKNOWN,nuitée_commune_final.csv,data_raw/nuitée_commune_final.csv,,,,,,,UNKNOWN,Local research copy; redistribution not established,,See reports/data_audit_details.json; upstream provenance requires verification,unverified,pending,Filesystem timestamp is not treated as a retrieval date
LOCAL_5f838870add4,dataset,Existing thesis input; upstream construction under audit,UNKNOWN,stations_ski_clusters_gps_bergfex.geojson,,,,,,,researcher-supplied local file,UNKNOWN,stations_ski_clusters_gps_bergfex.geojson,data_raw/stations_ski_clusters_gps_bergfex.geojson,,,,,,,UNKNOWN,Local research copy; redistribution not established,,See reports/data_audit_details.json; upstream provenance requires verification,unverified,pending,Filesystem timestamp is not treated as a retrieval date
LOCAL_8b04208d016e,dataset,Existing thesis input; upstream construction under audit,UNKNOWN,stations_ski_gps_bergfex_normalise.csv,,,,,,,researcher-supplied local file,UNKNOWN,stations_ski_gps_bergfex_normalise.csv,data_raw/stations_ski_gps_bergfex_normalise.csv,,,,,,,UNKNOWN,Local research copy; redistribution not established,,See reports/data_audit_details.json; upstream provenance requires verification,unverified,pending,Filesystem timestamp is not treated as a retrieval date
LOCAL_9960a7d400b5,dataset,Existing thesis input; upstream construction under audit,UNKNOWN,carte_stations_ski_clusters_assignations_gps_bergfex.html,,,,,,,researcher-supplied local file,UNKNOWN,carte_stations_ski_clusters_assignations_gps_bergfex.html,data_raw/carte_stations_ski_clusters_assignations_gps_bergfex.html,,,,,,,UNKNOWN,Local research copy; redistribution not established,,See reports/data_audit_details.json; upstream provenance requires verification,unverified,pending,Filesystem timestamp is not treated as a retrieval date
LOCAL_afb2b0d65a48,dataset,Existing thesis input; upstream construction under audit,UNKNOWN,position_gps_stations_ski.csv,,,,,,,researcher-supplied local file,UNKNOWN,position_gps_stations_ski.csv,data_raw/position_gps_stations_ski.csv,,,,,,,UNKNOWN,Local research copy; redistribution not established,,See reports/data_audit_details.json; upstream provenance requires verification,unverified,pending,Filesystem timestamp is not treated as a retrieval date
LOCAL_f3dccaa5c1ef,dataset,Existing thesis input; upstream construction under audit,UNKNOWN,stations_ski_clusters_resume_gps_bergfex.csv,,,,,,,researcher-supplied local file,UNKNOWN,stations_ski_clusters_resume_gps_bergfex.csv,data_raw/stations_ski_clusters_resume_gps_bergfex.csv,,,,,,,UNKNOWN,Local research copy; redistribution not established,,See reports/data_audit_details.json; upstream provenance requires verification,unverified,pending,Filesystem timestamp is not treated as a retrieval date
MAGIC_2017,membership_event_evidence,Official seasonal press evidence; membership extraction requires page verification,Magic Mountains Cooperation,Official Magic Pass press material,https://www.magicpass.ch/fr/presse,https://www.magicpass.ch/media/document/0/dossier-de-presse_11_4-1.pdf,,,,,HTTP GET with immutable response and SHA-256 sidecar,2026-09-19T23:21:36.251174+00:00,MAGIC_2017_20260919T232136Z.pdf,data_external/source_evidence/MAGIC_2017_20260919T232136Z.pdf,data_processed/magic_pass_membership_history.csv,official ski destination,dated announcement / season,2017,,destination membership event,UNKNOWN; preserve citation and original URL,Public source document; automated retrieval respects robots.txt; distributor retained explicitly where not publisher-hosted,Page-numbered text extraction and manually reviewed event transcription,Destination/operator scope may differ from Bergfex listing scope; seasonal membership does not establish daily operation or identical summer access,high for source authenticity; event/entity confidence stored per row,reviewed,
MAGIC_2018,membership_event_evidence,Official seasonal press evidence; membership extraction requires page verification,Magic Mountains Cooperation,Official Magic Pass press material,https://www.magicpass.ch/fr/presse,https://www.magicpass.ch/media/document/0/mp-communique-presse-07_03_18-fr.pdf,,,,,HTTP GET with immutable response and SHA-256 sidecar,2026-09-19T23:21:46.699377+00:00,MAGIC_2018_20260919T232146Z.pdf,data_external/source_evidence/MAGIC_2018_20260919T232146Z.pdf,data_processed/magic_pass_membership_history.csv,official ski destination,dated announcement / season,2018/2019,2018/2019,destination membership event,UNKNOWN; preserve citation and original URL,Public source document; automated retrieval respects robots.txt; distributor retained explicitly where not publisher-hosted,Page-numbered text extraction and manually reviewed event transcription,Destination/operator scope may differ from Bergfex listing scope; seasonal membership does not establish daily operation or identical summer access,high for source authenticity; event/entity confidence stored per row,reviewed; pages 2,
MAGIC_2019,membership_event_evidence,Official seasonal press evidence; membership extraction requires page verification,Magic Mountains Cooperation,Official Magic Pass press material,https://www.magicpass.ch/fr/presse,https://www.magicpass.ch/media/document/0/mp-cp-13mars-2019-fr-2_prix.pdf,,,,,HTTP GET with immutable response and SHA-256 sidecar,2026-09-19T23:21:56.936424+00:00,MAGIC_2019_20260919T232156Z.pdf,data_external/source_evidence/MAGIC_2019_20260919T232156Z.pdf,data_processed/magic_pass_membership_history.csv,official ski destination,dated announcement / season,2019,,destination membership event,UNKNOWN; preserve citation and original URL,Public source document; automated retrieval respects robots.txt; distributor retained explicitly where not publisher-hosted,Page-numbered text extraction and manually reviewed event transcription,Destination/operator scope may differ from Bergfex listing scope; seasonal membership does not establish daily operation or identical summer access,high for source authenticity; event/entity confidence stored per row,reviewed,
MAGIC_2019_APRIL,membership_event_evidence,Official April 2019 release with explicit 2019/2020 partner roster,Magic Mountains Cooperation,Official April 2019 release with explicit 2019/2020 partner roster,https://www.magicpass.ch/media/document/0/mp-cp-24avril-2019-fr-25.pdf,https://www.magicpass.ch/media/document/0/mp-cp-24avril-2019-fr-25.pdf,,,,,HTTP GET with immutable response and SHA-256 sidecar,2026-09-20T17:32:53.161428+00:00,MAGIC_2019_APRIL_20260920T173253Z.pdf,data_external/source_evidence/MAGIC_2019_APRIL_20260920T173253Z.pdf,data_processed/magic_pass_membership_status_by_season.csv|reports/membership_continuity_audit.csv,official ski destination,dated announcement / season,2019/2020,2019/2020,destination membership event,UNKNOWN; preserve citation and original URL,Public source document; automated retrieval respects robots.txt; distributor retained explicitly where not publisher-hosted,Page-numbered visual/text review recorded in metadata/magic_pass_roster_evidence.json; positive seasonal evidence only,Destination/operator scope may differ from Bergfex listing scope; seasonal membership does not establish daily operation or identical summer access,high for source authenticity; event/entity confidence stored per row,reviewed; pages 2,
MAGIC_2020,membership_event_evidence,Official seasonal press evidence; membership extraction requires page verification,Magic Mountains Cooperation,Official Magic Pass press material,https://www.magicpass.ch/fr/presse,https://www.magicpass.ch/media/document/0/magic_pass_20-21_communique_lancement-1.pdf,,,,,HTTP GET with immutable response and SHA-256 sidecar,2026-09-19T23:23:50.233825+00:00,MAGIC_2020_20260919T232350Z.pdf,data_external/source_evidence/MAGIC_2020_20260919T232350Z.pdf,data_processed/magic_pass_membership_history.csv,official ski destination,dated announcement / season,2020/2021,2020/2021,destination membership event,UNKNOWN; preserve citation and original URL,Public source document; automated retrieval respects robots.txt; distributor retained explicitly where not publisher-hosted,Page-numbered text extraction and manually reviewed event transcription,Destination/operator scope may differ from Bergfex listing scope; seasonal membership does not establish daily operation or identical summer access,high for source authenticity; event/entity confidence stored per row,reviewed; pages 3,
MAGIC_2021,membership_event_evidence,Official seasonal press evidence; membership extraction requires page verification,Magic Mountains Cooperation,Official Magic Pass press material,https://www.magicpass.ch/fr/presse,https://www.magicpass.ch/media/document/0/210316_magicpass-dossier-de-presse-final.pdf,,,,,attempted HTTP GET; see collection log,,,,data_processed/magic_pass_membership_history.csv,official ski destination,dated announcement / season,2021,,destination membership event,UNKNOWN; preserve citation and original URL,Public source document; automated retrieval respects robots.txt; distributor retained explicitly where not publisher-hosted,Page-numbered text extraction and manually reviewed event transcription,Destination/operator scope may differ from Bergfex listing scope; seasonal membership does not establish daily operation or identical summer access,official URL verified; local retrieval pending,pending or page-level,Not used as extracted evidence because download did not complete
MAGIC_2021_APRIL,membership_event_evidence,Official April 2021 follow-up release for the 2021/2022 pass,Magic Mountains Cooperation,Official Magic Pass press material,https://www.magicpass.ch/fr/presse,https://www.magicpass.ch/media/document/0/210412_magicpass_communiquedepresse.pdf,,,,,HTTP GET with immutable response and SHA-256 sidecar,2026-09-20T01:15:19.337900+00:00,MAGIC_2021_APRIL_20260920T011519Z.pdf,data_external/source_evidence/MAGIC_2021_APRIL_20260920T011519Z.pdf,data_processed/magic_pass_membership_history.csv,official ski destination,dated announcement / season,2021/2022,2021/2022,destination membership event,UNKNOWN; preserve citation and original URL,Public source document; automated retrieval respects robots.txt; distributor retained explicitly where not publisher-hosted,Page-numbered text extraction and manually reviewed event transcription,Destination/operator scope may differ from Bergfex listing scope; seasonal membership does not establish daily operation or identical summer access,high for source authenticity; event/entity confidence stored per row,reviewed; pages 1,
MAGIC_2022,membership_event_evidence,Official seasonal press evidence; membership extraction requires page verification,Magic Mountains Cooperation,Official Magic Pass press material,https://www.magicpass.ch/fr/presse,https://www.magicpass.ch/media/document/0/magicpass-commpresse-fr-15mar22.pdf,,,,,HTTP GET with immutable response and SHA-256 sidecar,2026-09-19T23:22:27.695130+00:00,MAGIC_2022_20260919T232227Z.pdf,data_external/source_evidence/MAGIC_2022_20260919T232227Z.pdf,data_processed/magic_pass_membership_history.csv,official ski destination,dated announcement / season,2022,,destination membership event,UNKNOWN; preserve citation and original URL,Public source document; automated retrieval respects robots.txt; distributor retained explicitly where not publisher-hosted,Page-numbered text extraction and manually reviewed event transcription,Destination/operator scope may differ from Bergfex listing scope; seasonal membership does not establish daily operation or identical summer access,high for source authenticity; event/entity confidence stored per row,reviewed,
MAGIC_2022_DOSSIER,membership_event_evidence,Official full press dossier for the 2022/2023 pass,Magic Mountains Cooperation,Official Magic Pass press material,https://www.magicpass.ch/fr/presse,https://www.magicpass.ch/media/document/0/magicpass-dossierpresse-2022-fr-1.pdf,,,,,HTTP GET with immutable response and SHA-256 sidecar,2026-09-20T01:16:51.624040+00:00,MAGIC_2022_DOSSIER_20260920T011651Z.pdf,data_external/source_evidence/MAGIC_2022_DOSSIER_20260920T011651Z.pdf,data_processed/magic_pass_membership_history.csv,official ski destination,dated announcement / season,2022/2023,2022/2023,destination membership event,UNKNOWN; preserve citation and original URL,Public source document; automated retrieval respects robots.txt; distributor retained explicitly where not publisher-hosted,Page-numbered text extraction and manually reviewed event transcription,Destination/operator scope may differ from Bergfex listing scope; seasonal membership does not establish daily operation or identical summer access,high for source authenticity; event/entity confidence stored per row,reviewed; pages 6,
MAGIC_2023,membership_event_evidence,Official seasonal press evidence; membership extraction requires page verification,Magic Mountains Cooperation,Official Magic Pass press material,https://www.magicpass.ch/fr/presse,https://www.magicpass.ch/media/document/0/mp-cp-23-dossier-presse-no-embargo-fr-avec-compression.pdf,,,,,HTTP GET with immutable response and SHA-256 sidecar,2026-09-19T23:22:38.145606+00:00,MAGIC_2023_20260919T232238Z.pdf,data_external/source_evidence/MAGIC_2023_20260919T232238Z.pdf,data_processed/magic_pass_membership_history.csv,official ski destination,dated announcement / season,2023/2024,2023/2024,destination membership event,UNKNOWN; preserve citation and original URL,Public source document; automated retrieval respects robots.txt; distributor retained explicitly where not publisher-hosted,Page-numbered text extraction and manually reviewed event transcription,Destination/operator scope may differ from Bergfex listing scope; seasonal membership does not establish daily operation or identical summer access,high for source authenticity; event/entity confidence stored per row,reviewed; pages 5,
MAGIC_2024,membership_event_evidence,Official seasonal press evidence; membership extraction requires page verification,Magic Mountains Cooperation,Official Magic Pass press material,https://www.magicpass.ch/fr/presse,https://www.magicpass.ch/media/document/0/mp-cp-24-dossier-presse-fr-1-2.pdf,,,,,HTTP GET with immutable response and SHA-256 sidecar,2026-09-19T23:24:11.201676+00:00,MAGIC_2024_20260919T232411Z.pdf,data_external/source_evidence/MAGIC_2024_20260919T232411Z.pdf,data_processed/magic_pass_membership_history.csv,official ski destination,dated announcement / season,2024,,destination membership event,UNKNOWN; preserve citation and original URL,Public source document; automated retrieval respects robots.txt; distributor retained explicitly where not publisher-hosted,Page-numbered text extraction and manually reviewed event transcription,Destination/operator scope may differ from Bergfex listing scope; seasonal membership does not establish daily operation or identical summer access,high for source authenticity; event/entity confidence stored per row,reviewed,
MAGIC_2024_MAP,membership_event_evidence,Magic Pass branded seasonal map explicitly valid 2024-05-01 to 2025-04-30; partner-hosted original document,Magic Mountains Cooperation; map distributed by Raiffeisen,Magic Pass branded seasonal map explicitly valid 2024-05-01 to 2025-04-30; partner-hosted original document,https://www.raiffeisen.ch/content/dam/www/rch/pdf/produkte/mitglieder/de/magic-pass-de.pdf,https://www.raiffeisen.ch/content/dam/www/rch/pdf/produkte/mitglieder/de/magic-pass-de.pdf,,,,,HTTP GET with immutable response and SHA-256 sidecar,2026-09-20T17:33:03.755072+00:00,MAGIC_2024_MAP_20260920T173303Z.pdf,data_external/source_evidence/MAGIC_2024_MAP_20260920T173303Z.pdf,data_processed/magic_pass_membership_status_by_season.csv|reports/membership_continuity_audit.csv,official ski destination,dated announcement / season,2024/2025,2024/2025,destination membership event,UNKNOWN; preserve citation and original URL,Public source document; automated retrieval respects robots.txt; distributor retained explicitly where not publisher-hosted,Page-numbered visual/text review recorded in metadata/magic_pass_roster_evidence.json; positive seasonal evidence only,Magic Pass branded dated map distributed by Raiffeisen; not publisher-hosted; visible symbols and printed validity reviewed; absence not evidence of non-membership,high for source authenticity; event/entity confidence stored per row,reviewed; pages 1,
MAGIC_2025,membership_event_evidence,Official seasonal press evidence; membership extraction requires page verification,Magic Mountains Cooperation,Official Magic Pass press material,https://www.magicpass.ch/fr/presse,https://www.magicpass.ch/media/document/0/dossier-de-presse-2025-ch-fr-avec-compression.pdf,,,,,HTTP GET with immutable response and SHA-256 sidecar,2026-09-19T23:22:58.692358+00:00,MAGIC_2025_20260919T232258Z.pdf,data_external/source_evidence/MAGIC_2025_20260919T232258Z.pdf,data_processed/magic_pass_membership_history.csv,official ski destination,dated announcement / season,2025/2026,2025/2026,destination membership event,UNKNOWN; preserve citation and original URL,Public source document; automated retrieval respects robots.txt; distributor retained explicitly where not publisher-hosted,Page-numbered text extraction and manually reviewed event transcription,Destination/operator scope may differ from Bergfex listing scope; seasonal membership does not establish daily operation or identical summer access,high for source authenticity; event/entity confidence stored per row,reviewed; pages 5,
MAGIC_2026,membership_event_evidence,Official seasonal press evidence; membership extraction requires page verification,Magic Mountains Cooperation,Official Magic Pass press material,https://www.magicpass.ch/fr/presse,https://www.magicpass.ch/media/document/0/magicpass-2026-dossier-de-presse-chfr-avec-compression.pdf,,,,,HTTP GET with immutable response and SHA-256 sidecar,2026-09-20T00:56:13.071390+00:00,MAGIC_2026_20260920T005613Z.pdf,data_external/source_evidence/MAGIC_2026_20260920T005613Z.pdf,data_processed/magic_pass_membership_history.csv,official ski destination,dated announcement / season,2026,,destination membership event,UNKNOWN; preserve citation and original URL,Public source document; automated retrieval respects robots.txt; distributor retained explicitly where not publisher-hosted,Page-numbered text extraction and manually reviewed event transcription,Destination/operator scope may differ from Bergfex listing scope; seasonal membership does not establish daily operation or identical summer access,high for source authenticity; event/entity confidence stored per row,pending or page-level,
MAGIC_CURRENT_MAP,current_magic_destination,Current destination list; not historical entry evidence,Magic Mountains Cooperation,Official current destination map,https://www.magicpass.ch/fr/stations/map,,,,,,HTTP GET with immutable response and SHA-256 sidecar,2026-09-19T23:17:26.501601+00:00,MAGIC_CURRENT_MAP_20260919T231726Z.html,data_external/source_evidence/MAGIC_CURRENT_MAP_20260919T231726Z.html,data_processed/magic_pass_current_destinations.csv,official ski destination,retrieval-date snapshot,,2026,destination membership event,UNKNOWN; preserve citation and original URL,Public source document; automated retrieval respects robots.txt; distributor retained explicitly where not publisher-hosted,Embedded official destination JSON extracted from cached HTML,Current snapshot is not historical evidence,high for source authenticity; event/entity confidence stored per row,pending or page-level,
MAGIC_FRIBOURG_2021_WINTER,membership_event_evidence,Official tourism release dated 2021-12-01 confirming the seven named Fribourg ski stations participate in Magic Pass for winter 2021/2022,Fribourg Region,Official tourism release dated 2021-12-01 confirming the seven named Fribourg ski stations participate in Magic Pass for winter 2021/2022,https://fribourg.ch/wp-content/uploads/2021/12/20211201_Fribourg-Region_hiver-2021-22_CP.pdf,https://fribourg.ch/wp-content/uploads/2021/12/20211201_Fribourg-Region_hiver-2021-22_CP.pdf,,,,,HTTP GET with immutable response and SHA-256 sidecar,2026-09-20T17:34:44.091464+00:00,MAGIC_FRIBOURG_2021_WINTER_20260920T173444Z.pdf,data_external/source_evidence/MAGIC_FRIBOURG_2021_WINTER_20260920T173444Z.pdf,data_processed/magic_pass_membership_status_by_season.csv|reports/membership_continuity_audit.csv,official ski destination,dated announcement / season,2021/2022,2021/2022,destination membership event,UNKNOWN; preserve citation and original URL,Public source document; automated retrieval respects robots.txt; distributor retained explicitly where not publisher-hosted,Page-numbered visual/text review recorded in metadata/magic_pass_roster_evidence.json; positive seasonal evidence only,Destination/operator scope may differ from Bergfex listing scope; seasonal membership does not establish daily operation or identical summer access,high for source authenticity; event/entity confidence stored per row,reviewed; pages 1,
MAGIC_OFFICIAL_EVIDENCE_SET,membership_event_history|seasonal_membership_evidence,"Union of dated Magic Pass documents, archive notices, operator tariffs and official tourism confirmation; seasonal map distributor recorded separately",Magic Mountains Cooperation; named ski operators and official tourism organisations,Documented Magic Pass event and seasonal evidence set,https://www.magicpass.ch/fr/presse,,,,,,Event sources in metadata/magic_pass_entry_evidence.json; seasonal source IDs and exact pages in metadata/magic_pass_roster_evidence.json,,,,data_processed/magic_pass_membership_history.csv|data_processed/magic_pass_membership_status_by_season.csv,official ski destination with candidate resort link,season/event,2017/2018,2025/2026,membership event,,,Manual event transcription; reviewed aliases and unique normalised labels create candidate links,Incomplete continuity/exit audit; unresolved destinations retained,mixed; stored per event,partial,Treatment-ready is false for every event at the current checkpoint
MAGIC_PLEIADES_2020_TARIFF,membership_event_evidence,Official operator winter 2020/2021 tariff explicitly confirming Magic Pass validity at Les Pleiades,Cooperative des Pleiades,Official operator winter 2020/2021 tariff explicitly confirming Magic Pass validity at Les Pleiades,https://lespleiades.ch/documents/CP21_tarifs_MP_20-21.pdf,https://lespleiades.ch/documents/CP21_tarifs_MP_20-21.pdf,,,,,HTTP GET with immutable response and SHA-256 sidecar,2026-09-20T17:33:05.072337+00:00,MAGIC_PLEIADES_2020_TARIFF_20260920T173305Z.pdf,data_external/source_evidence/MAGIC_PLEIADES_2020_TARIFF_20260920T173305Z.pdf,data_processed/magic_pass_membership_status_by_season.csv|reports/membership_continuity_audit.csv,official ski destination,dated announcement / season,2020/2021,2020/2021,destination membership event,UNKNOWN; preserve citation and original URL,Public source document; automated retrieval respects robots.txt; distributor retained explicitly where not publisher-hosted,Page-numbered visual/text review recorded in metadata/magic_pass_roster_evidence.json; positive seasonal evidence only,Destination/operator scope may differ from Bergfex listing scope; seasonal membership does not establish daily operation or identical summer access,high for source authenticity; event/entity confidence stored per row,reviewed; pages 1,
MAGIC_PLEIADES_2021_TARIFF,membership_event_evidence,Official operator winter 2021/2022 tariff explicitly confirming Magic Pass validity at Les Pleiades,Cooperative des Pleiades,Official operator winter 2021/2022 tariff explicitly confirming Magic Pass validity at Les Pleiades,https://lespleiades.ch/documents/CP22_tarifs_MP_21-22.pdf,https://lespleiades.ch/documents/CP22_tarifs_MP_21-22.pdf,,,,,HTTP GET with immutable response and SHA-256 sidecar,2026-09-20T17:34:33.826817+00:00,MAGIC_PLEIADES_2021_TARIFF_20260920T173433Z.pdf,data_external/source_evidence/MAGIC_PLEIADES_2021_TARIFF_20260920T173433Z.pdf,data_processed/magic_pass_membership_status_by_season.csv|reports/membership_continuity_audit.csv,official ski destination,dated announcement / season,2021/2022,2021/2022,destination membership event,UNKNOWN; preserve citation and original URL,Public source document; automated retrieval respects robots.txt; distributor retained explicitly where not publisher-hosted,Page-numbered visual/text review recorded in metadata/magic_pass_roster_evidence.json; positive seasonal evidence only,Destination/operator scope may differ from Bergfex listing scope; seasonal membership does not establish daily operation or identical summer access,high for source authenticity; event/entity confidence stored per row,reviewed; pages 1,
MAGIC_PRESS_ARCHIVE,membership_event_evidence,Official dated membership announcements and exit notices,Magic Mountains Cooperation,Official Magic Pass press material,https://www.magicpass.ch/fr/presse,,,,,,HTTP GET with immutable response and SHA-256 sidecar,2026-09-19T23:17:15.917509+00:00,MAGIC_PRESS_ARCHIVE_20260919T231715Z.html,data_external/source_evidence/MAGIC_PRESS_ARCHIVE_20260919T231715Z.html,data_processed/magic_pass_membership_history.csv,official ski destination,dated announcement / season,2017,2026,destination membership event,UNKNOWN; preserve citation and original URL,Public source document; automated retrieval respects robots.txt; distributor retained explicitly where not publisher-hosted,Page-numbered text extraction and manually reviewed event transcription,Destination/operator scope may differ from Bergfex listing scope; seasonal membership does not establish daily operation or identical summer access,high for source authenticity; event/entity confidence stored per row,pending or page-level,
MEIRINGEN_HASLIBERG_MAGIC_OFFICIAL,destination_scope_evidence,Official operator evidence for Magic Pass membership from 1 May 2025,Bergbahnen Meiringen-Hasliberg AG,Official destination or municipal scope page,https://en.meiringen-hasliberg.ch/Infos/magic-pass,https://en.meiringen-hasliberg.ch/Infos/magic-pass,,,,,HTTP GET with immutable response and SHA-256 sidecar,2026-09-20T00:55:52.206162+00:00,MEIRINGEN_HASLIBERG_MAGIC_OFFICIAL_20260920T005552Z.html,data_external/source_evidence/MEIRINGEN_HASLIBERG_MAGIC_OFFICIAL_20260920T005552Z.html,data_processed/treatment_destination_units.csv,official destination or municipality,retrieval-date scope snapshot,,2026,scope evidence,UNKNOWN; preserve citation and original URL,Public official website; automated retrieval respects robots.txt,Manually reviewed scope statement encoded in config/treatment_destination_review.json,Current scope evidence does not by itself establish historical tourism exposure,high for stated scope; analytical mapping remains explicitly qualified,reviewed,
MEIRINGEN_HASLIBERG_SCOPE_OFFICIAL,destination_scope_evidence,Official operator evidence for lift access in both Hasliberg and Meiringen,Bergbahnen Meiringen-Hasliberg AG,Official destination or municipal scope page,https://en.meiringen-hasliberg.ch/Infos/anreise,https://en.meiringen-hasliberg.ch/Infos/anreise,,,,,HTTP GET with immutable response and SHA-256 sidecar,2026-09-20T00:55:50.713606+00:00,MEIRINGEN_HASLIBERG_SCOPE_OFFICIAL_20260920T005550Z.html,data_external/source_evidence/MEIRINGEN_HASLIBERG_SCOPE_OFFICIAL_20260920T005550Z.html,data_processed/treatment_destination_units.csv,official destination or municipality,retrieval-date scope snapshot,,2026,scope evidence,UNKNOWN; preserve citation and original URL,Public official website; automated retrieval respects robots.txt,Manually reviewed scope statement encoded in config/treatment_destination_review.json,Current scope evidence does not by itself establish historical tourism exposure,high for stated scope; analytical mapping remains explicitly qualified,reviewed,
METEOSWISS_SMN_COLLECTION,collection_metadata|asset_templates|licence_links,Official FSDI STAC collection metadata and asset links for SwissMetNet,Federal Office of Meteorology and Climatology MeteoSwiss,SwissMetNet FSDI STAC collection metadata,https://opendatadocs.meteoswiss.ch/a-data-groundbased/a1-automatic-weather-stations,https://data.geo.admin.ch/api/stac/v1/collections/ch.meteoschweiz.ogd-smn,,,,,HTTP GET with immutable response and SHA-256 sidecar,2026-09-20T09:14:30.310962+00:00,METEOSWISS_SMN_COLLECTION_20260920T091430Z.json,data_external/source_evidence/METEOSWISS_SMN_COLLECTION_20260920T091430Z.json,reports/07_WEATHER_PROXY.md,collection metadata,retrieval snapshot,,2026,metadata,Swiss Open Government Data terms; source acknowledgement required,Public static files and FSDI STAC API,"Cached and used for parameter definitions, station eligibility, coordinates, and exact official asset discovery",Official metadata snapshot; source catalogue can be updated after retrieval,high for official metadata,"schema, parameter units, station coordinates/elevation, inventory dates, and asset structure checked",
METEOSWISS_SMN_DAILY_SELECTED,tre200d0|tre200dn|tre200dx|rre150d0,Official daily mean/minimum/maximum air temperature and 06:00-to-06:00 UTC precipitation for seven selected SwissMetNet stations,Federal Office of Meteorology and Climatology MeteoSwiss,SwissMetNet selected daily historical and recent station files,https://opendatadocs.meteoswiss.ch/a-data-groundbased/a1-automatic-weather-stations,https://data.geo.admin.ch/ch.meteoschweiz.ogd-smn/,,,,,HTTP GET of seven historical and seven recent static CSV files; immutable responses and SHA-256 sidecars,2026-09-20T09:19:30.969388+00:00,METEOSWISS_SMN_DAILY_ABO_HISTORICAL_20260920T091727Z.csv,data_external/source_evidence/METEOSWISS_SMN_DAILY_*.csv,data_processed/meteoswiss_station_month.csv|data_processed/resort_weather_station_crosswalk.csv|data_processed/destination_weather_month.csv|data_processed/destination_month_panel.csv,SwissMetNet point station used as regional resort proxy,daily source; monthly analytical aggregation,2013-01-01 analysis window,2026-03-31 analysis window,degrees Celsius; millimetres,Swiss Open Government Data terms; source acknowledgement required,Public static station files,Exact historical/recent concatenation; monthly aggregation; 80% coverage gate; station-specific 2013-2025 calendar-month normals; nearest eligible-station crosswalk; no imputation,Two station-months fail precipitation coverage and remain missing; precipitation uses 06:00 UTC to 06:00 UTC next day; regional stations do not directly represent pistes,high for official observations; mixed for local piste representativeness,"checksums, schema, duplicate dates, physical signs, temperature ordering, daily/monthly coverage, distance, and elevation gaps checked","Fourteen exact raw-file URLs, source IDs and suffixes are enumerated in config/meteoswiss_selected_station_files.json; the local_raw_file glob identifies the immutable cache files"
METEOSWISS_SMN_DOCUMENTATION,data_structure|access|licence|aggregation_guidance,"Official SwissMetNet data structure, access, parameter, station and licence documentation",Federal Office of Meteorology and Climatology MeteoSwiss,SwissMetNet Open Data documentation,https://opendatadocs.meteoswiss.ch/a-data-groundbased/a1-automatic-weather-stations,https://opendatadocs.meteoswiss.ch/a-data-groundbased/a1-automatic-weather-stations,,,,,HTTP GET with immutable response and SHA-256 sidecar,2026-09-20T09:14:28.151525+00:00,METEOSWISS_SMN_DOCUMENTATION_20260920T091428Z.html,data_external/source_evidence/METEOSWISS_SMN_DOCUMENTATION_20260920T091428Z.html,reports/07_WEATHER_PROXY.md,documentation,retrieval snapshot,,2026,metadata,Swiss Open Government Data terms; source acknowledgement required,Public static files and FSDI STAC API,"Cached and used for parameter definitions, station eligibility, coordinates, and exact official asset discovery",Official metadata snapshot; source catalogue can be updated after retrieval,high for official metadata,"schema, parameter units, station coordinates/elevation, inventory dates, and asset structure checked",
METEOSWISS_SMN_INVENTORY,station_abbr|parameter_shortname|data_since|data_till|owner,Official SwissMetNet station-parameter measurement start and end inventory,Federal Office of Meteorology and Climatology MeteoSwiss,SwissMetNet station-parameter inventory,https://opendatadocs.meteoswiss.ch/a-data-groundbased/a1-automatic-weather-stations,https://data.geo.admin.ch/ch.meteoschweiz.ogd-smn/ogd-smn_meta_datainventory.csv,,,,,HTTP GET with immutable response and SHA-256 sidecar,2026-09-20T09:14:34.206029+00:00,METEOSWISS_SMN_INVENTORY_20260920T091434Z.csv,data_external/source_evidence/METEOSWISS_SMN_INVENTORY_20260920T091434Z.csv,data_processed/resort_weather_station_crosswalk.csv,station-parameter inventory,retrieval snapshot,,2026,metadata,Swiss Open Government Data terms; source acknowledgement required,Public static files and FSDI STAC API,"Cached and used for parameter definitions, station eligibility, coordinates, and exact official asset discovery",Official metadata snapshot; source catalogue can be updated after retrieval,high for official metadata,"schema, parameter units, station coordinates/elevation, inventory dates, and asset structure checked",
METEOSWISS_SMN_ITEMS,station_items|daily_asset_links,Official SwissMetNet STAC station items and downloadable data assets,Federal Office of Meteorology and Climatology MeteoSwiss,SwissMetNet STAC station-item response,https://opendatadocs.meteoswiss.ch/a-data-groundbased/a1-automatic-weather-stations,https://data.geo.admin.ch/api/stac/v1/collections/ch.meteoschweiz.ogd-smn/items?limit=200,,,,,HTTP GET with immutable response and SHA-256 sidecar,2026-09-20T09:15:57.136217+00:00,METEOSWISS_SMN_ITEMS_20260920T091557Z.json,data_external/source_evidence/METEOSWISS_SMN_ITEMS_20260920T091557Z.json,reports/07_WEATHER_PROXY.md,station asset catalogue snapshot,retrieval snapshot,,2026,metadata,Swiss Open Government Data terms; source acknowledgement required,Public static files and FSDI STAC API,"Cached and used for parameter definitions, station eligibility, coordinates, and exact official asset discovery",The cached STAC item response is a discovery snapshot; exact selected asset URLs and checksums are recorded separately,high for official metadata,"schema, parameter units, station coordinates/elevation, inventory dates, and asset structure checked",
METEOSWISS_SMN_PARAMETERS,parameter_shortname|description|granularity|unit,"Official SwissMetNet parameter identifiers, definitions, aggregation intervals and units",Federal Office of Meteorology and Climatology MeteoSwiss,SwissMetNet parameter catalogue,https://opendatadocs.meteoswiss.ch/a-data-groundbased/a1-automatic-weather-stations,https://data.geo.admin.ch/ch.meteoschweiz.ogd-smn/ogd-smn_meta_parameters.csv,,,,,HTTP GET with immutable response and SHA-256 sidecar,2026-09-20T09:14:31.705550+00:00,METEOSWISS_SMN_PARAMETERS_20260920T091431Z.csv,data_external/source_evidence/METEOSWISS_SMN_PARAMETERS_20260920T091431Z.csv,data_processed/meteoswiss_station_month.csv,parameter metadata,retrieval snapshot,,2026,metadata,Swiss Open Government Data terms; source acknowledgement required,Public static files and FSDI STAC API,"Cached and used for parameter definitions, station eligibility, coordinates, and exact official asset discovery",Official metadata snapshot; source catalogue can be updated after retrieval,high for official metadata,"schema, parameter units, station coordinates/elevation, inventory dates, and asset structure checked",
METEOSWISS_SMN_STATIONS,station_abbr|station_name|coordinates|elevation|station_type,"Official SwissMetNet station identifiers, coordinates, elevations and metadata",Federal Office of Meteorology and Climatology MeteoSwiss,SwissMetNet station catalogue,https://opendatadocs.meteoswiss.ch/a-data-groundbased/a1-automatic-weather-stations,https://data.geo.admin.ch/ch.meteoschweiz.ogd-smn/ogd-smn_meta_stations.csv,,,,,HTTP GET with immutable response and SHA-256 sidecar,2026-09-20T09:14:32.959152+00:00,METEOSWISS_SMN_STATIONS_20260920T091432Z.csv,data_external/source_evidence/METEOSWISS_SMN_STATIONS_20260920T091432Z.csv,data_processed/resort_weather_station_crosswalk.csv,point station,retrieval snapshot,,2026,metadata,Swiss Open Government Data terms; source acknowledgement required,Public static files and FSDI STAC API,"Cached and used for parameter definitions, station eligibility, coordinates, and exact official asset discovery",Official metadata snapshot; source catalogue can be updated after retrieval,high for official metadata,"schema, parameter units, station coordinates/elevation, inventory dates, and asset structure checked",
REICHENBACH_SCOPE_OFFICIAL,destination_scope_evidence,Official municipal evidence that Faltschen and Kiental are localities in Reichenbach im Kandertal,Gemeinde Reichenbach im Kandertal,Official destination or municipal scope page,https://www.reichenbach.ch/de/gemeinde/reichenbach/zahlen-und-fakten/,https://www.reichenbach.ch/de/gemeinde/reichenbach/zahlen-und-fakten/,,,,,HTTP GET with immutable response and SHA-256 sidecar,2026-09-20T00:55:36.148672+00:00,REICHENBACH_SCOPE_OFFICIAL_20260920T005536Z.html,data_external/source_evidence/REICHENBACH_SCOPE_OFFICIAL_20260920T005536Z.html,data_processed/treatment_destination_units.csv,official destination or municipality,retrieval-date scope snapshot,,2026,scope evidence,UNKNOWN; preserve citation and original URL,Public official website; automated retrieval respects robots.txt,Manually reviewed scope statement encoded in config/treatment_destination_review.json,Current scope evidence does not by itself establish historical tourism exposure,high for stated scope; analytical mapping remains explicitly qualified,reviewed,
SAINTE_CROIX_SCOPE_OFFICIAL,destination_scope_evidence,Official operator page for the Sainte-Croix / Les Rasses ski domain,Ski Lift Les Rasses SA,Official destination or municipal scope page,https://www.ski-vaud.ch/,https://www.ski-vaud.ch/,,,,,HTTP GET with immutable response and SHA-256 sidecar,2026-09-20T00:55:39.094372+00:00,SAINTE_CROIX_SCOPE_OFFICIAL_20260920T005539Z.html,data_external/source_evidence/SAINTE_CROIX_SCOPE_OFFICIAL_20260920T005539Z.html,data_processed/treatment_destination_units.csv,official destination or municipality,retrieval-date scope snapshot,,2026,scope evidence,UNKNOWN; preserve citation and original URL,Public official website; automated retrieval respects robots.txt,Manually reviewed scope statement encoded in config/treatment_destination_review.json,Current scope evidence does not by itself establish historical tourism exposure,high for stated scope; analytical mapping remains explicitly qualified,reviewed,
SLF_DATA_SERVICE,licence|attribution|data_quality_conditions,"Official scope, access, licence, attribution, and quality conditions for SLF snow data",WSL Institute for Snow and Avalanche Research SLF,SLF data service terms and access documentation,https://www.slf.ch/en/services-and-products/slf-data-service/,https://www.slf.ch/en/services-and-products/slf-data-service/,,,,,HTTP GET with immutable response and SHA-256 sidecar,2026-09-20T08:55:53.205098+00:00,SLF_DATA_SERVICE_20260920T085553Z.html,data_external/source_evidence/SLF_DATA_SERVICE_20260920T085553Z.html,reports/06_SNOW_SOURCE_AND_PROXY.md,documentation,retrieval snapshot,,2026,metadata,CC BY 4.0,Public static archive; cite SLF and DOI 10.16904/envidat.406 when IMIS data are used scientifically,Cached and used for documentation or exact station metadata,CC BY 4.0; SLF attribution and DOI are required; some source data are raw and not regularly corrected,high for official documentation,"schema, terms, units, station types, temporal coverage, missingness, and physical signs checked",
SLF_IMIS_DAILY_INDEX,station_file_inventory,Official directory of station-level daily snow CSV files,WSL Institute for Snow and Avalanche Research SLF,SLF station-level daily snow file directory,https://www.slf.ch/en/services-and-products/slf-data-service/,https://measurement-data.slf.ch/imis/data/daily_snow_values/daily_snow_by_station/,,,,,HTTP GET with immutable response and SHA-256 sidecar,2026-09-20T08:55:57.098632+00:00,SLF_IMIS_DAILY_INDEX_20260920T085557Z.html,data_external/source_evidence/SLF_IMIS_DAILY_INDEX_20260920T085557Z.html,reports/06_SNOW_SOURCE_AND_PROXY.md,file inventory,retrieval snapshot,,2026,metadata,CC BY 4.0,Public static archive; cite SLF and DOI 10.16904/envidat.406 when IMIS data are used scientifically,Cached and used for documentation or exact station metadata,Directory snapshot supports file-level audit; consolidated file is used for processing,high for official documentation,"schema, terms, units, station types, temporal coverage, missingness, and physical signs checked",
SLF_IMIS_DAILY_SNOW,snow_depth_cm|modeled_new_snow_cm,Official historical daily IMIS snow-depth and modelled new-snow observations,WSL Institute for Snow and Avalanche Research SLF,SLF IMIS historical daily snow values,https://www.slf.ch/en/services-and-products/slf-data-service/,https://measurement-data.slf.ch/imis/data/daily_snow_values/daily_snow.csv,,,,,HTTP GET with immutable response and SHA-256 sidecar,2026-09-20T08:57:32.484947+00:00,SLF_IMIS_DAILY_SNOW_20260920T085732Z.csv,data_external/source_evidence/SLF_IMIS_DAILY_SNOW_20260920T085732Z.csv,data_processed/slf_snow_station_month.csv|data_processed/slf_snow_station_winter.csv|data_processed/resort_snow_vulnerability.csv|data_processed/destination_snow_month.csv,mountain weather station,daily,1992-10-01,2026-09-13,centimetres,CC BY 4.0,Public static archive; cite SLF and DOI 10.16904/envidat.406 when IMIS data are used scientifically,Physical nonnegative validation; monthly and November-April aggregation; 80% coverage gates; nearest eligible-station proxy with distance/elevation diagnostics,Negative snow depths are physically invalid and remain raw but missing in derived values; no imputation; station proxies are not direct piste measurements,high for source authenticity; mixed for resort-slope representativeness,"schema, terms, units, station types, temporal coverage, missingness, and physical signs checked",
SLF_IMIS_README,HS_definition|HN_1D_definition|units|aggregation_time,Official documentation for the historical SLF measurement-data archive,WSL Institute for Snow and Avalanche Research SLF,SLF historical measurement-data documentation,https://www.slf.ch/en/services-and-products/slf-data-service/,https://measurement-data.slf.ch/README.md,,,,,HTTP GET with immutable response and SHA-256 sidecar,2026-09-20T08:55:54.645354+00:00,SLF_IMIS_README_20260920T085554Z.md,data_external/source_evidence/SLF_IMIS_README_20260920T085554Z.md,data_processed/slf_snow_station_month.csv|data_processed/slf_snow_station_winter.csv,station measurement documentation,archive documentation snapshot,,2026,metadata,CC BY 4.0,Public static archive; cite SLF and DOI 10.16904/envidat.406 when IMIS data are used scientifically,Cached and used for documentation or exact station metadata,Daily HS is the 24-hour median at 06:00 UTC; HN_1D is modelled by SNOWPACK,high for official documentation,"schema, terms, units, station types, temporal coverage, missingness, and physical signs checked",
SLF_IMIS_STATIONS,station_code|label|longitude|latitude|elevation|station_type|active,Official IMIS station catalogue with location and elevation metadata,WSL Institute for Snow and Avalanche Research SLF,SLF IMIS station catalogue,https://www.slf.ch/en/services-and-products/slf-data-service/,https://measurement-data.slf.ch/imis/stations.csv,,,,,HTTP GET with immutable response and SHA-256 sidecar,2026-09-20T08:55:55.917544+00:00,SLF_IMIS_STATIONS_20260920T085555Z.csv,data_external/source_evidence/SLF_IMIS_STATIONS_20260920T085555Z.csv,data_processed/resort_snow_station_crosswalk.csv,point station,station metadata snapshot,,2026,metadata,CC BY 4.0,Public static archive; cite SLF and DOI 10.16904/envidat.406 when IMIS data are used scientifically,Cached and used for documentation or exact station metadata,Station locations are avalanche-monitoring sites and not ski-slope observations,high for source authenticity; mixed for resort-slope representativeness,"schema, terms, units, station types, temporal coverage, missingness, and physical signs checked",
VILLARS_GRYON_SCOPE_OFFICIAL,destination_scope_evidence,"Official operator evidence that Villars, Gryon and Les Diablerets form one connected ski domain",Télé-Villars-Gryon-Diablerets SA,Official destination or municipal scope page,https://www.tvgd.ch/ski/,https://www.tvgd.ch/ski/,,,,,HTTP GET with immutable response and SHA-256 sidecar,2026-09-20T00:55:37.624544+00:00,VILLARS_GRYON_SCOPE_OFFICIAL_20260920T005537Z.html,data_external/source_evidence/VILLARS_GRYON_SCOPE_OFFICIAL_20260920T005537Z.html,data_processed/treatment_destination_units.csv,official destination or municipality,retrieval-date scope snapshot,,2026,scope evidence,UNKNOWN; preserve citation and original URL,Public official website; automated retrieval respects robots.txt,Manually reviewed scope statement encoded in config/treatment_destination_review.json,Current scope evidence does not by itself establish historical tourism exposure,high for stated scope; analytical mapping remains explicitly qualified,reviewed,
