variable,table,description,unit,data_type,geographic_level,temporal_level,source_id,raw_or_derived,formula,causal_role,missing_share,notes
altitude_max_m,bergfex_stations_ski_suisse_par_region,Source field; definition requires verification,UNKNOWN,numeric,requires verification,UNKNOWN,LOCAL_4431c47c859d,existing thesis input,,unclassified,0.0,
lifts_open,bergfex_stations_ski_suisse_par_region,Source field; definition requires verification,UNKNOWN,numeric,requires verification,UNKNOWN,LOCAL_4431c47c859d,existing thesis input,,unclassified,0.007380073800738007,
lifts_total,bergfex_stations_ski_suisse_par_region,Source field; definition requires verification,UNKNOWN,numeric,requires verification,UNKNOWN,LOCAL_4431c47c859d,existing thesis input,,unclassified,0.007380073800738007,
pistes_km,bergfex_stations_ski_suisse_par_region,Source field; definition requires verification,UNKNOWN,numeric,requires verification,UNKNOWN,LOCAL_4431c47c859d,existing thesis input,,unclassified,0.04428044280442804,
price_chf,bergfex_stations_ski_suisse_par_region,Source field; definition requires verification,UNKNOWN,numeric,requires verification,UNKNOWN,LOCAL_4431c47c859d,existing thesis input,,unclassified,0.4132841328413284,
price_raw,bergfex_stations_ski_suisse_par_region,Source field; definition requires verification,UNKNOWN,string,requires verification,UNKNOWN,LOCAL_4431c47c859d,existing thesis input,,unclassified,0.0,
region,bergfex_stations_ski_suisse_par_region,Source field; definition requires verification,UNKNOWN,string,requires verification,UNKNOWN,LOCAL_4431c47c859d,existing thesis input,,unclassified,0.0,
region_bergfex,bergfex_stations_ski_suisse_par_region,Source field; definition requires verification,UNKNOWN,string,requires verification,UNKNOWN,LOCAL_4431c47c859d,existing thesis input,,unclassified,0.0,
snow,bergfex_stations_ski_suisse_par_region,Source field; definition requires verification,UNKNOWN,string,requires verification,UNKNOWN,LOCAL_4431c47c859d,existing thesis input,,unclassified,0.0,
station,bergfex_stations_ski_suisse_par_region,Source field; definition requires verification,UNKNOWN,string,requires verification,UNKNOWN,LOCAL_4431c47c859d,existing thesis input,,unclassified,0.0,
url_region,bergfex_stations_ski_suisse_par_region,Source field; definition requires verification,UNKNOWN,string,requires verification,UNKNOWN,LOCAL_4431c47c859d,existing thesis input,,unclassified,0.0,
url_station,bergfex_stations_ski_suisse_par_region,Source field; definition requires verification,UNKNOWN,string,requires verification,UNKNOWN,LOCAL_4431c47c859d,existing thesis input,,unclassified,0.0,
known_magic_exposure_from_resolved_links,control_contamination_audit,Whether any resort point in the municipality has a resolved historical or current Magic Pass link,boolean,boolean,municipality reached by resort point,historical plus current snapshot,DERIVED_MULTI_SOURCE,derived screen,any linked resort_id appears in a base-entry event or current official-map candidate link,control contamination,0.000000,False is only an upper-bound candidate because unresolved official labels remain
air_temperature_anomaly_c,destination_month_panel,Unweighted mean station-specific temperature anomaly across unique assigned stations,degrees Celsius,float,reviewed destination via station proxy,monthly,METEOSWISS_SMN_DAILY_SELECTED,derived,mean station-month anomaly relative to each station's 2013-2025 same-month analytical normal,time-varying regional weather proxy,0.056277,Not an official climate-normal anomaly
air_temperature_mean_c,destination_month_panel,Unweighted mean monthly temperature across unique assigned SwissMetNet proxy stations,degrees Celsius,float,reviewed destination via station proxy,monthly,METEOSWISS_SMN_DAILY_SELECTED,derived,mean station-month air_temperature_mean_c only when every assigned station month passes the 80% gate,time-varying regional weather proxy,0.056277,Not piste microclimate; missing months are not imputed
assumed_active_component_count,destination_month_panel,Diagnostic count of entered components carried forward until a documented exit,count,integer,reviewed destination,monthly,DERIVED_REVIEWED_DESTINATION_PANEL,derived,cumulative documented component entries with documented exit override,treatment intensity candidate,0.000000,Continuity is an unverified assumption
causal_ready,destination_month_panel,Whether the destination-month row passes all causal evidence gates,boolean,boolean,reviewed destination,monthly,DERIVED_REVIEWED_DESTINATION_PANEL,derived,always false at this checkpoint,quality gate,0.000000,"Continuity, confounding, spillovers, and controls remain unresolved"
complete_capacity_scope,destination_month_panel,Whether supply is observed for every municipality in the reviewed scope,boolean,boolean,reviewed destination,monthly,DERIVED_REVIEWED_DESTINATION_PANEL,derived,"establishments, rooms, and beds observed for all scoped municipalities",capacity quality,0.000000,False rows retain missing capacity aggregates
complete_outcome_scope,destination_month_panel,Whether all municipalities in the reviewed scope have an observed hotel-night value,boolean,boolean,reviewed destination,monthly,DERIVED_REVIEWED_DESTINATION_PANEL,derived,observed municipality count equals expected municipality count,outcome quality,0.000000,False rows retain a missing aggregate
complete_snow_proxy,destination_month_panel,Whether every assigned SLF station-month passes the daily observation coverage gate,boolean,boolean,reviewed destination via station proxy,monthly,DERIVED_REVIEWED_DESTINATION_PANEL,derived,all assigned station months have >=80% valid daily HS coverage,snow data quality,0.000000,False for future/unavailable months
complete_weather_proxy,destination_month_panel,Whether every assigned SwissMetNet station-month passes the four-parameter coverage gate,boolean,boolean,reviewed destination via station proxy,monthly,DERIVED_REVIEWED_DESTINATION_PANEL,derived,all assigned station months have >=80% coverage for mean/min/max temperature and precipitation,weather data quality,0.000000,False for unavailable future months and five in-window destination-months
destination_snow_proxy_quality,destination_month_panel,Worst resort-to-station comparability class among destination components,category,string,reviewed destination via station proxy,snapshot,DERIVED_MULTI_SOURCE,derived,worst of high/moderate/low component links,snow data quality,0.000000,"Comparability class, not accuracy"
destination_weather_proxy_quality,destination_month_panel,Worst horizontal-distance comparability class among destination components,category,string,reviewed destination via station proxy,snapshot,DERIVED_MULTI_SOURCE,derived,worst of high/moderate/low component links,weather data quality,0.000000,"Comparability class, not accuracy"
event_time_months,destination_month_panel,Months relative to the first analytical membership anchor,months,integer,reviewed destination,monthly,DERIVED_REVIEWED_DESTINATION_PANEL,derived,calendar month difference from first_analysis_anchor,event-time index,0.000000,Not sufficient for causal event-study identification
hotel_bed_occupancy_rate_pct,destination_month_panel,Official bed occupancy rate for single-municipality destination units,percent,float,reviewed destination,monthly,BFS_HOTEL_CAPACITY_DATA,cleaned source,retained only when destination scope has exactly one municipality,descriptive capacity utilisation,0.207792,Not aggregated for Meiringen-Hasliberg
hotel_beds_available,destination_month_panel,Additive available beds across the reviewed municipality outcome scope,beds,float,reviewed destination,monthly,BFS_HOTEL_CAPACITY_DATA,derived,"sum(municipality beds * 1.0), missing unless every scoped municipality is observed",time-varying supply confounder,0.114177,No imputation
hotel_establishments_open,destination_month_panel,Additive open establishments across the reviewed municipality outcome scope,establishments,float,reviewed destination,monthly,BFS_HOTEL_CAPACITY_DATA,derived,"sum(municipality establishments * 1.0), missing unless every scoped municipality is observed",time-varying supply confounder,0.114177,No imputation
hotel_overnights,destination_month_panel,Additive hotel overnight stays across the reviewed municipality outcome scope,overnight stays,float,reviewed destination,monthly,DERIVED_REVIEWED_DESTINATION_PANEL,derived,"sum(municipality hotel_overnights * 1.0), missing unless every scoped municipality is observed",outcome,0.144481,No imputation
hotel_overnights_per_available_bed_month,destination_month_panel,Monthly live-table overnight stays per summed available bed,overnight stays per bed-month,float,reviewed destination,monthly,DERIVED_REVIEWED_DESTINATION_PANEL,derived,summed live-table overnight stays / summed beds when beds > 0,descriptive capacity-adjusted demand,0.120671,Not the official occupancy rate
hotel_rooms_available,destination_month_panel,Additive available rooms across the reviewed municipality outcome scope,rooms,float,reviewed destination,monthly,BFS_HOTEL_CAPACITY_DATA,derived,"sum(municipality rooms * 1.0), missing unless every scoped municipality is observed",time-varying supply confounder,0.114177,No imputation
precipitation_total_mm_mean_across_stations,destination_month_panel,Unweighted mean monthly precipitation total across unique assigned SwissMetNet stations,millimetres,float,reviewed destination via station proxy,monthly,METEOSWISS_SMN_DAILY_SELECTED,derived,mean station-month precipitation_total_mm only when every assigned station month passes the 80% gate,time-varying regional weather proxy,0.056277,Not summed across stations; 06:00-to-06:00 UTC daily window
snow_depth_mean_cm,destination_month_panel,Unweighted mean monthly snow depth across unique assigned SLF proxy stations,centimetres,float,reviewed destination via station proxy,monthly,SLF_IMIS_DAILY_SNOW,derived,mean station-month snow_depth_mean_cm only when every assigned station month has >=80% daily coverage,time-varying snow proxy,0.062229,Not direct slope snow; missing months are not imputed
weather_causal_covariate_approved,destination_month_panel,Whether the regional weather proxy has passed all causal-use validation gates,boolean,boolean,reviewed destination via station proxy,monthly,DERIVED_REVIEWED_DESTINATION_PANEL,derived,always false at this checkpoint,quality gate,0.000000,Station choice and gridded-data sensitivity remain pending
complete_capacity_supply,hotel_capacity_municipality_month,"Whether establishments, rooms, and beds are all observed",boolean,boolean,municipality,monthly,BFS_HOTEL_CAPACITY_DATA,derived,all three supply values are numeric source observations,capacity quality,0.000000,False rows remain missing; no imputation
hotel_bed_occupancy_rate_pct,hotel_capacity_municipality_month,Official bed occupancy rate,percent,Float64,municipality,monthly,BFS_HOTEL_CAPACITY_DATA,cleaned source,Official published value parsed without adjustment,descriptive capacity utilisation,0.065732,59 source values exceed 100 and remain unchanged
hotel_beds_available,hotel_capacity_municipality_month,Beds in open hotel and health establishments,beds,Int64,municipality,monthly,BFS_HOTEL_CAPACITY_DATA,cleaned source,Parsed only when the literal source token is a nonnegative integer,time-varying supply confounder,0.063172,No imputation
hotel_establishments_open,hotel_capacity_municipality_month,Open hotel and health establishments,establishments,Int64,municipality,monthly,BFS_HOTEL_CAPACITY_DATA,cleaned source,Parsed only when the literal source token is a nonnegative integer,time-varying supply confounder,0.063172,Source '..' and '...' tokens remain missing
hotel_room_occupancy_rate_pct,hotel_capacity_municipality_month,Official room occupancy rate,percent,Float64,municipality,monthly,BFS_HOTEL_CAPACITY_DATA,cleaned source,Official published value parsed without adjustment,descriptive capacity utilisation,0.065732,Not an outcome denominator for multi-municipality aggregation
hotel_rooms_available,hotel_capacity_municipality_month,Rooms in open hotel and health establishments,rooms,Int64,municipality,monthly,BFS_HOTEL_CAPACITY_DATA,cleaned source,Parsed only when the literal source token is a nonnegative integer,time-varying supply confounder,0.063172,No imputation
domestic_overnights,hotel_municipality_month,Overnight stays by Swiss residents,overnight stays,Int64,municipality,monthly,BFS_HOTEL_DATA,cleaned source,Parsed only when source token is a nonnegative integer,secondary outcome,0.089382,Suppressed values remain missing
foreign_overnights,hotel_municipality_month,Total minus domestic overnight stays,overnight stays,Int64,municipality,monthly,BFS_HOTEL_DATA,derived,hotel_overnights - domestic_overnights,secondary outcome,0.089382,Missing when either component is unavailable
hotel_arrivals,hotel_municipality_month,Hotel arrivals in open establishments,persons,Int64,municipality,monthly,BFS_HOTEL_DATA,cleaned source,Parsed only when source token is a nonnegative integer,secondary outcome,0.089382,Suppressed values remain missing
hotel_overnights,hotel_municipality_month,Hotel overnight stays in open establishments,overnight stays,Int64,municipality,monthly,BFS_HOTEL_DATA,cleaned source,Parsed only when source token is a nonnegative integer,outcome,0.089382,Suppressed '...' values remain missing
log_overnights,hotel_municipality_month,Log-transformed hotel overnight stays,log points,float,municipality,monthly,BFS_HOTEL_DATA,derived,log(1 + hotel_overnights),outcome,0.089382,No imputation
hotel_overnights_per_available_bed_month,hotel_municipality_month_enriched,Monthly overnight stays per contemporaneous available bed,overnight stays per bed-month,float,municipality,monthly,BFS_HOTEL_CAPACITY_DATA,derived,live-table hotel_overnights_capacity_table / hotel_beds_available when beds > 0,descriptive capacity-adjusted demand,0.065732,Not the official occupancy rate
current_member_snapshot,magic_pass_current_destinations,Presence in cached official current map,boolean,boolean,official destination,retrieval snapshot,MAGIC_CURRENT_MAP,extracted source,embedded official JSON,current status evidence,0.000000,Not historical timing evidence
candidate_resort_id,magic_pass_membership_history,Candidate link from official destination to supplied resort listing,identifier,string,cross-source entity link,event,DERIVED_MULTI_SOURCE,derived,reviewed alias or unique normalised label,entity resolution,0.311828,Destination scope remains pending
entry_season,magic_pass_membership_history,Officially announced first membership season,season,string,official destination,season,MAGIC_OFFICIAL_EVIDENCE_SET,manual evidence extraction,source season label,treatment timing candidate,0.010753,Exact date remains UNKNOWN
event_type,magic_pass_membership_history,Type of documented Magic Pass membership-related event,category,string,official destination,event/season,MAGIC_OFFICIAL_EVIDENCE_SET,manual evidence extraction,reviewed official announcement,treatment evidence,0.000000,Base entry is separated from supplements and exits
treatment_ready,magic_pass_membership_history,Whether event passes all current causal-use gates,boolean,boolean,cross-source entity link,event,DERIVED_MULTI_SOURCE,derived,scope AND continuity AND exposure approved,quality gate,0.000000,Currently false for all events
documented_active,magic_pass_membership_status_by_season,Whether explicit official evidence documents active base membership in the season,boolean,boolean,reviewed destination,annual pass season,MAGIC_OFFICIAL_EVIDENCE_SET,derived evidence flag,"true only for entry, full-roster, named-continuation, or last-active exit evidence",treatment history quality,0.000000,False can mean unverified and must not be read as documented non-membership
membership_status,magic_pass_membership_status_by_season,Evidence status for a reviewed destination in each annual Magic Pass season,category,string,reviewed destination,annual pass season,MAGIC_OFFICIAL_EVIDENCE_SET,manual evidence audit,"documented active, unverified active continuity, not yet entered, or documented inactive after exit",treatment history,0.000000,Missing annual evidence is never silently filled
continuity_fully_documented,membership_continuity_audit,Whether every active season from first entry through exit or 2025/2026 has explicit evidence,boolean,boolean,reviewed destination,2017/2018-2025/2026,MAGIC_OFFICIAL_EVIDENCE_SET,derived audit,no unverified_active_continuity season in the required active window,quality gate,0.000000,"Does not resolve confounding, spillovers, or controls"
air_temperature_anomaly_c,meteoswiss_station_month,Monthly mean-temperature departure from the station's calendar-month 2013-2025 analytical normal,degrees Celsius,float,SwissMetNet station,monthly,METEOSWISS_SMN_DAILY_SELECTED,derived,air_temperature_mean_c - mean usable same-calendar-month temperature in 2013-2025,time-varying regional weather proxy,0.001797,Not an official MeteoSwiss climate normal
air_temperature_mean_c,meteoswiss_station_month,Mean of official daily mean 2 m air temperature within the month,degrees Celsius,float,SwissMetNet station,monthly,METEOSWISS_SMN_DAILY_SELECTED,derived,mean daily tre200d0,time-varying regional weather proxy,0.000000,No imputation; station is not a piste observation
month_weather_proxy_usable,meteoswiss_station_month,Whether mean/min/max temperature and precipitation each meet the monthly coverage gate,boolean,boolean,SwissMetNet station,monthly,METEOSWISS_SMN_DAILY_SELECTED,derived,all four observation coverage shares >= 0.80,weather data quality,0.000000,"Two of 1,113 station-months fail at this checkpoint"
precipitation_anomaly_mm,meteoswiss_station_month,Monthly precipitation departure from the station's calendar-month 2013-2025 analytical normal,millimetres,float,SwissMetNet station,monthly,METEOSWISS_SMN_DAILY_SELECTED,derived,precipitation_total_mm - mean usable same-calendar-month precipitation in 2013-2025,time-varying regional weather proxy,0.001797,Missing when the month fails the 80% coverage gate
precipitation_coverage_share,meteoswiss_station_month,Share of calendar days with a valid precipitation observation,share,float,SwissMetNet station,monthly,METEOSWISS_SMN_DAILY_SELECTED,derived,valid rre150d0 days / calendar days,weather data quality,0.000000,Month is usable at >=0.80 together with all temperature fields
precipitation_total_mm,meteoswiss_station_month,Sum of valid official daily precipitation totals within the month,millimetres,float,SwissMetNet station,monthly,METEOSWISS_SMN_DAILY_SELECTED,derived,sum daily rre150d0 with at least one valid value,time-varying regional weather proxy,0.000000,Daily observation window is 06:00 UTC to 06:00 UTC next day
component_count_change,municipality_treatment_events,Change in the number of local destination components covered by base membership,count,integer,reviewed destination,event month,DERIVED_MULTI_SOURCE,derived,+1 per documented component entry; reviewed exit removes active components,treatment intensity candidate,0.000000,Not an independent treated-unit count
effective_month,municipality_treatment_events,Monthly analytical date assigned to a documented entry or exit event,date,date,reviewed destination,event month,MAGIC_OFFICIAL_EVIDENCE_SET,derived,exact validity date/month where documented; otherwise explicit May analytical anchor,treatment timing candidate,0.000000,Precision is stored separately and causal-ready remains false
Afrique du Sud Arrivées,nuitée_commune_final,Source field; definition requires verification,UNKNOWN,string,municipality label,UNKNOWN,LOCAL_5c587073db3b,existing thesis input,,unclassified,0.0,
Afrique du Sud Nuitées,nuitée_commune_final,Source field; definition requires verification,UNKNOWN,string,municipality label,UNKNOWN,LOCAL_5c587073db3b,existing thesis input,,unclassified,0.0,
Allemagne Arrivées,nuitée_commune_final,Source field; definition requires verification,UNKNOWN,string,municipality label,UNKNOWN,LOCAL_5c587073db3b,existing thesis input,,unclassified,0.0,
Allemagne Nuitées,nuitée_commune_final,Source field; definition requires verification,UNKNOWN,string,municipality label,UNKNOWN,LOCAL_5c587073db3b,existing thesis input,,unclassified,0.0,
Année,nuitée_commune_final,Source field; definition requires verification,UNKNOWN,numeric,municipality label,UNKNOWN,LOCAL_5c587073db3b,existing thesis input,,unclassified,0.0,
Arabie saoudite Arrivées,nuitée_commune_final,Source field; definition requires verification,UNKNOWN,string,municipality label,UNKNOWN,LOCAL_5c587073db3b,existing thesis input,,unclassified,0.0,
Arabie saoudite Nuitées,nuitée_commune_final,Source field; definition requires verification,UNKNOWN,string,municipality label,UNKNOWN,LOCAL_5c587073db3b,existing thesis input,,unclassified,0.0,
Argentine Arrivées,nuitée_commune_final,Source field; definition requires verification,UNKNOWN,string,municipality label,UNKNOWN,LOCAL_5c587073db3b,existing thesis input,,unclassified,0.0,
Argentine Nuitées,nuitée_commune_final,Source field; definition requires verification,UNKNOWN,string,municipality label,UNKNOWN,LOCAL_5c587073db3b,existing thesis input,,unclassified,0.0,
Australie Arrivées,nuitée_commune_final,Source field; definition requires verification,UNKNOWN,string,municipality label,UNKNOWN,LOCAL_5c587073db3b,existing thesis input,,unclassified,0.0,
Australie Nuitées,nuitée_commune_final,Source field; definition requires verification,UNKNOWN,string,municipality label,UNKNOWN,LOCAL_5c587073db3b,existing thesis input,,unclassified,0.0,
Autres Afrique Arrivées,nuitée_commune_final,Source field; definition requires verification,UNKNOWN,string,municipality label,UNKNOWN,LOCAL_5c587073db3b,existing thesis input,,unclassified,0.0,
Autres Afrique Nuitées,nuitée_commune_final,Source field; definition requires verification,UNKNOWN,string,municipality label,UNKNOWN,LOCAL_5c587073db3b,existing thesis input,,unclassified,0.0,
Autres Afrique du Nord Arrivées,nuitée_commune_final,Source field; definition requires verification,UNKNOWN,string,municipality label,UNKNOWN,LOCAL_5c587073db3b,existing thesis input,,unclassified,0.0,
Autres Afrique du Nord Nuitées,nuitée_commune_final,Source field; definition requires verification,UNKNOWN,string,municipality label,UNKNOWN,LOCAL_5c587073db3b,existing thesis input,,unclassified,0.0,
"Autres Amérique centrale, Caraïbes Arrivées",nuitée_commune_final,Source field; definition requires verification,UNKNOWN,string,municipality label,UNKNOWN,LOCAL_5c587073db3b,existing thesis input,,unclassified,0.0,
"Autres Amérique centrale, Caraïbes Nuitées",nuitée_commune_final,Source field; definition requires verification,UNKNOWN,string,municipality label,UNKNOWN,LOCAL_5c587073db3b,existing thesis input,,unclassified,0.0,
Autres Amérique du Sud Arrivées,nuitée_commune_final,Source field; definition requires verification,UNKNOWN,string,municipality label,UNKNOWN,LOCAL_5c587073db3b,existing thesis input,,unclassified,0.0,
Autres Amérique du Sud Nuitées,nuitée_commune_final,Source field; definition requires verification,UNKNOWN,string,municipality label,UNKNOWN,LOCAL_5c587073db3b,existing thesis input,,unclassified,0.0,
Autres Asie de l'Est Arrivées,nuitée_commune_final,Source field; definition requires verification,UNKNOWN,string,municipality label,UNKNOWN,LOCAL_5c587073db3b,existing thesis input,,unclassified,0.0,
Autres Asie de l'Est Nuitées,nuitée_commune_final,Source field; definition requires verification,UNKNOWN,string,municipality label,UNKNOWN,LOCAL_5c587073db3b,existing thesis input,,unclassified,0.0,
Autres Asie de l'Ouest Arrivées,nuitée_commune_final,Source field; definition requires verification,UNKNOWN,string,municipality label,UNKNOWN,LOCAL_5c587073db3b,existing thesis input,,unclassified,0.0,
Autres Asie de l'Ouest Nuitées,nuitée_commune_final,Source field; definition requires verification,UNKNOWN,string,municipality label,UNKNOWN,LOCAL_5c587073db3b,existing thesis input,,unclassified,0.0,
Autres Europe Arrivées,nuitée_commune_final,Source field; definition requires verification,UNKNOWN,string,municipality label,UNKNOWN,LOCAL_5c587073db3b,existing thesis input,,unclassified,0.0,
Autres Europe Nuitées,nuitée_commune_final,Source field; definition requires verification,UNKNOWN,string,municipality label,UNKNOWN,LOCAL_5c587073db3b,existing thesis input,,unclassified,0.0,
Autriche Arrivées,nuitée_commune_final,Source field; definition requires verification,UNKNOWN,string,municipality label,UNKNOWN,LOCAL_5c587073db3b,existing thesis input,,unclassified,0.0,
Autriche Nuitées,nuitée_commune_final,Source field; definition requires verification,UNKNOWN,string,municipality label,UNKNOWN,LOCAL_5c587073db3b,existing thesis input,,unclassified,0.0,
Bahreïn Arrivées,nuitée_commune_final,Source field; definition requires verification,UNKNOWN,string,municipality label,UNKNOWN,LOCAL_5c587073db3b,existing thesis input,,unclassified,0.0,
Bahreïn Nuitées,nuitée_commune_final,Source field; definition requires verification,UNKNOWN,string,municipality label,UNKNOWN,LOCAL_5c587073db3b,existing thesis input,,unclassified,0.0,
Belgique Arrivées,nuitée_commune_final,Source field; definition requires verification,UNKNOWN,string,municipality label,UNKNOWN,LOCAL_5c587073db3b,existing thesis input,,unclassified,0.0,
Belgique Nuitées,nuitée_commune_final,Source field; definition requires verification,UNKNOWN,string,municipality label,UNKNOWN,LOCAL_5c587073db3b,existing thesis input,,unclassified,0.0,
Brésil Arrivées,nuitée_commune_final,Source field; definition requires verification,UNKNOWN,string,municipality label,UNKNOWN,LOCAL_5c587073db3b,existing thesis input,,unclassified,0.0,
Brésil Nuitées,nuitée_commune_final,Source field; definition requires verification,UNKNOWN,string,municipality label,UNKNOWN,LOCAL_5c587073db3b,existing thesis input,,unclassified,0.0,
Bulgarie Arrivées,nuitée_commune_final,Source field; definition requires verification,UNKNOWN,string,municipality label,UNKNOWN,LOCAL_5c587073db3b,existing thesis input,,unclassified,0.0,
Bulgarie Nuitées,nuitée_commune_final,Source field; definition requires verification,UNKNOWN,string,municipality label,UNKNOWN,LOCAL_5c587073db3b,existing thesis input,,unclassified,0.0,
Bélarus Arrivées,nuitée_commune_final,Source field; definition requires verification,UNKNOWN,string,municipality label,UNKNOWN,LOCAL_5c587073db3b,existing thesis input,,unclassified,0.0,
Bélarus Nuitées,nuitée_commune_final,Source field; definition requires verification,UNKNOWN,string,municipality label,UNKNOWN,LOCAL_5c587073db3b,existing thesis input,,unclassified,0.0,
Canada Arrivées,nuitée_commune_final,Source field; definition requires verification,UNKNOWN,string,municipality label,UNKNOWN,LOCAL_5c587073db3b,existing thesis input,,unclassified,0.0,
Canada Nuitées,nuitée_commune_final,Source field; definition requires verification,UNKNOWN,string,municipality label,UNKNOWN,LOCAL_5c587073db3b,existing thesis input,,unclassified,0.0,
Chili Arrivées,nuitée_commune_final,Source field; definition requires verification,UNKNOWN,string,municipality label,UNKNOWN,LOCAL_5c587073db3b,existing thesis input,,unclassified,0.0,
Chili Nuitées,nuitée_commune_final,Source field; definition requires verification,UNKNOWN,string,municipality label,UNKNOWN,LOCAL_5c587073db3b,existing thesis input,,unclassified,0.0,
Chine Arrivées,nuitée_commune_final,Source field; definition requires verification,UNKNOWN,string,municipality label,UNKNOWN,LOCAL_5c587073db3b,existing thesis input,,unclassified,0.0,
Chine Nuitées,nuitée_commune_final,Source field; definition requires verification,UNKNOWN,string,municipality label,UNKNOWN,LOCAL_5c587073db3b,existing thesis input,,unclassified,0.0,
Chypre Arrivées,nuitée_commune_final,Source field; definition requires verification,UNKNOWN,string,municipality label,UNKNOWN,LOCAL_5c587073db3b,existing thesis input,,unclassified,0.0,
Chypre Nuitées,nuitée_commune_final,Source field; definition requires verification,UNKNOWN,string,municipality label,UNKNOWN,LOCAL_5c587073db3b,existing thesis input,,unclassified,0.0,
Commune,nuitée_commune_final,Source field; definition requires verification,UNKNOWN,string,municipality label,UNKNOWN,LOCAL_5c587073db3b,existing thesis input,,unclassified,0.0,
Corée (Sud) Arrivées,nuitée_commune_final,Source field; definition requires verification,UNKNOWN,string,municipality label,UNKNOWN,LOCAL_5c587073db3b,existing thesis input,,unclassified,0.0,
Corée (Sud) Nuitées,nuitée_commune_final,Source field; definition requires verification,UNKNOWN,string,municipality label,UNKNOWN,LOCAL_5c587073db3b,existing thesis input,,unclassified,0.0,
Croatie Arrivées,nuitée_commune_final,Source field; definition requires verification,UNKNOWN,string,municipality label,UNKNOWN,LOCAL_5c587073db3b,existing thesis input,,unclassified,0.0,
Croatie Nuitées,nuitée_commune_final,Source field; definition requires verification,UNKNOWN,string,municipality label,UNKNOWN,LOCAL_5c587073db3b,existing thesis input,,unclassified,0.0,
Danemark Arrivées,nuitée_commune_final,Source field; definition requires verification,UNKNOWN,string,municipality label,UNKNOWN,LOCAL_5c587073db3b,existing thesis input,,unclassified,0.0,
Danemark Nuitées,nuitée_commune_final,Source field; definition requires verification,UNKNOWN,string,municipality label,UNKNOWN,LOCAL_5c587073db3b,existing thesis input,,unclassified,0.0,
Espagne Arrivées,nuitée_commune_final,Source field; definition requires verification,UNKNOWN,string,municipality label,UNKNOWN,LOCAL_5c587073db3b,existing thesis input,,unclassified,0.0,
Espagne Nuitées,nuitée_commune_final,Source field; definition requires verification,UNKNOWN,string,municipality label,UNKNOWN,LOCAL_5c587073db3b,existing thesis input,,unclassified,0.0,
Estonie Arrivées,nuitée_commune_final,Source field; definition requires verification,UNKNOWN,string,municipality label,UNKNOWN,LOCAL_5c587073db3b,existing thesis input,,unclassified,0.0,
Estonie Nuitées,nuitée_commune_final,Source field; definition requires verification,UNKNOWN,string,municipality label,UNKNOWN,LOCAL_5c587073db3b,existing thesis input,,unclassified,0.0,
Finlande Arrivées,nuitée_commune_final,Source field; definition requires verification,UNKNOWN,string,municipality label,UNKNOWN,LOCAL_5c587073db3b,existing thesis input,,unclassified,0.0,
Finlande Nuitées,nuitée_commune_final,Source field; definition requires verification,UNKNOWN,string,municipality label,UNKNOWN,LOCAL_5c587073db3b,existing thesis input,,unclassified,0.0,
France Arrivées,nuitée_commune_final,Source field; definition requires verification,UNKNOWN,string,municipality label,UNKNOWN,LOCAL_5c587073db3b,existing thesis input,,unclassified,0.0,
France Nuitées,nuitée_commune_final,Source field; definition requires verification,UNKNOWN,string,municipality label,UNKNOWN,LOCAL_5c587073db3b,existing thesis input,,unclassified,0.0,
Grèce Arrivées,nuitée_commune_final,Source field; definition requires verification,UNKNOWN,string,municipality label,UNKNOWN,LOCAL_5c587073db3b,existing thesis input,,unclassified,0.0,
Grèce Nuitées,nuitée_commune_final,Source field; definition requires verification,UNKNOWN,string,municipality label,UNKNOWN,LOCAL_5c587073db3b,existing thesis input,,unclassified,0.0,
Hong Kong Arrivées,nuitée_commune_final,Source field; definition requires verification,UNKNOWN,string,municipality label,UNKNOWN,LOCAL_5c587073db3b,existing thesis input,,unclassified,0.0,
Hong Kong Nuitées,nuitée_commune_final,Source field; definition requires verification,UNKNOWN,string,municipality label,UNKNOWN,LOCAL_5c587073db3b,existing thesis input,,unclassified,0.0,
Hongrie Arrivées,nuitée_commune_final,Source field; definition requires verification,UNKNOWN,string,municipality label,UNKNOWN,LOCAL_5c587073db3b,existing thesis input,,unclassified,0.0,
Hongrie Nuitées,nuitée_commune_final,Source field; definition requires verification,UNKNOWN,string,municipality label,UNKNOWN,LOCAL_5c587073db3b,existing thesis input,,unclassified,0.0,
Inde Arrivées,nuitée_commune_final,Source field; definition requires verification,UNKNOWN,string,municipality label,UNKNOWN,LOCAL_5c587073db3b,existing thesis input,,unclassified,0.0,
Inde Nuitées,nuitée_commune_final,Source field; definition requires verification,UNKNOWN,string,municipality label,UNKNOWN,LOCAL_5c587073db3b,existing thesis input,,unclassified,0.0,
Indonésie Arrivées,nuitée_commune_final,Source field; definition requires verification,UNKNOWN,string,municipality label,UNKNOWN,LOCAL_5c587073db3b,existing thesis input,,unclassified,0.0,
Indonésie Nuitées,nuitée_commune_final,Source field; definition requires verification,UNKNOWN,string,municipality label,UNKNOWN,LOCAL_5c587073db3b,existing thesis input,,unclassified,0.0,
Irlande Arrivées,nuitée_commune_final,Source field; definition requires verification,UNKNOWN,string,municipality label,UNKNOWN,LOCAL_5c587073db3b,existing thesis input,,unclassified,0.0,
Irlande Nuitées,nuitée_commune_final,Source field; definition requires verification,UNKNOWN,string,municipality label,UNKNOWN,LOCAL_5c587073db3b,existing thesis input,,unclassified,0.0,
Islande Arrivées,nuitée_commune_final,Source field; definition requires verification,UNKNOWN,string,municipality label,UNKNOWN,LOCAL_5c587073db3b,existing thesis input,,unclassified,0.0,
Islande Nuitées,nuitée_commune_final,Source field; definition requires verification,UNKNOWN,string,municipality label,UNKNOWN,LOCAL_5c587073db3b,existing thesis input,,unclassified,0.0,
Israël Arrivées,nuitée_commune_final,Source field; definition requires verification,UNKNOWN,string,municipality label,UNKNOWN,LOCAL_5c587073db3b,existing thesis input,,unclassified,0.0,
Israël Nuitées,nuitée_commune_final,Source field; definition requires verification,UNKNOWN,string,municipality label,UNKNOWN,LOCAL_5c587073db3b,existing thesis input,,unclassified,0.0,
Italie Arrivées,nuitée_commune_final,Source field; definition requires verification,UNKNOWN,string,municipality label,UNKNOWN,LOCAL_5c587073db3b,existing thesis input,,unclassified,0.0,
Italie Nuitées,nuitée_commune_final,Source field; definition requires verification,UNKNOWN,string,municipality label,UNKNOWN,LOCAL_5c587073db3b,existing thesis input,,unclassified,0.0,
Japon Arrivées,nuitée_commune_final,Source field; definition requires verification,UNKNOWN,string,municipality label,UNKNOWN,LOCAL_5c587073db3b,existing thesis input,,unclassified,0.0,
Japon Nuitées,nuitée_commune_final,Source field; definition requires verification,UNKNOWN,string,municipality label,UNKNOWN,LOCAL_5c587073db3b,existing thesis input,,unclassified,0.0,
Koweït Arrivées,nuitée_commune_final,Source field; definition requires verification,UNKNOWN,string,municipality label,UNKNOWN,LOCAL_5c587073db3b,existing thesis input,,unclassified,0.0,
Koweït Nuitées,nuitée_commune_final,Source field; definition requires verification,UNKNOWN,string,municipality label,UNKNOWN,LOCAL_5c587073db3b,existing thesis input,,unclassified,0.0,
Lettonie Arrivées,nuitée_commune_final,Source field; definition requires verification,UNKNOWN,string,municipality label,UNKNOWN,LOCAL_5c587073db3b,existing thesis input,,unclassified,0.0,
Lettonie Nuitées,nuitée_commune_final,Source field; definition requires verification,UNKNOWN,string,municipality label,UNKNOWN,LOCAL_5c587073db3b,existing thesis input,,unclassified,0.0,
Liechtenstein Arrivées,nuitée_commune_final,Source field; definition requires verification,UNKNOWN,string,municipality label,UNKNOWN,LOCAL_5c587073db3b,existing thesis input,,unclassified,0.0,
Liechtenstein Nuitées,nuitée_commune_final,Source field; definition requires verification,UNKNOWN,string,municipality label,UNKNOWN,LOCAL_5c587073db3b,existing thesis input,,unclassified,0.0,
Lituanie Arrivées,nuitée_commune_final,Source field; definition requires verification,UNKNOWN,string,municipality label,UNKNOWN,LOCAL_5c587073db3b,existing thesis input,,unclassified,0.0,
Lituanie Nuitées,nuitée_commune_final,Source field; definition requires verification,UNKNOWN,string,municipality label,UNKNOWN,LOCAL_5c587073db3b,existing thesis input,,unclassified,0.0,
Luxembourg Arrivées,nuitée_commune_final,Source field; definition requires verification,UNKNOWN,string,municipality label,UNKNOWN,LOCAL_5c587073db3b,existing thesis input,,unclassified,0.0,
Luxembourg Nuitées,nuitée_commune_final,Source field; definition requires verification,UNKNOWN,string,municipality label,UNKNOWN,LOCAL_5c587073db3b,existing thesis input,,unclassified,0.0,
Malaisie Arrivées,nuitée_commune_final,Source field; definition requires verification,UNKNOWN,string,municipality label,UNKNOWN,LOCAL_5c587073db3b,existing thesis input,,unclassified,0.0,
Malaisie Nuitées,nuitée_commune_final,Source field; definition requires verification,UNKNOWN,string,municipality label,UNKNOWN,LOCAL_5c587073db3b,existing thesis input,,unclassified,0.0,
Malte Arrivées,nuitée_commune_final,Source field; definition requires verification,UNKNOWN,string,municipality label,UNKNOWN,LOCAL_5c587073db3b,existing thesis input,,unclassified,0.0,
Malte Nuitées,nuitée_commune_final,Source field; definition requires verification,UNKNOWN,string,municipality label,UNKNOWN,LOCAL_5c587073db3b,existing thesis input,,unclassified,0.0,
Mexique Arrivées,nuitée_commune_final,Source field; definition requires verification,UNKNOWN,string,municipality label,UNKNOWN,LOCAL_5c587073db3b,existing thesis input,,unclassified,0.0,
Mexique Nuitées,nuitée_commune_final,Source field; definition requires verification,UNKNOWN,string,municipality label,UNKNOWN,LOCAL_5c587073db3b,existing thesis input,,unclassified,0.0,
Mois,nuitée_commune_final,Source field; definition requires verification,UNKNOWN,string,municipality label,UNKNOWN,LOCAL_5c587073db3b,existing thesis input,,unclassified,0.0,
Norvège Arrivées,nuitée_commune_final,Source field; definition requires verification,UNKNOWN,string,municipality label,UNKNOWN,LOCAL_5c587073db3b,existing thesis input,,unclassified,0.0,
Norvège Nuitées,nuitée_commune_final,Source field; definition requires verification,UNKNOWN,string,municipality label,UNKNOWN,LOCAL_5c587073db3b,existing thesis input,,unclassified,0.0,
"Nouvelle Zélande, Océanie Arrivées",nuitée_commune_final,Source field; definition requires verification,UNKNOWN,string,municipality label,UNKNOWN,LOCAL_5c587073db3b,existing thesis input,,unclassified,0.0,
"Nouvelle Zélande, Océanie Nuitées",nuitée_commune_final,Source field; definition requires verification,UNKNOWN,string,municipality label,UNKNOWN,LOCAL_5c587073db3b,existing thesis input,,unclassified,0.0,
Oman Arrivées,nuitée_commune_final,Source field; definition requires verification,UNKNOWN,string,municipality label,UNKNOWN,LOCAL_5c587073db3b,existing thesis input,,unclassified,0.0,
Oman Nuitées,nuitée_commune_final,Source field; definition requires verification,UNKNOWN,string,municipality label,UNKNOWN,LOCAL_5c587073db3b,existing thesis input,,unclassified,0.0,
Pays de provenance - total Arrivées,nuitée_commune_final,Source field; definition requires verification,UNKNOWN,string,municipality label,UNKNOWN,LOCAL_5c587073db3b,existing thesis input,,unclassified,0.0,
Pays de provenance - total Nuitées,nuitée_commune_final,Source field; definition requires verification,UNKNOWN,string,municipality label,UNKNOWN,LOCAL_5c587073db3b,existing thesis input,,unclassified,0.0,
Pays-Bas Arrivées,nuitée_commune_final,Source field; definition requires verification,UNKNOWN,string,municipality label,UNKNOWN,LOCAL_5c587073db3b,existing thesis input,,unclassified,0.0,
Pays-Bas Nuitées,nuitée_commune_final,Source field; definition requires verification,UNKNOWN,string,municipality label,UNKNOWN,LOCAL_5c587073db3b,existing thesis input,,unclassified,0.0,
Philippines Arrivées,nuitée_commune_final,Source field; definition requires verification,UNKNOWN,string,municipality label,UNKNOWN,LOCAL_5c587073db3b,existing thesis input,,unclassified,0.0,
Philippines Nuitées,nuitée_commune_final,Source field; definition requires verification,UNKNOWN,string,municipality label,UNKNOWN,LOCAL_5c587073db3b,existing thesis input,,unclassified,0.0,
Pologne Arrivées,nuitée_commune_final,Source field; definition requires verification,UNKNOWN,string,municipality label,UNKNOWN,LOCAL_5c587073db3b,existing thesis input,,unclassified,0.0,
Pologne Nuitées,nuitée_commune_final,Source field; definition requires verification,UNKNOWN,string,municipality label,UNKNOWN,LOCAL_5c587073db3b,existing thesis input,,unclassified,0.0,
Portugal Arrivées,nuitée_commune_final,Source field; definition requires verification,UNKNOWN,string,municipality label,UNKNOWN,LOCAL_5c587073db3b,existing thesis input,,unclassified,0.0,
Portugal Nuitées,nuitée_commune_final,Source field; definition requires verification,UNKNOWN,string,municipality label,UNKNOWN,LOCAL_5c587073db3b,existing thesis input,,unclassified,0.0,
Qatar Arrivées,nuitée_commune_final,Source field; definition requires verification,UNKNOWN,string,municipality label,UNKNOWN,LOCAL_5c587073db3b,existing thesis input,,unclassified,0.0,
Qatar Nuitées,nuitée_commune_final,Source field; definition requires verification,UNKNOWN,string,municipality label,UNKNOWN,LOCAL_5c587073db3b,existing thesis input,,unclassified,0.0,
Roumanie Arrivées,nuitée_commune_final,Source field; definition requires verification,UNKNOWN,string,municipality label,UNKNOWN,LOCAL_5c587073db3b,existing thesis input,,unclassified,0.0,
Roumanie Nuitées,nuitée_commune_final,Source field; definition requires verification,UNKNOWN,string,municipality label,UNKNOWN,LOCAL_5c587073db3b,existing thesis input,,unclassified,0.0,
Royaume-Uni Arrivées,nuitée_commune_final,Source field; definition requires verification,UNKNOWN,string,municipality label,UNKNOWN,LOCAL_5c587073db3b,existing thesis input,,unclassified,0.0,
Royaume-Uni Nuitées,nuitée_commune_final,Source field; definition requires verification,UNKNOWN,string,municipality label,UNKNOWN,LOCAL_5c587073db3b,existing thesis input,,unclassified,0.0,
Russie Arrivées,nuitée_commune_final,Source field; definition requires verification,UNKNOWN,string,municipality label,UNKNOWN,LOCAL_5c587073db3b,existing thesis input,,unclassified,0.0,
Russie Nuitées,nuitée_commune_final,Source field; definition requires verification,UNKNOWN,string,municipality label,UNKNOWN,LOCAL_5c587073db3b,existing thesis input,,unclassified,0.0,
Serbie Arrivées,nuitée_commune_final,Source field; definition requires verification,UNKNOWN,string,municipality label,UNKNOWN,LOCAL_5c587073db3b,existing thesis input,,unclassified,0.0,
Serbie Nuitées,nuitée_commune_final,Source field; definition requires verification,UNKNOWN,string,municipality label,UNKNOWN,LOCAL_5c587073db3b,existing thesis input,,unclassified,0.0,
Singapour Arrivées,nuitée_commune_final,Source field; definition requires verification,UNKNOWN,string,municipality label,UNKNOWN,LOCAL_5c587073db3b,existing thesis input,,unclassified,0.0,
Singapour Nuitées,nuitée_commune_final,Source field; definition requires verification,UNKNOWN,string,municipality label,UNKNOWN,LOCAL_5c587073db3b,existing thesis input,,unclassified,0.0,
Slovaquie Arrivées,nuitée_commune_final,Source field; definition requires verification,UNKNOWN,string,municipality label,UNKNOWN,LOCAL_5c587073db3b,existing thesis input,,unclassified,0.0,
Slovaquie Nuitées,nuitée_commune_final,Source field; definition requires verification,UNKNOWN,string,municipality label,UNKNOWN,LOCAL_5c587073db3b,existing thesis input,,unclassified,0.0,
Slovénie Arrivées,nuitée_commune_final,Source field; definition requires verification,UNKNOWN,string,municipality label,UNKNOWN,LOCAL_5c587073db3b,existing thesis input,,unclassified,0.0,
Slovénie Nuitées,nuitée_commune_final,Source field; definition requires verification,UNKNOWN,string,municipality label,UNKNOWN,LOCAL_5c587073db3b,existing thesis input,,unclassified,0.0,
Suisse Arrivées,nuitée_commune_final,Source field; definition requires verification,UNKNOWN,string,municipality label,UNKNOWN,LOCAL_5c587073db3b,existing thesis input,,unclassified,0.0,
Suisse Nuitées,nuitée_commune_final,Source field; definition requires verification,UNKNOWN,string,municipality label,UNKNOWN,LOCAL_5c587073db3b,existing thesis input,,unclassified,0.0,
Suède Arrivées,nuitée_commune_final,Source field; definition requires verification,UNKNOWN,string,municipality label,UNKNOWN,LOCAL_5c587073db3b,existing thesis input,,unclassified,0.0,
Suède Nuitées,nuitée_commune_final,Source field; definition requires verification,UNKNOWN,string,municipality label,UNKNOWN,LOCAL_5c587073db3b,existing thesis input,,unclassified,0.0,
Taïwan (Taipei chinois) Arrivées,nuitée_commune_final,Source field; definition requires verification,UNKNOWN,string,municipality label,UNKNOWN,LOCAL_5c587073db3b,existing thesis input,,unclassified,0.0,
Taïwan (Taipei chinois) Nuitées,nuitée_commune_final,Source field; definition requires verification,UNKNOWN,string,municipality label,UNKNOWN,LOCAL_5c587073db3b,existing thesis input,,unclassified,0.0,
Tchéquie Arrivées,nuitée_commune_final,Source field; definition requires verification,UNKNOWN,string,municipality label,UNKNOWN,LOCAL_5c587073db3b,existing thesis input,,unclassified,0.0,
Tchéquie Nuitées,nuitée_commune_final,Source field; definition requires verification,UNKNOWN,string,municipality label,UNKNOWN,LOCAL_5c587073db3b,existing thesis input,,unclassified,0.0,
Thaïlande Arrivées,nuitée_commune_final,Source field; definition requires verification,UNKNOWN,string,municipality label,UNKNOWN,LOCAL_5c587073db3b,existing thesis input,,unclassified,0.0,
Thaïlande Nuitées,nuitée_commune_final,Source field; definition requires verification,UNKNOWN,string,municipality label,UNKNOWN,LOCAL_5c587073db3b,existing thesis input,,unclassified,0.0,
Turquie Arrivées,nuitée_commune_final,Source field; definition requires verification,UNKNOWN,string,municipality label,UNKNOWN,LOCAL_5c587073db3b,existing thesis input,,unclassified,0.0,
Turquie Nuitées,nuitée_commune_final,Source field; definition requires verification,UNKNOWN,string,municipality label,UNKNOWN,LOCAL_5c587073db3b,existing thesis input,,unclassified,0.0,
Ukraine Arrivées,nuitée_commune_final,Source field; definition requires verification,UNKNOWN,string,municipality label,UNKNOWN,LOCAL_5c587073db3b,existing thesis input,,unclassified,0.0,
Ukraine Nuitées,nuitée_commune_final,Source field; definition requires verification,UNKNOWN,string,municipality label,UNKNOWN,LOCAL_5c587073db3b,existing thesis input,,unclassified,0.0,
Égypte Arrivées,nuitée_commune_final,Source field; definition requires verification,UNKNOWN,string,municipality label,UNKNOWN,LOCAL_5c587073db3b,existing thesis input,,unclassified,0.0,
Égypte Nuitées,nuitée_commune_final,Source field; definition requires verification,UNKNOWN,string,municipality label,UNKNOWN,LOCAL_5c587073db3b,existing thesis input,,unclassified,0.0,
Émirats arabes unis Arrivées,nuitée_commune_final,Source field; definition requires verification,UNKNOWN,string,municipality label,UNKNOWN,LOCAL_5c587073db3b,existing thesis input,,unclassified,0.0,
Émirats arabes unis Nuitées,nuitée_commune_final,Source field; definition requires verification,UNKNOWN,string,municipality label,UNKNOWN,LOCAL_5c587073db3b,existing thesis input,,unclassified,0.0,
États-Unis Arrivées,nuitée_commune_final,Source field; definition requires verification,UNKNOWN,string,municipality label,UNKNOWN,LOCAL_5c587073db3b,existing thesis input,,unclassified,0.0,
États-Unis Nuitées,nuitée_commune_final,Source field; definition requires verification,UNKNOWN,string,municipality label,UNKNOWN,LOCAL_5c587073db3b,existing thesis input,,unclassified,0.0,
certitude,position_gps_stations_ski,Source field; definition requires verification,UNKNOWN,string,requires verification,UNKNOWN,LOCAL_afb2b0d65a48,existing thesis input,,unclassified,0.0,
latitude,position_gps_stations_ski,Source field; definition requires verification,UNKNOWN,numeric,requires verification,UNKNOWN,LOCAL_afb2b0d65a48,existing thesis input,,unclassified,0.0,
longitude,position_gps_stations_ski,Source field; definition requires verification,UNKNOWN,numeric,requires verification,UNKNOWN,LOCAL_afb2b0d65a48,existing thesis input,,unclassified,0.0,
position_trouvee,position_gps_stations_ski,Source field; definition requires verification,UNKNOWN,string,requires verification,UNKNOWN,LOCAL_afb2b0d65a48,existing thesis input,,unclassified,0.0,
station,position_gps_stations_ski,Source field; definition requires verification,UNKNOWN,string,requires verification,UNKNOWN,LOCAL_afb2b0d65a48,existing thesis input,,unclassified,0.0,
data_quality_score,resort_data_quality,Evidence-completeness score across eight equally weighted components,0-100 score,float,resort listing,current checkpoint,DERIVED_MULTI_SOURCE,derived,"100 * mean(identity scope, lift assignment, geolocation, tourism exposure, hotel outcome, membership history, infrastructure completeness, snow/climate)",quality indicator,0.000000,"Not an opportunity, performance, or causal-effect score"
data_quality_warnings,resort_data_quality,Pipe-delimited unresolved evidence dimensions,labels,string,resort listing,current checkpoint,DERIVED_MULTI_SOURCE,derived,deterministic component-level warning rules,quality indicator,0.000000,Weak observations remain visible
altitude_top_m,resort_master,Published maximum resort altitude,metres,numeric,resort listing,snapshot,BERGFEX_RESORT_DIRECTORY,cleaned source,unique URL join,candidate pre-treatment feature,0.000000,Observation date unknown
cluster_id,resort_master,Existing lift-cluster assignment,identifier,string,lift cluster,snapshot,DERIVED_MULTI_SOURCE,existing identifier,preserved existing assignment,group identifier,0.000000,"Clustering was validated, not rebuilt"
number_lifts,resort_master,Published lift count,count,numeric,resort listing,snapshot,BERGFEX_RESORT_DIRECTORY,cleaned source,unique URL join,candidate pre-treatment feature,0.007380,May differ from preserved geospatial lift count
resort_id,resort_master,Stable ID retained from existing normalised listing table,identifier,string,resort listing,snapshot,DERIVED_MULTI_SOURCE,existing identifier,retained without fuzzy merging,identifier,0.000000,Does not yet prove independent resort-domain status
ski_area_km,resort_master,Published skiable piste length,kilometres,numeric,resort listing,snapshot,BERGFEX_RESORT_DIRECTORY,cleaned source,unique URL join,candidate pre-treatment feature,0.044280,Definition and observation date require review
causal_exposure_approved,resort_municipality_crosswalk,Whether point containment has been approved as a causal tourism exposure,boolean,boolean,resort listing,review snapshot,DERIVED_MULTI_SOURCE,derived,always false at this checkpoint,quality gate,0.000000,Point containment remains distinct from tourism exposure
reviewed_destination_unit_id,resort_municipality_crosswalk,Reviewed destination unit linked to a supplied resort listing where available,identifier,string,resort listing,review snapshot,DESTINATION_SCOPE_OFFICIAL_SET,derived,manual destination review keyed by resort_id,entity resolution,0.933579,Blank for listings outside the 18 candidate entry/outcome links
bfs_hotel_universe,resort_point_municipality,Whether point municipality occurs in live OFS hotel-table metadata,boolean,boolean,point/current municipality,metadata snapshot,BFS_HOTEL_METADATA,derived,point_municipality_bfs_id in BFS Gemeinde codes,coverage flag,0.000000,Does not establish resort exposure
point_municipality_bfs_id,resort_point_municipality,BFS ID of current municipality containing listing coordinate,identifier,Int64,point/current municipality,2026 boundary snapshot,GEOADMIN_MUNICIPALITY_IDENTIFY,derived spatial link,unique is_current_jahr point-identify result,geographic linkage,0.011070,Not a tourism exposure assignment
snow_proxy_quality,resort_snow_station_crosswalk,Rule-based spatial/elevation comparability class,category,string,resort-to-station link,snapshot,DERIVED_MULTI_SOURCE,derived,high if <=10 km and <=500 m gap; moderate if <=25 km and <=1000 m; otherwise low,snow data quality,0.000000,"Comparability class, not measurement accuracy"
snow_station_code,resort_snow_station_crosswalk,SLF station selected as an external mountain snow proxy,identifier,string,resort-to-station link,2013/14-2025/26 coverage gate,SLF_IMIS_STATIONS,derived linkage,geographically nearest snow station among stations with >=80% longitudinal winter coverage,snow linkage,0.000000,Never interpreted as direct slope representation
snow_station_distance_km,resort_snow_station_crosswalk,Great-circle distance from resort listing point to selected SLF station,kilometres,float,resort-to-station link,station metadata snapshot,SLF_IMIS_STATIONS,derived geospatial distance,haversine distance between supplied resort coordinate and station coordinate,snow proxy quality,0.000000,Does not capture terrain barriers or aspect
snow_station_elevation_gap_to_resort_top_m,resort_snow_station_crosswalk,Absolute elevation difference between the SLF station and published resort-top altitude,metres,float,resort-to-station link,snapshot,DERIVED_MULTI_SOURCE,derived,abs(station elevation - Bergfex resort top altitude),snow proxy quality,0.000000,Resort base/mid elevations are unavailable
snow_depth_trend_cm_per_year,resort_snow_vulnerability,Linear trend in proxy-station winter mean snow depth,centimetres per year,float,resort via SLF proxy station,2013/14-2025/26,SLF_IMIS_DAILY_SNOW,derived,OLS slope of winter mean HS on winter start year over usable seasons,snow trend proxy,0.000000,Short series; descriptive only; no uncertainty model yet
snow_reliability_share_days_ge_30cm,resort_snow_vulnerability,Share of valid November-April proxy-station days with snow depth >=30 cm,share,float,resort via SLF proxy station,2013/14-2025/26,SLF_IMIS_DAILY_SNOW,derived,sum station days HS>=30 / sum valid winter days across usable seasons,snow reliability proxy,0.000000,May be shared by multiple resorts mapped to one station
snow_vulnerability_proxy,resort_snow_vulnerability,Inverse of the proxy-station winter-day snow reliability share,0-1 proxy,float,resort via SLF proxy station,2013/14-2025/26,SLF_IMIS_DAILY_SNOW,derived,1 - snow_reliability_share_days_ge_30cm,strategic-need candidate,0.000000,Not a piste-level vulnerability measure and not yet approved for scoring
weather_proxy_quality,resort_weather_station_crosswalk,Rule-based horizontal-distance comparability class for regional weather anomalies,category,string,resort-to-station link,snapshot,DERIVED_MULTI_SOURCE,derived,high if <=10 km; moderate if <=20 km; otherwise low,weather data quality,0.000000,Elevation gap is retained separately; class is not measurement accuracy
weather_station_code,resort_weather_station_crosswalk,SwissMetNet station selected as a regional temperature/precipitation proxy,identifier,string,resort-to-station link,2013-2026 coverage window,METEOSWISS_SMN_STATIONS,derived linkage,nearest current station among official inventory candidates with all four daily parameters starting by 2013,weather linkage,0.000000,Never interpreted as direct slope representation
weather_station_distance_km,resort_weather_station_crosswalk,Great-circle distance from resort listing point to selected SwissMetNet station,kilometres,float,resort-to-station link,station metadata snapshot,METEOSWISS_SMN_STATIONS,derived geospatial distance,haversine distance between supplied resort coordinate and station coordinate,weather proxy quality,0.000000,Does not capture terrain barriers or local gradients
weather_station_elevation_gap_to_resort_top_m,resort_weather_station_crosswalk,Absolute elevation difference between SwissMetNet station and published resort-top altitude,metres,float,resort-to-station link,snapshot,DERIVED_MULTI_SOURCE,derived,abs(station elevation - Bergfex resort top altitude),weather proxy quality,0.000000,Regional anomalies are emphasised because gaps can be large
days_snow_depth_ge_30cm,slf_snow_station_month,Observed days with total snowpack depth at least 30 cm,days,integer,SLF IMIS station,monthly,SLF_IMIS_DAILY_SNOW,derived,count(valid HS >= 30 cm),snow reliability proxy,0.000000,Interpret with observation coverage
snow_depth_mean_cm,slf_snow_station_month,Mean of valid daily SLF total snowpack depth within the month,centimetres,float,SLF IMIS station,monthly,SLF_IMIS_DAILY_SNOW,derived,mean daily HS after negative values are marked invalid,time-varying snow proxy,0.247140,No imputation; station is not a piste observation
snow_depth_observation_coverage_share,slf_snow_station_month,Share of calendar days with a physically valid snow-depth observation,share,float,SLF IMIS station,monthly,SLF_IMIS_DAILY_SNOW,derived,valid HS days / calendar days,snow data quality,0.000000,Month is usable at >=0.80
winter_mean_snow_depth_cm,slf_snow_station_winter,Mean valid daily snowpack depth from November through April,centimetres,float,SLF IMIS station,winter season,SLF_IMIS_DAILY_SNOW,derived,mean daily HS over November-April,snow vulnerability feature,0.235403,Season is usable at >=0.80 observation coverage
assignment_info_flags,stations_ski_assignations_clusters_gps_bergfex,Source field; definition requires verification,UNKNOWN,string,requires verification,UNKNOWN,LOCAL_03b4345dbe87,existing thesis input,,unclassified,0.24723247232472326,
assignment_quality,stations_ski_assignations_clusters_gps_bergfex,Source field; definition requires verification,UNKNOWN,string,requires verification,UNKNOWN,LOCAL_03b4345dbe87,existing thesis input,,unclassified,0.0,
assignment_review_reasons,stations_ski_assignations_clusters_gps_bergfex,Source field; definition requires verification,UNKNOWN,string,requires verification,UNKNOWN,LOCAL_03b4345dbe87,existing thesis input,,unclassified,0.974169741697417,
assignment_uncertain,stations_ski_assignations_clusters_gps_bergfex,Source field; definition requires verification,UNKNOWN,string,requires verification,UNKNOWN,LOCAL_03b4345dbe87,existing thesis input,,unclassified,0.0,
assignment_uncertainty_reasons,stations_ski_assignations_clusters_gps_bergfex,Source field; definition requires verification,UNKNOWN,string,requires verification,UNKNOWN,LOCAL_03b4345dbe87,existing thesis input,,unclassified,0.948339483394834,
assignment_warning_reasons,stations_ski_assignations_clusters_gps_bergfex,Source field; definition requires verification,UNKNOWN,string,requires verification,UNKNOWN,LOCAL_03b4345dbe87,existing thesis input,,unclassified,0.955719557195572,
cluster_display_name,stations_ski_assignations_clusters_gps_bergfex,Source field; definition requires verification,UNKNOWN,string,requires verification,UNKNOWN,LOCAL_03b4345dbe87,existing thesis input,,unclassified,0.0,
cluster_id,stations_ski_assignations_clusters_gps_bergfex,Source field; definition requires verification,UNKNOWN,string,requires verification,UNKNOWN,LOCAL_03b4345dbe87,existing thesis input,,unclassified,0.0,
cluster_lift_count,stations_ski_assignations_clusters_gps_bergfex,Source field; definition requires verification,UNKNOWN,numeric,requires verification,UNKNOWN,LOCAL_03b4345dbe87,existing thesis input,,unclassified,0.0,
commune,stations_ski_assignations_clusters_gps_bergfex,Source field; definition requires verification,UNKNOWN,unknown,requires verification,UNKNOWN,LOCAL_03b4345dbe87,existing thesis input,,unclassified,1.0,
distance_m,stations_ski_assignations_clusters_gps_bergfex,Source field; definition requires verification,UNKNOWN,numeric,requires verification,UNKNOWN,LOCAL_03b4345dbe87,existing thesis input,,unclassified,0.0,
expected_lifts_total,stations_ski_assignations_clusters_gps_bergfex,Source field; definition requires verification,UNKNOWN,numeric,requires verification,UNKNOWN,LOCAL_03b4345dbe87,existing thesis input,,unclassified,0.007380073800738007,
geocode_status,stations_ski_assignations_clusters_gps_bergfex,Source field; definition requires verification,UNKNOWN,string,requires verification,UNKNOWN,LOCAL_03b4345dbe87,existing thesis input,,unclassified,0.0,
lat,stations_ski_assignations_clusters_gps_bergfex,Source field; definition requires verification,UNKNOWN,numeric,requires verification,UNKNOWN,LOCAL_03b4345dbe87,existing thesis input,,unclassified,0.0,
lon,stations_ski_assignations_clusters_gps_bergfex,Source field; definition requires verification,UNKNOWN,numeric,requires verification,UNKNOWN,LOCAL_03b4345dbe87,existing thesis input,,unclassified,0.0,
name_match_score,stations_ski_assignations_clusters_gps_bergfex,Source field; definition requires verification,UNKNOWN,numeric,requires verification,UNKNOWN,LOCAL_03b4345dbe87,existing thesis input,,unclassified,0.0,
needs_manual_check,stations_ski_assignations_clusters_gps_bergfex,Source field; definition requires verification,UNKNOWN,string,requires verification,UNKNOWN,LOCAL_03b4345dbe87,existing thesis input,,unclassified,0.0,
region,stations_ski_assignations_clusters_gps_bergfex,Source field; definition requires verification,UNKNOWN,string,requires verification,UNKNOWN,LOCAL_03b4345dbe87,existing thesis input,,unclassified,0.0,
region_bergfex,stations_ski_assignations_clusters_gps_bergfex,Source field; definition requires verification,UNKNOWN,string,requires verification,UNKNOWN,LOCAL_03b4345dbe87,existing thesis input,,unclassified,0.0,
second_cluster_id,stations_ski_assignations_clusters_gps_bergfex,Source field; definition requires verification,UNKNOWN,string,requires verification,UNKNOWN,LOCAL_03b4345dbe87,existing thesis input,,unclassified,0.0,
second_distance_m,stations_ski_assignations_clusters_gps_bergfex,Source field; definition requires verification,UNKNOWN,numeric,requires verification,UNKNOWN,LOCAL_03b4345dbe87,existing thesis input,,unclassified,0.0,
second_name_match_score,stations_ski_assignations_clusters_gps_bergfex,Source field; definition requires verification,UNKNOWN,numeric,requires verification,UNKNOWN,LOCAL_03b4345dbe87,existing thesis input,,unclassified,0.0,
ski_id,stations_ski_assignations_clusters_gps_bergfex,Source field; definition requires verification,UNKNOWN,string,requires verification,UNKNOWN,LOCAL_03b4345dbe87,existing thesis input,,unclassified,0.0,
ski_name,stations_ski_assignations_clusters_gps_bergfex,Source field; definition requires verification,UNKNOWN,string,requires verification,UNKNOWN,LOCAL_03b4345dbe87,existing thesis input,,unclassified,0.0,
url_station,stations_ski_assignations_clusters_gps_bergfex,Source field; definition requires verification,UNKNOWN,string,requires verification,UNKNOWN,LOCAL_03b4345dbe87,existing thesis input,,unclassified,0.0,
assignment_confident_count,stations_ski_clusters_calibration_seuils_gps_bergfex,Source field; definition requires verification,UNKNOWN,numeric,requires verification,UNKNOWN,LOCAL_14a174ea6a94,existing thesis input,,unclassified,0.0,
assignment_review_count,stations_ski_clusters_calibration_seuils_gps_bergfex,Source field; definition requires verification,UNKNOWN,numeric,requires verification,UNKNOWN,LOCAL_14a174ea6a94,existing thesis input,,unclassified,0.0,
assignment_warning_count,stations_ski_clusters_calibration_seuils_gps_bergfex,Source field; definition requires verification,UNKNOWN,numeric,requires verification,UNKNOWN,LOCAL_14a174ea6a94,existing thesis input,,unclassified,0.0,
cluster_confident_count,stations_ski_clusters_calibration_seuils_gps_bergfex,Source field; definition requires verification,UNKNOWN,numeric,requires verification,UNKNOWN,LOCAL_14a174ea6a94,existing thesis input,,unclassified,0.0,
cluster_count,stations_ski_clusters_calibration_seuils_gps_bergfex,Source field; definition requires verification,UNKNOWN,numeric,requires verification,UNKNOWN,LOCAL_14a174ea6a94,existing thesis input,,unclassified,0.0,
cluster_review_count,stations_ski_clusters_calibration_seuils_gps_bergfex,Source field; definition requires verification,UNKNOWN,numeric,requires verification,UNKNOWN,LOCAL_14a174ea6a94,existing thesis input,,unclassified,0.0,
cluster_warning_count,stations_ski_clusters_calibration_seuils_gps_bergfex,Source field; definition requires verification,UNKNOWN,numeric,requires verification,UNKNOWN,LOCAL_14a174ea6a94,existing thesis input,,unclassified,0.0,
many_name_cluster_count,stations_ski_clusters_calibration_seuils_gps_bergfex,Source field; definition requires verification,UNKNOWN,numeric,requires verification,UNKNOWN,LOCAL_14a174ea6a94,existing thesis input,,unclassified,0.0,
named_cluster_count,stations_ski_clusters_calibration_seuils_gps_bergfex,Source field; definition requires verification,UNKNOWN,numeric,requires verification,UNKNOWN,LOCAL_14a174ea6a94,existing thesis input,,unclassified,0.0,
score,stations_ski_clusters_calibration_seuils_gps_bergfex,Source field; definition requires verification,UNKNOWN,numeric,requires verification,UNKNOWN,LOCAL_14a174ea6a94,existing thesis input,,unclassified,0.0,
threshold_m,stations_ski_clusters_calibration_seuils_gps_bergfex,Source field; definition requires verification,UNKNOWN,numeric,requires verification,UNKNOWN,LOCAL_14a174ea6a94,existing thesis input,,unclassified,0.0,
unnamed_cluster_count,stations_ski_clusters_calibration_seuils_gps_bergfex,Source field; definition requires verification,UNKNOWN,numeric,requires verification,UNKNOWN,LOCAL_14a174ea6a94,existing thesis input,,unclassified,0.0,
assignment_quality,stations_ski_clusters_gps_bergfex,Source field; definition requires verification,UNKNOWN,string,requires verification,UNKNOWN,LOCAL_5f838870add4,existing thesis input,,unclassified,0.0,
assignment_review_count,stations_ski_clusters_gps_bergfex,Source field; definition requires verification,UNKNOWN,numeric,requires verification,UNKNOWN,LOCAL_5f838870add4,existing thesis input,,unclassified,0.0,
assignment_uncertain,stations_ski_clusters_gps_bergfex,Source field; definition requires verification,UNKNOWN,string,requires verification,UNKNOWN,LOCAL_5f838870add4,existing thesis input,,unclassified,0.0,
assignment_uncertain_count,stations_ski_clusters_gps_bergfex,Source field; definition requires verification,UNKNOWN,numeric,requires verification,UNKNOWN,LOCAL_5f838870add4,existing thesis input,,unclassified,0.0,
assignment_warning_count,stations_ski_clusters_gps_bergfex,Source field; definition requires verification,UNKNOWN,numeric,requires verification,UNKNOWN,LOCAL_5f838870add4,existing thesis input,,unclassified,0.0,
assignments,stations_ski_clusters_gps_bergfex,Source field; definition requires verification,UNKNOWN,string,requires verification,UNKNOWN,LOCAL_5f838870add4,existing thesis input,,unclassified,0.0,
bbox_diag_m,stations_ski_clusters_gps_bergfex,Source field; definition requires verification,UNKNOWN,numeric,requires verification,UNKNOWN,LOCAL_5f838870add4,existing thesis input,,unclassified,0.0,
centroid_lat,stations_ski_clusters_gps_bergfex,Source field; definition requires verification,UNKNOWN,numeric,requires verification,UNKNOWN,LOCAL_5f838870add4,existing thesis input,,unclassified,0.0,
centroid_lon,stations_ski_clusters_gps_bergfex,Source field; definition requires verification,UNKNOWN,numeric,requires verification,UNKNOWN,LOCAL_5f838870add4,existing thesis input,,unclassified,0.0,
cluster_distance_threshold_m,stations_ski_clusters_gps_bergfex,Source field; definition requires verification,UNKNOWN,numeric,requires verification,UNKNOWN,LOCAL_5f838870add4,existing thesis input,,unclassified,0.0,
cluster_id,stations_ski_clusters_gps_bergfex,Source field; definition requires verification,UNKNOWN,string,requires verification,UNKNOWN,LOCAL_5f838870add4,existing thesis input,,unclassified,0.0,
cluster_info_flags,stations_ski_clusters_gps_bergfex,Source field; definition requires verification,UNKNOWN,string,requires verification,UNKNOWN,LOCAL_5f838870add4,existing thesis input,,unclassified,0.0,
cluster_quality,stations_ski_clusters_gps_bergfex,Source field; definition requires verification,UNKNOWN,string,requires verification,UNKNOWN,LOCAL_5f838870add4,existing thesis input,,unclassified,0.0,
cluster_review_reasons,stations_ski_clusters_gps_bergfex,Source field; definition requires verification,UNKNOWN,string,requires verification,UNKNOWN,LOCAL_5f838870add4,existing thesis input,,unclassified,0.0,
cluster_uncertain,stations_ski_clusters_gps_bergfex,Source field; definition requires verification,UNKNOWN,string,requires verification,UNKNOWN,LOCAL_5f838870add4,existing thesis input,,unclassified,0.0,
cluster_uncertainty_reasons,stations_ski_clusters_gps_bergfex,Source field; definition requires verification,UNKNOWN,string,requires verification,UNKNOWN,LOCAL_5f838870add4,existing thesis input,,unclassified,0.0,
cluster_warning_reasons,stations_ski_clusters_gps_bergfex,Source field; definition requires verification,UNKNOWN,string,requires verification,UNKNOWN,LOCAL_5f838870add4,existing thesis input,,unclassified,0.0,
display_name,stations_ski_clusters_gps_bergfex,Source field; definition requires verification,UNKNOWN,string,requires verification,UNKNOWN,LOCAL_5f838870add4,existing thesis input,,unclassified,0.0,
expected_lifts_total,stations_ski_clusters_gps_bergfex,Source field; definition requires verification,UNKNOWN,numeric,requires verification,UNKNOWN,LOCAL_5f838870add4,existing thesis input,,unclassified,0.3347107438016529,
lift_count,stations_ski_clusters_gps_bergfex,Source field; definition requires verification,UNKNOWN,numeric,requires verification,UNKNOWN,LOCAL_5f838870add4,existing thesis input,,unclassified,0.0,
lift_fids,stations_ski_clusters_gps_bergfex,Source field; definition requires verification,UNKNOWN,string,requires verification,UNKNOWN,LOCAL_5f838870add4,existing thesis input,,unclassified,0.0,
lift_names_sample,stations_ski_clusters_gps_bergfex,Source field; definition requires verification,UNKNOWN,string,requires verification,UNKNOWN,LOCAL_5f838870add4,existing thesis input,,unclassified,0.0,
lift_types,stations_ski_clusters_gps_bergfex,Source field; definition requires verification,UNKNOWN,string,requires verification,UNKNOWN,LOCAL_5f838870add4,existing thesis input,,unclassified,0.0,
map_quality,stations_ski_clusters_gps_bergfex,Source field; definition requires verification,UNKNOWN,string,requires verification,UNKNOWN,LOCAL_5f838870add4,existing thesis input,,unclassified,0.0,
max_assignment_distance_m,stations_ski_clusters_gps_bergfex,Source field; definition requires verification,UNKNOWN,numeric,requires verification,UNKNOWN,LOCAL_5f838870add4,existing thesis input,,unclassified,0.3305785123966942,
naming_status,stations_ski_clusters_gps_bergfex,Source field; definition requires verification,UNKNOWN,string,requires verification,UNKNOWN,LOCAL_5f838870add4,existing thesis input,,unclassified,0.0,
nearest_cluster_id,stations_ski_clusters_gps_bergfex,Source field; definition requires verification,UNKNOWN,string,requires verification,UNKNOWN,LOCAL_5f838870add4,existing thesis input,,unclassified,0.256198347107438,
nearest_cluster_m,stations_ski_clusters_gps_bergfex,Source field; definition requires verification,UNKNOWN,numeric,requires verification,UNKNOWN,LOCAL_5f838870add4,existing thesis input,,unclassified,0.256198347107438,
quality_label,stations_ski_clusters_gps_bergfex,Source field; definition requires verification,UNKNOWN,string,requires verification,UNKNOWN,LOCAL_5f838870add4,existing thesis input,,unclassified,0.0,
station_count,stations_ski_clusters_gps_bergfex,Source field; definition requires verification,UNKNOWN,numeric,requires verification,UNKNOWN,LOCAL_5f838870add4,existing thesis input,,unclassified,0.0,
station_names,stations_ski_clusters_gps_bergfex,Source field; definition requires verification,UNKNOWN,string,requires verification,UNKNOWN,LOCAL_5f838870add4,existing thesis input,,unclassified,0.0,
assignment_quality,stations_ski_clusters_resume_gps_bergfex,Source field; definition requires verification,UNKNOWN,string,requires verification,UNKNOWN,LOCAL_f3dccaa5c1ef,existing thesis input,,unclassified,0.0,
assignment_review_count,stations_ski_clusters_resume_gps_bergfex,Source field; definition requires verification,UNKNOWN,numeric,requires verification,UNKNOWN,LOCAL_f3dccaa5c1ef,existing thesis input,,unclassified,0.0,
assignment_uncertain,stations_ski_clusters_resume_gps_bergfex,Source field; definition requires verification,UNKNOWN,string,requires verification,UNKNOWN,LOCAL_f3dccaa5c1ef,existing thesis input,,unclassified,0.0,
assignment_uncertain_count,stations_ski_clusters_resume_gps_bergfex,Source field; definition requires verification,UNKNOWN,numeric,requires verification,UNKNOWN,LOCAL_f3dccaa5c1ef,existing thesis input,,unclassified,0.0,
assignment_warning_count,stations_ski_clusters_resume_gps_bergfex,Source field; definition requires verification,UNKNOWN,numeric,requires verification,UNKNOWN,LOCAL_f3dccaa5c1ef,existing thesis input,,unclassified,0.0,
bbox_diag_m,stations_ski_clusters_resume_gps_bergfex,Source field; definition requires verification,UNKNOWN,numeric,requires verification,UNKNOWN,LOCAL_f3dccaa5c1ef,existing thesis input,,unclassified,0.0,
cluster_distance_threshold_m,stations_ski_clusters_resume_gps_bergfex,Source field; definition requires verification,UNKNOWN,numeric,requires verification,UNKNOWN,LOCAL_f3dccaa5c1ef,existing thesis input,,unclassified,0.0,
cluster_id,stations_ski_clusters_resume_gps_bergfex,Source field; definition requires verification,UNKNOWN,string,requires verification,UNKNOWN,LOCAL_f3dccaa5c1ef,existing thesis input,,unclassified,0.0,
cluster_info_flags,stations_ski_clusters_resume_gps_bergfex,Source field; definition requires verification,UNKNOWN,string,requires verification,UNKNOWN,LOCAL_f3dccaa5c1ef,existing thesis input,,unclassified,0.1115702479338843,
cluster_quality,stations_ski_clusters_resume_gps_bergfex,Source field; definition requires verification,UNKNOWN,string,requires verification,UNKNOWN,LOCAL_f3dccaa5c1ef,existing thesis input,,unclassified,0.0,
cluster_review_reasons,stations_ski_clusters_resume_gps_bergfex,Source field; definition requires verification,UNKNOWN,unknown,requires verification,UNKNOWN,LOCAL_f3dccaa5c1ef,existing thesis input,,unclassified,1.0,
cluster_uncertain,stations_ski_clusters_resume_gps_bergfex,Source field; definition requires verification,UNKNOWN,string,requires verification,UNKNOWN,LOCAL_f3dccaa5c1ef,existing thesis input,,unclassified,0.0,
cluster_uncertainty_reasons,stations_ski_clusters_resume_gps_bergfex,Source field; definition requires verification,UNKNOWN,string,requires verification,UNKNOWN,LOCAL_f3dccaa5c1ef,existing thesis input,,unclassified,0.8140495867768595,
cluster_warning_reasons,stations_ski_clusters_resume_gps_bergfex,Source field; definition requires verification,UNKNOWN,string,requires verification,UNKNOWN,LOCAL_f3dccaa5c1ef,existing thesis input,,unclassified,0.8140495867768595,
display_name,stations_ski_clusters_resume_gps_bergfex,Source field; definition requires verification,UNKNOWN,string,requires verification,UNKNOWN,LOCAL_f3dccaa5c1ef,existing thesis input,,unclassified,0.0,
expected_lifts_total,stations_ski_clusters_resume_gps_bergfex,Source field; definition requires verification,UNKNOWN,numeric,requires verification,UNKNOWN,LOCAL_f3dccaa5c1ef,existing thesis input,,unclassified,0.3347107438016529,
lift_count,stations_ski_clusters_resume_gps_bergfex,Source field; definition requires verification,UNKNOWN,numeric,requires verification,UNKNOWN,LOCAL_f3dccaa5c1ef,existing thesis input,,unclassified,0.0,
map_quality,stations_ski_clusters_resume_gps_bergfex,Source field; definition requires verification,UNKNOWN,string,requires verification,UNKNOWN,LOCAL_f3dccaa5c1ef,existing thesis input,,unclassified,0.0,
max_assignment_distance_m,stations_ski_clusters_resume_gps_bergfex,Source field; definition requires verification,UNKNOWN,numeric,requires verification,UNKNOWN,LOCAL_f3dccaa5c1ef,existing thesis input,,unclassified,0.3305785123966942,
naming_status,stations_ski_clusters_resume_gps_bergfex,Source field; definition requires verification,UNKNOWN,string,requires verification,UNKNOWN,LOCAL_f3dccaa5c1ef,existing thesis input,,unclassified,0.0,
nearest_cluster_id,stations_ski_clusters_resume_gps_bergfex,Source field; definition requires verification,UNKNOWN,string,requires verification,UNKNOWN,LOCAL_f3dccaa5c1ef,existing thesis input,,unclassified,0.256198347107438,
nearest_cluster_m,stations_ski_clusters_resume_gps_bergfex,Source field; definition requires verification,UNKNOWN,numeric,requires verification,UNKNOWN,LOCAL_f3dccaa5c1ef,existing thesis input,,unclassified,0.256198347107438,
station_count,stations_ski_clusters_resume_gps_bergfex,Source field; definition requires verification,UNKNOWN,numeric,requires verification,UNKNOWN,LOCAL_f3dccaa5c1ef,existing thesis input,,unclassified,0.0,
station_names,stations_ski_clusters_resume_gps_bergfex,Source field; definition requires verification,UNKNOWN,string,requires verification,UNKNOWN,LOCAL_f3dccaa5c1ef,existing thesis input,,unclassified,0.3305785123966942,
commune,stations_ski_gps_bergfex_normalise,Source field; definition requires verification,UNKNOWN,unknown,requires verification,UNKNOWN,LOCAL_8b04208d016e,existing thesis input,,unclassified,1.0,
coord_duplicate_count,stations_ski_gps_bergfex_normalise,Source field; definition requires verification,UNKNOWN,unknown,requires verification,UNKNOWN,LOCAL_8b04208d016e,existing thesis input,,unclassified,1.0,
coord_in_switzerland_bbox,stations_ski_gps_bergfex_normalise,Source field; definition requires verification,UNKNOWN,string,requires verification,UNKNOWN,LOCAL_8b04208d016e,existing thesis input,,unclassified,0.0,
corrigé_main,stations_ski_gps_bergfex_normalise,Source field; definition requires verification,UNKNOWN,unknown,requires verification,UNKNOWN,LOCAL_8b04208d016e,existing thesis input,,unclassified,1.0,
dupcoord_suspect,stations_ski_gps_bergfex_normalise,Source field; definition requires verification,UNKNOWN,string,requires verification,UNKNOWN,LOCAL_8b04208d016e,existing thesis input,,unclassified,0.0,
fuzzy_suspect,stations_ski_gps_bergfex_normalise,Source field; definition requires verification,UNKNOWN,string,requires verification,UNKNOWN,LOCAL_8b04208d016e,existing thesis input,,unclassified,0.0,
geo_detail,stations_ski_gps_bergfex_normalise,Source field; definition requires verification,UNKNOWN,string,requires verification,UNKNOWN,LOCAL_8b04208d016e,existing thesis input,,unclassified,0.0,
geo_label,stations_ski_gps_bergfex_normalise,Source field; definition requires verification,UNKNOWN,string,requires verification,UNKNOWN,LOCAL_8b04208d016e,existing thesis input,,unclassified,0.0,
geo_lang,stations_ski_gps_bergfex_normalise,Source field; definition requires verification,UNKNOWN,unknown,requires verification,UNKNOWN,LOCAL_8b04208d016e,existing thesis input,,unclassified,1.0,
geo_objectclass,stations_ski_gps_bergfex_normalise,Source field; definition requires verification,UNKNOWN,string,requires verification,UNKNOWN,LOCAL_8b04208d016e,existing thesis input,,unclassified,0.0,
geo_origin,stations_ski_gps_bergfex_normalise,Source field; definition requires verification,UNKNOWN,string,requires verification,UNKNOWN,LOCAL_8b04208d016e,existing thesis input,,unclassified,0.0,
geo_rank,stations_ski_gps_bergfex_normalise,Source field; definition requires verification,UNKNOWN,unknown,requires verification,UNKNOWN,LOCAL_8b04208d016e,existing thesis input,,unclassified,1.0,
geo_weight,stations_ski_gps_bergfex_normalise,Source field; definition requires verification,UNKNOWN,unknown,requires verification,UNKNOWN,LOCAL_8b04208d016e,existing thesis input,,unclassified,1.0,
geocode_query,stations_ski_gps_bergfex_normalise,Source field; definition requires verification,UNKNOWN,string,requires verification,UNKNOWN,LOCAL_8b04208d016e,existing thesis input,,unclassified,0.0,
geocode_query_ok,stations_ski_gps_bergfex_normalise,Source field; definition requires verification,UNKNOWN,string,requires verification,UNKNOWN,LOCAL_8b04208d016e,existing thesis input,,unclassified,0.0,
geocode_status,stations_ski_gps_bergfex_normalise,Source field; definition requires verification,UNKNOWN,string,requires verification,UNKNOWN,LOCAL_8b04208d016e,existing thesis input,,unclassified,0.0,
label_broad_suspect,stations_ski_gps_bergfex_normalise,Source field; definition requires verification,UNKNOWN,string,requires verification,UNKNOWN,LOCAL_8b04208d016e,existing thesis input,,unclassified,0.0,
lat,stations_ski_gps_bergfex_normalise,Source field; definition requires verification,UNKNOWN,numeric,requires verification,UNKNOWN,LOCAL_8b04208d016e,existing thesis input,,unclassified,0.0,
lon,stations_ski_gps_bergfex_normalise,Source field; definition requires verification,UNKNOWN,numeric,requires verification,UNKNOWN,LOCAL_8b04208d016e,existing thesis input,,unclassified,0.0,
needs_manual_check,stations_ski_gps_bergfex_normalise,Source field; definition requires verification,UNKNOWN,string,requires verification,UNKNOWN,LOCAL_8b04208d016e,existing thesis input,,unclassified,0.0,
origin_suspect,stations_ski_gps_bergfex_normalise,Source field; definition requires verification,UNKNOWN,string,requires verification,UNKNOWN,LOCAL_8b04208d016e,existing thesis input,,unclassified,0.0,
original_station_name,stations_ski_gps_bergfex_normalise,Source field; definition requires verification,UNKNOWN,string,requires verification,UNKNOWN,LOCAL_8b04208d016e,existing thesis input,,unclassified,0.0,
region,stations_ski_gps_bergfex_normalise,Source field; definition requires verification,UNKNOWN,string,requires verification,UNKNOWN,LOCAL_8b04208d016e,existing thesis input,,unclassified,0.0,
region_bergfex,stations_ski_gps_bergfex_normalise,Source field; definition requires verification,UNKNOWN,string,requires verification,UNKNOWN,LOCAL_8b04208d016e,existing thesis input,,unclassified,0.0,
reject_reason,stations_ski_gps_bergfex_normalise,Source field; definition requires verification,UNKNOWN,unknown,requires verification,UNKNOWN,LOCAL_8b04208d016e,existing thesis input,,unclassified,1.0,
score_v3,stations_ski_gps_bergfex_normalise,Source field; definition requires verification,UNKNOWN,unknown,requires verification,UNKNOWN,LOCAL_8b04208d016e,existing thesis input,,unclassified,1.0,
ski_id,stations_ski_gps_bergfex_normalise,Source field; definition requires verification,UNKNOWN,string,requires verification,UNKNOWN,LOCAL_8b04208d016e,existing thesis input,,unclassified,0.0,
ski_name,stations_ski_gps_bergfex_normalise,Source field; definition requires verification,UNKNOWN,string,requires verification,UNKNOWN,LOCAL_8b04208d016e,existing thesis input,,unclassified,0.0,
token_overlap,stations_ski_gps_bergfex_normalise,Source field; definition requires verification,UNKNOWN,unknown,requires verification,UNKNOWN,LOCAL_8b04208d016e,existing thesis input,,unclassified,1.0,
token_suspect,stations_ski_gps_bergfex_normalise,Source field; definition requires verification,UNKNOWN,string,requires verification,UNKNOWN,LOCAL_8b04208d016e,existing thesis input,,unclassified,0.0,
url_station,stations_ski_gps_bergfex_normalise,Source field; definition requires verification,UNKNOWN,string,requires verification,UNKNOWN,LOCAL_8b04208d016e,existing thesis input,,unclassified,0.0,
fid,transport_winter_2056,Source field; definition requires verification,UNKNOWN,numeric,requires verification,UNKNOWN,LOCAL_0f53d91bbb86,existing thesis input,,unclassified,0.0,
geom,transport_winter_2056,Source field; definition requires verification,UNKNOWN,string,requires verification,UNKNOWN,LOCAL_0f53d91bbb86,existing thesis input,,unclassified,0.0,Byte geometry represented by SHA-256 for audit only
name,transport_winter_2056,Source field; definition requires verification,UNKNOWN,string,requires verification,UNKNOWN,LOCAL_0f53d91bbb86,existing thesis input,,unclassified,0.20997229916897506,
tlm_uuid,transport_winter_2056,Source field; definition requires verification,UNKNOWN,string,requires verification,UNKNOWN,LOCAL_0f53d91bbb86,existing thesis input,,unclassified,0.20110803324099724,
type,transport_winter_2056,Source field; definition requires verification,UNKNOWN,string,requires verification,UNKNOWN,LOCAL_0f53d91bbb86,existing thesis input,,unclassified,0.0,
causal_control_approved,treatment_control_candidate_matrix,Whether the donor passes all causal control audits,boolean,boolean,treatment-donor pair,review snapshot,DERIVED_MULTI_SOURCE,derived,always false at this checkpoint,quality gate,0.000000,"Unresolved membership, spillovers, and time-varying confounders remain"
minimum_resort_point_distance_km,treatment_control_candidate_matrix,Minimum great-circle distance between a donor-municipality resort point and a treated destination component point,kilometres,float,treatment-donor pair,review snapshot,GEOADMIN_MUNICIPALITY_IDENTIFY,derived geospatial screen,minimum haversine distance across supplied resort points,spillover screen,0.000000,Point distance does not prove absence of tourism spillovers
provisional_donor_30km_36pre,treatment_control_candidate_matrix,"Mechanical donor-screen flag using resolved membership, geography, and outcome coverage",boolean,boolean,treatment-donor pair,monthly coverage snapshot,DERIVED_MULTI_SOURCE,derived screen,no resolved Magic exposure AND not treated scope AND distance > 30 km AND >=36 pre months AND >=24 post months,donor candidate,0.000000,"Not an approved causal control; 30 km is a sensitivity threshold, not an identification result"
municipality_weight,treatment_destination_municipality,Additive weight applied to a municipality total,multiplier,float,destination-to-municipality link,review snapshot,DESTINATION_SCOPE_OFFICIAL_SET,manual review,1.0 for each included municipality,outcome aggregation,0.000000,Weights are not normalised because hotel nights are counts
eligible_for_reviewed_outcome_panel,treatment_destination_units,Whether the reviewed unit has a usable explicitly defined municipality outcome scope,boolean,boolean,reviewed destination,review snapshot,DESTINATION_SCOPE_OFFICIAL_SET,derived,scope decision passes and every selected municipality exists in the hotel panel,sample inclusion,0.000000,Three composite destinations are excluded
scope_review_status,treatment_destination_units,Reviewed outcome-scope decision for a destination unit,category,string,reviewed destination,review snapshot,DESTINATION_SCOPE_OFFICIAL_SET,manual review,"complete observed municipal scope, core-municipality proxy, or excluded incomplete composite",quality gate,0.000000,An approved outcome proxy is not a causal exposure approval
