resort_id,resort_name_original,resort_name_canonical,url_station,match_method,manual_review,decision
balmberg,Balmberg Balmberg,Balmberg,https://www.bergfex.ch/balmberg/,existing ski_id retained; exact unique URL joins; no fuzzy merges,pending_domain_and_country_verification,retain_provisional_listing
hohe_winde_beinwil,Hohe Winde Hohe Winde / Beinwil,Hohe Winde Beinwil,https://www.bergfex.ch/hohe-winde-beinwil/,existing ski_id retained; exact unique URL joins; no fuzzy merges,pending_domain_and_country_verification,retain_provisional_listing
bumbach_schangnau,Bumbach Bumbach - Schangnau,Bumbach - Schangnau,https://www.bergfex.ch/bumbach-schangnau/,existing ski_id retained; exact unique URL joins; no fuzzy merges,pending_domain_and_country_verification,retain_provisional_listing
chuderhusi,Chuderhüsi Chuderhüsi,Chuderhüsi,https://www.bergfex.ch/chuderhuesi/,existing ski_id retained; exact unique URL joins; no fuzzy merges,pending_domain_and_country_verification,retain_provisional_listing
gantrisch_gurnigel,Gantrisch Gantrisch - Gurnigel,Gantrisch - Gurnigel,https://www.bergfex.ch/gantrisch-gurnigel/,existing ski_id retained; exact unique URL joins; no fuzzy merges,pending_domain_and_country_verification,retain_provisional_listing
gurten_bern,Gurten Gurten / Bern,Gurten Bern,https://www.bergfex.ch/gurten/,existing ski_id retained; exact unique URL joins; no fuzzy merges,pending_domain_and_country_verification,retain_provisional_listing
heimenschwand_buchholterberg,Heimenschwand Heimenschwand / Buchholterberg,Heimenschwand Buchholterberg,https://www.bergfex.ch/heimenschwand-buchholterberg/,existing ski_id retained; exact unique URL joins; no fuzzy merges,pending_domain_and_country_verification,retain_provisional_listing
homberg_skilift_dreiligass_winteregg,Homberg Homberg / Skilift Dreiligass-Winteregg,Homberg Skilift Dreiligass - Winteregg,https://www.bergfex.ch/homberg/,existing ski_id retained; exact unique URL joins; no fuzzy merges,pending_domain_and_country_verification,retain_provisional_listing
linden_skilift_linden,Linden Skilift Linden,Linden Skilift Linden,https://www.bergfex.ch/skilift-linden/,existing ski_id retained; exact unique URL joins; no fuzzy merges,pending_domain_and_country_verification,retain_provisional_listing
ottenleuebad,Ottenleuebad Ottenleuebad,Ottenleuebad,https://www.bergfex.ch/ottenleuebad/,existing ski_id retained; exact unique URL joins; no fuzzy merges,pending_domain_and_country_verification,retain_provisional_listing
ruschegg_eywald,Rüschegg Rüschegg - Eywald,Rüschegg - Eywald,https://www.bergfex.ch/rueschegg-eywald/,existing ski_id retained; exact unique URL joins; no fuzzy merges,pending_domain_and_country_verification,retain_provisional_listing
schwarzenbuhl_selital,Schwarzenbühl Schwarzenbühl / Selital,Schwarzenbühl Selital,https://www.bergfex.ch/schwarzenbuehl-selital/,existing ski_id retained; exact unique URL joins; no fuzzy merges,pending_domain_and_country_verification,retain_provisional_listing
langenbruck,Langenbruck Langenbruck,Langenbruck,https://www.bergfex.ch/langenbruck/,existing ski_id retained; exact unique URL joins; no fuzzy merges,pending_domain_and_country_verification,retain_provisional_listing
bulle_la_chia,Bulle Bulle - La Chia,Bulle - La Chia,https://www.bergfex.ch/bulle-lachia/,existing ski_id retained; exact unique URL joins; no fuzzy merges,pending_domain_and_country_verification,retain_provisional_listing
charmey,Charmey Charmey,Charmey,https://www.bergfex.ch/charmey/,existing ski_id retained; exact unique URL joins; no fuzzy merges,pending_domain_and_country_verification,retain_provisional_listing
hapfere_plaffeien,Hapfere Hapfere / Plaffeien,Hapfere Plaffeien,https://www.bergfex.ch/hapfere-plaffeien/,existing ski_id retained; exact unique URL joins; no fuzzy merges,pending_domain_and_country_verification,retain_provisional_listing
jaun_gastlosen,Jaun Jaun Gastlosen,Jaun Gastlosen,https://www.bergfex.ch/jaun/,existing ski_id retained; exact unique URL joins; no fuzzy merges,pending_domain_and_country_verification,retain_provisional_listing
la_berra_la_roche,La Berra La Berra - La Roche,La Berra - La Roche,https://www.bergfex.ch/la-berra/,existing ski_id retained; exact unique URL joins; no fuzzy merges,pending_domain_and_country_verification,retain_provisional_listing
les_paccots_chatel_saint_denis,Les Paccots Les Paccots - Châtel Saint Denis,Les Paccots - Châtel Saint Denis,https://www.bergfex.ch/les-paccots-chatel-saint-denis/,existing ski_id retained; exact unique URL joins; no fuzzy merges,pending_domain_and_country_verification,retain_provisional_listing
moleson_la_gruyere,Moléson Moléson - La Gruyère,Moléson - La Gruyère,https://www.bergfex.ch/moleson-la-gruyere/,existing ski_id retained; exact unique URL joins; no fuzzy merges,pending_domain_and_country_verification,retain_provisional_listing
mont_gibloux,Mont Gibloux Mont Gibloux,Mont Gibloux,https://www.bergfex.ch/mont-gibloux/,existing ski_id retained; exact unique URL joins; no fuzzy merges,pending_domain_and_country_verification,retain_provisional_listing
rathvel,Rathvel Rathvel,Rathvel,https://www.bergfex.ch/rathvel/,existing ski_id retained; exact unique URL joins; no fuzzy merges,pending_domain_and_country_verification,retain_provisional_listing
schwarzsee_kaiseregg_bahnen,Schwarzsee Schwarzsee / Kaiseregg Bahnen,Schwarzsee Kaiseregg Bahnen,https://www.bergfex.ch/schwarzsee/,existing ski_id retained; exact unique URL joins; no fuzzy merges,pending_domain_and_country_verification,retain_provisional_listing
aela_maloja,Aela / Maloja Aela / Maloja,Aela Maloja,https://www.bergfex.ch/aela-maloja/,existing ski_id retained; exact unique URL joins; no fuzzy merges,pending_domain_and_country_verification,retain_provisional_listing
andermatt_oberalp_sedrun,Andermatt Andermatt - Oberalp - Sedrun,Andermatt - Oberalp - Sedrun,https://www.bergfex.ch/andermatt-oberalp-sedrun/,existing ski_id retained; exact unique URL joins; no fuzzy merges,pending_domain_and_country_verification,retain_provisional_listing
arosa_lenzerheide,Arosa Lenzerheide Arosa Lenzerheide,Arosa Lenzerheide,https://www.bergfex.ch/arosa-lenzerheide/,existing ski_id retained; exact unique URL joins; no fuzzy merges,pending_domain_and_country_verification,retain_provisional_listing
avers,Avers Avers,Avers,https://www.bergfex.ch/avers/,existing ski_id retained; exact unique URL joins; no fuzzy merges,pending_domain_and_country_verification,retain_provisional_listing
bergun_filisur_bergun_filisur_darlux,Bergün-Filisur Bergün - Filisur / Darlux,Bergün - Filisur Bergün - Filisur / Darlux,https://www.bergfex.ch/berguen-filisur/,existing ski_id retained; exact unique URL joins; no fuzzy merges,pending_domain_and_country_verification,retain_provisional_listing
bivio,Bivio Bivio,Bivio,https://www.bergfex.ch/bivio/,existing ski_id retained; exact unique URL joins; no fuzzy merges,pending_domain_and_country_verification,retain_provisional_listing
brambruesch_chur_brambruesch,Brambrüesch Chur - Brambrüesch,Brambrüesch Chur - Brambrüesch,https://www.bergfex.ch/chur-brambrueesch/,existing ski_id retained; exact unique URL joins; no fuzzy merges,pending_domain_and_country_verification,retain_provisional_listing
brigels_waltensburg_andiast,Brigels Brigels Waltensburg Andiast,Brigels Waltensburg Andiast,https://www.bergfex.ch/brigels/,existing ski_id retained; exact unique URL joins; no fuzzy merges,pending_domain_and_country_verification,retain_provisional_listing
bugls_s_chanf,Bügls Bügls - S-chanf,Bügls - S - chanf,https://www.bergfex.ch/buegls-s-chanf/,existing ski_id retained; exact unique URL joins; no fuzzy merges,pending_domain_and_country_verification,retain_provisional_listing
corvatsch_furtschellas,Corvatsch Corvatsch - Furtschellas,Corvatsch - Furtschellas,https://www.bergfex.ch/corvatsch-furtschellas/,existing ski_id retained; exact unique URL joins; no fuzzy merges,pending_domain_and_country_verification,retain_provisional_listing
corviglia_st_moritz,Corviglia Corviglia / St. Moritz,Corviglia St. Moritz,https://www.bergfex.ch/st-moritz-corviglia/,existing ski_id retained; exact unique URL joins; no fuzzy merges,pending_domain_and_country_verification,retain_provisional_listing
diavolezza_lagalb,Diavolezza Diavolezza - Lagalb,Diavolezza - Lagalb,https://www.bergfex.ch/diavolezza/,existing ski_id retained; exact unique URL joins; no fuzzy merges,pending_domain_and_country_verification,retain_provisional_listing
disentis,Disentis Disentis,Disentis,https://www.bergfex.ch/disentis/,existing ski_id retained; exact unique URL joins; no fuzzy merges,pending_domain_and_country_verification,retain_provisional_listing
feldis,Feldis Feldis,Feldis,https://www.bergfex.ch/feldis/,existing ski_id retained; exact unique URL joins; no fuzzy merges,pending_domain_and_country_verification,retain_provisional_listing
grusch_danusa,Grüsch Danusa Grüsch Danusa,Grüsch Danusa,https://www.bergfex.ch/gruesch-danusa/,existing ski_id retained; exact unique URL joins; no fuzzy merges,pending_domain_and_country_verification,retain_provisional_listing
heuberge_fideriser_heuberge,Heuberge Fideriser Heuberge,Heuberge Fideriser Heuberge,https://www.bergfex.ch/fideriser-heuberge/,existing ski_id retained; exact unique URL joins; no fuzzy merges,pending_domain_and_country_verification,retain_provisional_listing
hochwang,Hochwang Hochwang,Hochwang,https://www.bergfex.ch/hochwang/,existing ski_id retained; exact unique URL joins; no fuzzy merges,pending_domain_and_country_verification,retain_provisional_listing
jakobshorn_davos_jakobshorn,Jakobshorn Davos Jakobshorn,Jakobshorn Davos Jakobshorn,https://www.bergfex.ch/davos-jakobshorn/,existing ski_id retained; exact unique URL joins; no fuzzy merges,pending_domain_and_country_verification,retain_provisional_listing
junker_st_antonien,Junker Junker - St. Antönien,Junker - St. Antönien,https://www.bergfex.ch/junker-st-antoenien/,existing ski_id retained; exact unique URL joins; no fuzzy merges,pending_domain_and_country_verification,retain_provisional_listing
laax_flims_laax_falera,Laax Flims Laax Falera,Laax Flims Laax Falera,https://www.bergfex.ch/laax/,existing ski_id retained; exact unique URL joins; no fuzzy merges,pending_domain_and_country_verification,retain_provisional_listing
languard_pontresina,Languard Languard / Pontresina,Languard Pontresina,https://www.bergfex.ch/languard-pontresina/,existing ski_id retained; exact unique URL joins; no fuzzy merges,pending_domain_and_country_verification,retain_provisional_listing
madrisa_klosters_madrisa,Madrisa Klosters Madrisa,Madrisa Klosters Madrisa,https://www.bergfex.ch/klosters-madrisa/,existing ski_id retained; exact unique URL joins; no fuzzy merges,pending_domain_and_country_verification,retain_provisional_listing
mastrils_skilift_mastrils,Mastrils Skilift Mastrils,Mastrils Skilift Mastrils,https://www.bergfex.ch/skilift-mastrils/,existing ski_id retained; exact unique URL joins; no fuzzy merges,pending_domain_and_country_verification,retain_provisional_listing
minschuns_val_mustair,Minschuns Minschuns - Val Müstair,Minschuns - Val Müstair,https://www.bergfex.ch/minschuns/,existing ski_id retained; exact unique URL joins; no fuzzy merges,pending_domain_and_country_verification,retain_provisional_listing
motta_naluns_scuol_motta_naluns,Motta Naluns Scuol Motta Naluns,Motta Naluns Scuol Motta Naluns,https://www.bergfex.ch/scuol/,existing ski_id retained; exact unique URL joins; no fuzzy merges,pending_domain_and_country_verification,retain_provisional_listing
muottas_muragl,Muottas Muragl Muottas Muragl,Muottas Muragl,https://www.bergfex.ch/muottas-muragl/,existing ski_id retained; exact unique URL joins; no fuzzy merges,pending_domain_and_country_verification,retain_provisional_listing
musella_la_punt_musella,Müsella La Punt - Müsella,Müsella La Punt - Müsella,https://www.bergfex.ch/la-punt-muesella/,existing ski_id retained; exact unique URL joins; no fuzzy merges,pending_domain_and_country_verification,retain_provisional_listing
obermutten_mutten_obermutten,Obermutten Mutten - Obermutten,Obermutten Mutten - Obermutten,https://www.bergfex.ch/mutten/,existing ski_id retained; exact unique URL joins; no fuzzy merges,pending_domain_and_country_verification,retain_provisional_listing
obersaxen_mundaun,Obersaxen Obersaxen Mundaun,Obersaxen Mundaun,https://www.bergfex.ch/pizmundaun/,existing ski_id retained; exact unique URL joins; no fuzzy merges,pending_domain_and_country_verification,retain_provisional_listing
pany,Pany Pany,Pany,https://www.bergfex.ch/pany/,existing ski_id retained; exact unique URL joins; no fuzzy merges,pending_domain_and_country_verification,retain_provisional_listing
parsenn_davos_klosters_parsenn,Parsenn Davos Klosters Parsenn,Parsenn Davos Klosters Parsenn,https://www.bergfex.ch/davos-parsenn/,existing ski_id retained; exact unique URL joins; no fuzzy merges,pending_domain_and_country_verification,retain_provisional_listing
pian_cales_san_bernardino,Pian Cales San Bernardino,Pian Cales San Bernardino,https://www.bergfex.ch/sanbernardino/,existing ski_id retained; exact unique URL joins; no fuzzy merges,pending_domain_and_country_verification,retain_provisional_listing
pischa_davos_pischa,Pischa Davos Pischa,Pischa Davos Pischa,https://www.bergfex.ch/davos-pischa/,existing ski_id retained; exact unique URL joins; no fuzzy merges,pending_domain_and_country_verification,retain_provisional_listing
pradaschier_churwalden,Pradaschier Pradaschier - Churwalden,Pradaschier - Churwalden,https://www.bergfex.ch/pradaschier/,existing ski_id retained; exact unique URL joins; no fuzzy merges,pending_domain_and_country_verification,retain_provisional_listing
rinerhorn_davos_rinerhorn,Rinerhorn Davos Rinerhorn,Rinerhorn Davos Rinerhorn,https://www.bergfex.ch/rinerhorn/,existing ski_id retained; exact unique URL joins; no fuzzy merges,pending_domain_and_country_verification,retain_provisional_listing
rossa,Rossa Rossa,Rossa,https://www.bergfex.ch/rossa/,existing ski_id retained; exact unique URL joins; no fuzzy merges,pending_domain_and_country_verification,retain_provisional_listing
samnaun_silvretta_arena_samnaun_ischgl,Samnaun Silvretta Arena Samnaun / Ischgl,Samnaun Silvretta Arena Samnaun / Ischgl,https://www.bergfex.ch/samnaun/,existing ski_id retained; exact unique URL joins; no fuzzy merges,pending_domain_and_country_verification,retain_provisional_listing
sarn_heinzenberg,Sarn Sarn - Heinzenberg,Sarn - Heinzenberg,https://www.bergfex.ch/sarn-heizenberg/,existing ski_id retained; exact unique URL joins; no fuzzy merges,pending_domain_and_country_verification,retain_provisional_listing
savognin,Savognin Savognin,Savognin,https://www.bergfex.ch/savognin/,existing ski_id retained; exact unique URL joins; no fuzzy merges,pending_domain_and_country_verification,retain_provisional_listing
schatzalp_davos_schatzalp_strela,Schatzalp Davos Schatzalp - Strela,Schatzalp Davos Schatzalp - Strela,https://www.bergfex.ch/schatzalp/,existing ski_id retained; exact unique URL joins; no fuzzy merges,pending_domain_and_country_verification,retain_provisional_listing
splugen_rheinwald,Splügen Splügen / Rheinwald,Splügen Rheinwald,https://www.bergfex.ch/spluegen-rheinwald/,existing ski_id retained; exact unique URL joins; no fuzzy merges,pending_domain_and_country_verification,retain_provisional_listing
survih_samedan,Survih Survih - Samedan,Survih - Samedan,https://www.bergfex.ch/survih-samedan/,existing ski_id retained; exact unique URL joins; no fuzzy merges,pending_domain_and_country_verification,retain_provisional_listing
tenna,Tenna Tenna,Tenna,https://www.bergfex.ch/tenna/,existing ski_id retained; exact unique URL joins; no fuzzy merges,pending_domain_and_country_verification,retain_provisional_listing
tschappina_tschappina_urmein_heinzenberg,Tschappina Tschappina-Urmein-Heinzenberg,Tschappina Tschappina - Urmein - Heinzenberg,https://www.bergfex.ch/tschappina-urmein-heinzenberg/,existing ski_id retained; exact unique URL joins; no fuzzy merges,pending_domain_and_country_verification,retain_provisional_listing
tschiertschen,Tschiertschen Tschiertschen,Tschiertschen,https://www.bergfex.ch/tschiertschen/,existing ski_id retained; exact unique URL joins; no fuzzy merges,pending_domain_and_country_verification,retain_provisional_listing
vals,Vals Vals,Vals,https://www.bergfex.ch/vals/,existing ski_id retained; exact unique URL joins; no fuzzy merges,pending_domain_and_country_verification,retain_provisional_listing
valtgeva_druni_kidsarena_sedrun,Valtgeva Valtgeva / Druni KidsArena Sedrun,Valtgeva Druni KidsArena Sedrun,https://www.bergfex.ch/valtgeva-druni-kids-arena-sedrun/,existing ski_id retained; exact unique URL joins; no fuzzy merges,pending_domain_and_country_verification,retain_provisional_listing
zuoz,Zuoz Zuoz,Zuoz,https://www.bergfex.ch/zuoz/,existing ski_id retained; exact unique URL joins; no fuzzy merges,pending_domain_and_country_verification,retain_provisional_listing
brot_plamboz,Brot-Plamboz Brot-Plamboz,Brot - Plamboz,https://www.bergfex.ch/brot-plamboz/,existing ski_id retained; exact unique URL joins; no fuzzy merges,pending_domain_and_country_verification,retain_provisional_listing
chapeau_rable_la_chaux_de_fonds,Chapeau Rablé Chapeau Rablé / La Chaux-de-Fonds,Chapeau Rablé La Chaux - de - Fonds,https://www.bergfex.ch/la-chaux-de-fonds/,existing ski_id retained; exact unique URL joins; no fuzzy merges,pending_domain_and_country_verification,retain_provisional_listing
cret_meuron,Crêt-Meuron Crêt-Meuron,Crêt - Meuron,https://www.bergfex.ch/cret-meuron/,existing ski_id retained; exact unique URL joins; no fuzzy merges,pending_domain_and_country_verification,retain_provisional_listing
cote_aux_fees_la_cote_aux_fees,Côte-aux-Fées La Côte-aux-Fées,Côte - aux - Fées La Côte - aux - Fées,https://www.bergfex.ch/la-cote-aux-fees/,existing ski_id retained; exact unique URL joins; no fuzzy merges,pending_domain_and_country_verification,retain_provisional_listing
la_brevine,La Brévine La Brévine,La Brévine,https://www.bergfex.ch/la-brevine/,existing ski_id retained; exact unique URL joins; no fuzzy merges,pending_domain_and_country_verification,retain_provisional_listing
la_corbatiere_la_roche_des_crocs,La Corbatière La Corbatière - La Roche-des-Crocs,La Corbatière - La Roche - des - Crocs,https://www.bergfex.ch/la-corbatiere/,existing ski_id retained; exact unique URL joins; no fuzzy merges,pending_domain_and_country_verification,retain_provisional_listing
la_robella,La Robella La Robella,La Robella,https://www.bergfex.ch/la-robella/,existing ski_id retained; exact unique URL joins; no fuzzy merges,pending_domain_and_country_verification,retain_provisional_listing
le_chaluet,Le Chaluet Le Chaluet,Le Chaluet,https://www.bergfex.ch/le-chaluet/,existing ski_id retained; exact unique URL joins; no fuzzy merges,pending_domain_and_country_verification,retain_provisional_listing
le_paquier_cret_du_puy,Le Pâquier Le Pâquier / Crêt-du-Puy,Le Pâquier Crêt - du - Puy,https://www.bergfex.ch/le-paquier/,existing ski_id retained; exact unique URL joins; no fuzzy merges,pending_domain_and_country_verification,retain_provisional_listing
les_breuleux,Les Breuleux Les Breuleux,Les Breuleux,https://www.bergfex.ch/les-breuleux/,existing ski_id retained; exact unique URL joins; no fuzzy merges,pending_domain_and_country_verification,retain_provisional_listing
les_bugnenets_savagnieres,Les Bugnenets Les Bugnenets - Savagnières,Les Bugnenets - Savagnières,https://www.bergfex.ch/bugnenets-savagnieres/,existing ski_id retained; exact unique URL joins; no fuzzy merges,pending_domain_and_country_verification,retain_provisional_listing
les_genevez,Les Genevez Les Genevez,Les Genevez,https://www.bergfex.ch/les-genevez/,existing ski_id retained; exact unique URL joins; no fuzzy merges,pending_domain_and_country_verification,retain_provisional_listing
les_loges,Les Loges Les Loges,Les Loges,https://www.bergfex.ch/les-loges/,existing ski_id retained; exact unique URL joins; no fuzzy merges,pending_domain_and_country_verification,retain_provisional_listing
les_verrieres,Les Verrières Les Verrières,Les Verrières,https://www.bergfex.ch/les-verrieres/,existing ski_id retained; exact unique URL joins; no fuzzy merges,pending_domain_and_country_verification,retain_provisional_listing
nods_chasseral,Nods-Chasseral Nods-Chasseral,Nods - Chasseral,https://www.bergfex.ch/nods-chasseral/,existing ski_id retained; exact unique URL joins; no fuzzy merges,pending_domain_and_country_verification,retain_provisional_listing
pres_d_orvin_les_pres_d_orvin,Prés-d'Orvin Les Prés-d'Orvin,Prés - d'Orvin Les Prés - d'Orvin,https://www.bergfex.ch/les-pres-d-orvin/,existing ski_id retained; exact unique URL joins; no fuzzy merges,pending_domain_and_country_verification,retain_provisional_listing
saint_imier_mont_soleil,Saint-Imier Saint-Imier - Mont Soleil,Saint - Imier - Mont Soleil,https://www.bergfex.ch/saint-imier-mont-soleil/,existing ski_id retained; exact unique URL joins; no fuzzy merges,pending_domain_and_country_verification,retain_provisional_listing
sommartel_le_locle,Sommartel Sommartel / Le Locle,Sommartel Le Locle,https://www.bergfex.ch/sommartel-le-locle/,existing ski_id retained; exact unique URL joins; no fuzzy merges,pending_domain_and_country_verification,retain_provisional_listing
sous_le_mont,Sous le Mont Sous le Mont,Sous le Mont,https://www.bergfex.ch/sous-le-mont/,existing ski_id retained; exact unique URL joins; no fuzzy merges,pending_domain_and_country_verification,retain_provisional_listing
tramelan,Tramelan Tramelan,Tramelan,https://www.bergfex.ch/tramelan/,existing ski_id retained; exact unique URL joins; no fuzzy merges,pending_domain_and_country_verification,retain_provisional_listing
attinghausen_brusti_attinghausen,Attinghausen Brüsti-Attinghausen,Attinghausen Brüsti - Attinghausen,https://www.bergfex.ch/bruesti-attinghausen/,existing ski_id retained; exact unique URL joins; no fuzzy merges,pending_domain_and_country_verification,retain_provisional_listing
bennau_einsiedeln,Bennau Bennau / Einsiedeln,Bennau Einsiedeln,https://www.bergfex.ch/bennau-einsiedeln/,existing ski_id retained; exact unique URL joins; no fuzzy merges,pending_domain_and_country_verification,retain_provisional_listing
biel_kinzig,Biel-Kinzig Biel-Kinzig,Biel - Kinzig,https://www.bergfex.ch/biel-kinzig/,existing ski_id retained; exact unique URL joins; no fuzzy merges,pending_domain_and_country_verification,retain_provisional_listing
brunni_haggenegg,Brunni Brunni - Haggenegg,Brunni - Haggenegg,https://www.bergfex.ch/brunni/,existing ski_id retained; exact unique URL joins; no fuzzy merges,pending_domain_and_country_verification,retain_provisional_listing
brunni_brunni_bahnen_engelberg,Brunni Brunni-Bahnen Engelberg,Brunni Brunni - Bahnen Engelberg,https://www.bergfex.ch/brunni-engelberg/,existing ski_id retained; exact unique URL joins; no fuzzy merges,pending_domain_and_country_verification,retain_provisional_listing
brunni_skilift_brunni,Brunni Skilift Brunni,Brunni Skilift Brunni,https://www.bergfex.ch/brunni-alpthal/,existing ski_id retained; exact unique URL joins; no fuzzy merges,pending_domain_and_country_verification,retain_provisional_listing
dallenwil_wirzweli,Dallenwil Dallenwil - Wirzweli,Dallenwil - Wirzweli,https://www.bergfex.ch/dallenwil/,existing ski_id retained; exact unique URL joins; no fuzzy merges,pending_domain_and_country_verification,retain_provisional_listing
engelberg_titlis,Engelberg Engelberg Titlis,Engelberg Titlis,https://www.bergfex.ch/engelberg/,existing ski_id retained; exact unique URL joins; no fuzzy merges,pending_domain_and_country_verification,retain_provisional_listing
fluelen_eggberge_fluelen,Flüelen Eggberge / Flüelen,Flüelen Eggberge / Flüelen,https://www.bergfex.ch/eggberge/,existing ski_id retained; exact unique URL joins; no fuzzy merges,pending_domain_and_country_verification,retain_provisional_listing
friherrenberg_einsiedeln,Friherrenberg Friherrenberg / Einsiedeln,Friherrenberg Einsiedeln,https://www.bergfex.ch/friherrenberg-einsiedeln/,existing ski_id retained; exact unique URL joins; no fuzzy merges,pending_domain_and_country_verification,retain_provisional_listing
gemsstock_andermatt_gemsstock,Gemsstock Andermatt - Gemsstock,Gemsstock Andermatt - Gemsstock,https://www.bergfex.ch/andermatt-gemsstock/,existing ski_id retained; exact unique URL joins; no fuzzy merges,pending_domain_and_country_verification,retain_provisional_listing
gfellen_entlebuch_finsterwald,Gfellen Gfellen / Entlebuch-Finsterwald,Gfellen Entlebuch - Finsterwald,https://www.bergfex.ch/gfellen-entlebuch-finsterwald/,existing ski_id retained; exact unique URL joins; no fuzzy merges,pending_domain_and_country_verification,retain_provisional_listing
gitschenen_skilift_gitschenen,Gitschenen Skilift Gitschenen,Gitschenen Skilift Gitschenen,https://www.bergfex.ch/gitschenen/,existing ski_id retained; exact unique URL joins; no fuzzy merges,pending_domain_and_country_verification,retain_provisional_listing
hoch_ybrig,Hoch-Ybrig Hoch-Ybrig,Hoch - Ybrig,https://www.bergfex.ch/ybrig/,existing ski_id retained; exact unique URL joins; no fuzzy merges,pending_domain_and_country_verification,retain_provisional_listing
hochstuckli_sattel_hochstuckli,Hochstuckli Sattel Hochstuckli,Hochstuckli Sattel Hochstuckli,https://www.bergfex.ch/sattel-hochstuckli/,existing ski_id retained; exact unique URL joins; no fuzzy merges,pending_domain_and_country_verification,retain_provisional_listing
ibergeregg_skilifte_ibergeregg,Ibergeregg Skilifte Ibergeregg,Ibergeregg Skilifte Ibergeregg,https://www.bergfex.ch/ibergeregg/,existing ski_id retained; exact unique URL joins; no fuzzy merges,pending_domain_and_country_verification,retain_provisional_listing
kellerberg_skilift_kellerberg_haldi,Kellerberg Skilift Kellerberg / Haldi,Kellerberg Skilift Kellerberg / Haldi,https://www.bergfex.ch/kellerberg-haldi/,existing ski_id retained; exact unique URL joins; no fuzzy merges,pending_domain_and_country_verification,retain_provisional_listing
klewenalp_stockhutte,Klewenalp Klewenalp - Stockhütte,Klewenalp - Stockhütte,https://www.bergfex.ch/klewenalp/,existing ski_id retained; exact unique URL joins; no fuzzy merges,pending_domain_and_country_verification,retain_provisional_listing
langis_glaubenberg,Langis Langis Glaubenberg,Langis Glaubenberg,https://www.bergfex.ch/langis-glaubenberg/,existing ski_id retained; exact unique URL joins; no fuzzy merges,pending_domain_and_country_verification,retain_provisional_listing
lungern_turren_lungern_schonbuel,Lungern-Turren Lungern - Schönbüel,Lungern - Turren Lungern - Schönbüel,https://www.bergfex.ch/lungern/,existing ski_id retained; exact unique URL joins; no fuzzy merges,pending_domain_and_country_verification,retain_provisional_listing
marchbachegg_marbach_marbachegg,Marchbachegg Marbach - Marbachegg,Marchbachegg Marbach - Marbachegg,https://www.bergfex.ch/marbachegg/,existing ski_id retained; exact unique URL joins; no fuzzy merges,pending_domain_and_country_verification,retain_provisional_listing
melchsee_frutt,Melchsee Melchsee - Frutt,Melchsee - Frutt,https://www.bergfex.ch/melchsee-frutt/,existing ski_id retained; exact unique URL joins; no fuzzy merges,pending_domain_and_country_verification,retain_provisional_listing
mythenregion,Mythenregion Mythenregion,Mythenregion,https://www.bergfex.ch/mythenregion/,existing ski_id retained; exact unique URL joins; no fuzzy merges,pending_domain_and_country_verification,retain_provisional_listing
morlialp,Mörlialp Mörlialp,Mörlialp,https://www.bergfex.ch/moerlialp/,existing ski_id retained; exact unique URL joins; no fuzzy merges,pending_domain_and_country_verification,retain_provisional_listing
neusell,Neusell Neusell,Neusell,https://www.bergfex.ch/neusell/,existing ski_id retained; exact unique URL joins; no fuzzy merges,pending_domain_and_country_verification,retain_provisional_listing
nollen_unterageri,Nollen Nollen - Unterägeri,Nollen - Unterägeri,https://www.bergfex.ch/nollen-unteraegeri/,existing ski_id retained; exact unique URL joins; no fuzzy merges,pending_domain_and_country_verification,retain_provisional_listing
oberiberg,Oberiberg Oberiberg,Oberiberg,https://www.bergfex.ch/oberiberg/,existing ski_id retained; exact unique URL joins; no fuzzy merges,pending_domain_and_country_verification,retain_provisional_listing
ratzi_spiringen,Ratzi Ratzi / Spiringen,Ratzi Spiringen,https://www.bergfex.ch/ratzi/,existing ski_id retained; exact unique URL joins; no fuzzy merges,pending_domain_and_country_verification,retain_provisional_listing
realp,Realp Realp,Realp,https://www.bergfex.ch/realp/,existing ski_id retained; exact unique URL joins; no fuzzy merges,pending_domain_and_country_verification,retain_provisional_listing
rigi,Rigi Rigi,Rigi,https://www.bergfex.ch/rigi/,existing ski_id retained; exact unique URL joins; no fuzzy merges,pending_domain_and_country_verification,retain_provisional_listing
sattelegg_einsiedeln,Sattelegg Sattelegg / Einsiedeln,Sattelegg Einsiedeln,https://www.bergfex.ch/sattelegg/,existing ski_id retained; exact unique URL joins; no fuzzy merges,pending_domain_and_country_verification,retain_provisional_listing
schnabelsberg_einsiedeln,Schnabelsberg Schnabelsberg / Einsiedeln,Schnabelsberg Einsiedeln,https://www.bergfex.ch/schnabelsberg-einsiedeln/,existing ski_id retained; exact unique URL joins; no fuzzy merges,pending_domain_and_country_verification,retain_provisional_listing
schratten_fluhli,Schratten Flühli Schratten Flühli,Schratten Flühli,https://www.bergfex.ch/schratten-fluehli/,existing ski_id retained; exact unique URL joins; no fuzzy merges,pending_domain_and_country_verification,retain_provisional_listing
seebodenalp_kussnacht_am_rigi,Seebodenalp Seebodenalp - Küssnacht am Rigi,Seebodenalp - Küssnacht am Rigi,https://www.bergfex.ch/kuessnacht-rigi-seebodenalp/,existing ski_id retained; exact unique URL joins; no fuzzy merges,pending_domain_and_country_verification,retain_provisional_listing
stoos,Stoos Stoos,Stoos,https://www.bergfex.ch/stoos/,existing ski_id retained; exact unique URL joins; no fuzzy merges,pending_domain_and_country_verification,retain_provisional_listing
sorenberg,Sörenberg Sörenberg,Sörenberg,https://www.bergfex.ch/soerenberg/,existing ski_id retained; exact unique URL joins; no fuzzy merges,pending_domain_and_country_verification,retain_provisional_listing
wagital_vorderthal,Wägital Wägital - Vorderthal,Wägital - Vorderthal,https://www.bergfex.ch/waegital-vorderthal/,existing ski_id retained; exact unique URL joins; no fuzzy merges,pending_domain_and_country_verification,retain_provisional_listing
adelboden,Adelboden Adelboden,Adelboden,https://www.bergfex.ch/adelboden/,existing ski_id retained; exact unique URL joins; no fuzzy merges,pending_domain_and_country_verification,retain_provisional_listing
aeschi,Aeschi Aeschi,Aeschi,https://www.bergfex.ch/aeschi/,existing ski_id retained; exact unique URL joins; no fuzzy merges,pending_domain_and_country_verification,retain_provisional_listing
axalp_brienz,Axalp Axalp / Brienz,Axalp Brienz,https://www.bergfex.ch/axalp/,existing ski_id retained; exact unique URL joins; no fuzzy merges,pending_domain_and_country_verification,retain_provisional_listing
beatenberg_niederhorn,Beatenberg Beatenberg - Niederhorn,Beatenberg - Niederhorn,https://www.bergfex.ch/beatenberg-niederhorn-hohwald/,existing ski_id retained; exact unique URL joins; no fuzzy merges,pending_domain_and_country_verification,retain_provisional_listing
eggiwil,Eggiwil Eggiwil,Eggiwil,https://www.bergfex.ch/eggiwil/,existing ski_id retained; exact unique URL joins; no fuzzy merges,pending_domain_and_country_verification,retain_provisional_listing
elsigenalp_metschalp_frutigen,Elsigenalp Elsigenalp - Metschalp Frutigen,Elsigenalp - Metschalp Frutigen,https://www.bergfex.ch/elsigen-metsch-frutigen/,existing ski_id retained; exact unique URL joins; no fuzzy merges,pending_domain_and_country_verification,retain_provisional_listing
engstligenalp_adelboden,Engstligenalp Engstligenalp - Adelboden,Engstligenalp - Adelboden,https://www.bergfex.ch/engstligenalp-adelboden/,existing ski_id retained; exact unique URL joins; no fuzzy merges,pending_domain_and_country_verification,retain_provisional_listing
eriz,Eriz Eriz,Eriz,https://www.bergfex.ch/eriz/,existing ski_id retained; exact unique URL joins; no fuzzy merges,pending_domain_and_country_verification,retain_provisional_listing
faltschen_reichenbach_im_kandertal,Faltschen Faltschen - Reichenbach im Kandertal,Faltschen - Reichenbach im Kandertal,https://www.bergfex.ch/faltschen-reichenbach-kandertal/,existing ski_id retained; exact unique URL joins; no fuzzy merges,pending_domain_and_country_verification,retain_provisional_listing
gadmen,Gadmen Gadmen,Gadmen,https://www.bergfex.ch/gadmen/,existing ski_id retained; exact unique URL joins; no fuzzy merges,pending_domain_and_country_verification,retain_provisional_listing
grimmialp_diemtigtal,Grimmialp Grimmialp / Diemtigtal,Grimmialp Diemtigtal,https://www.bergfex.ch/grimmialp/,existing ski_id retained; exact unique URL joins; no fuzzy merges,pending_domain_and_country_verification,retain_provisional_listing
gstaad,Gstaad Gstaad,Gstaad,https://www.bergfex.ch/gstaad/,existing ski_id retained; exact unique URL joins; no fuzzy merges,pending_domain_and_country_verification,retain_provisional_listing
habkern,Habkern Habkern,Habkern,https://www.bergfex.ch/habkern/,existing ski_id retained; exact unique URL joins; no fuzzy merges,pending_domain_and_country_verification,retain_provisional_listing
heiligenschwendi_hubelweid,Heiligenschwendi Heiligenschwendi - Hubelweid,Heiligenschwendi - Hubelweid,https://www.bergfex.ch/heiligenschwendi/,existing ski_id retained; exact unique URL joins; no fuzzy merges,pending_domain_and_country_verification,retain_provisional_listing
jaunpass,Jaunpass Jaunpass,Jaunpass,https://www.bergfex.ch/jaunpass/,existing ski_id retained; exact unique URL joins; no fuzzy merges,pending_domain_and_country_verification,retain_provisional_listing
kiental,Kiental Kiental,Kiental,https://www.bergfex.ch/kiental/,existing ski_id retained; exact unique URL joins; no fuzzy merges,pending_domain_and_country_verification,retain_provisional_listing
lenk,Lenk Lenk,Lenk,https://www.bergfex.ch/lenk/,existing ski_id retained; exact unique URL joins; no fuzzy merges,pending_domain_and_country_verification,retain_provisional_listing
meiringen_hasliberg,Meiringen Meiringen - Hasliberg,Meiringen - Hasliberg,https://www.bergfex.ch/meiringen-hasliberg/,existing ski_id retained; exact unique URL joins; no fuzzy merges,pending_domain_and_country_verification,retain_provisional_listing
riffenmatt,Riffenmatt Riffenmatt,Riffenmatt,https://www.bergfex.ch/riffenmatt/,existing ski_id retained; exact unique URL joins; no fuzzy merges,pending_domain_and_country_verification,retain_provisional_listing
rossberg_oberwil,Rossberg Rossberg - Oberwil,Rossberg - Oberwil,https://www.bergfex.ch/rossberg/,existing ski_id retained; exact unique URL joins; no fuzzy merges,pending_domain_and_country_verification,retain_provisional_listing
schilthorn_jungfrau_ski_region_murren_schilthorn,Schilthorn Jungfrau Ski Region Mürren - Schilthorn,Schilthorn Jungfrau Ski Region Mürren - Schilthorn,https://www.bergfex.ch/muerren-schilthorn/,existing ski_id retained; exact unique URL joins; no fuzzy merges,pending_domain_and_country_verification,retain_provisional_listing
schwanden_sigriswil_thunersee,Schwanden Schwanden - Sigriswil / Thunersee,Schwanden - Sigriswil Thunersee,https://www.bergfex.ch/schwanden-sigriswil/,existing ski_id retained; exact unique URL joins; no fuzzy merges,pending_domain_and_country_verification,retain_provisional_listing
springenboden_diemtigtal,Springenboden Springenboden / Diemtigtal,Springenboden Diemtigtal,https://www.bergfex.ch/springenboden/,existing ski_id retained; exact unique URL joins; no fuzzy merges,pending_domain_and_country_verification,retain_provisional_listing
wengen_jungfrau_ski_region_grindelwald_wengen,Wengen Jungfrau Ski Region Grindelwald - Wengen,Wengen Jungfrau Ski Region Grindelwald - Wengen,https://www.bergfex.ch/jungfrau-grindelwald-wengen/,existing ski_id retained; exact unique URL joins; no fuzzy merges,pending_domain_and_country_verification,retain_provisional_listing
wiriehorn_diemtigtal,Wiriehorn Wiriehorn / Diemtigtal,Wiriehorn Diemtigtal,https://www.bergfex.ch/wiriehorn/,existing ski_id retained; exact unique URL joins; no fuzzy merges,pending_domain_and_country_verification,retain_provisional_listing
alpsteinblick_gonten,Alpsteinblick Alpsteinblick / Gonten,Alpsteinblick Gonten,https://www.bergfex.ch/alpsteinblick-gonten/,existing ski_id retained; exact unique URL joins; no fuzzy merges,pending_domain_and_country_verification,retain_provisional_listing
amden,Amden Amden,Amden,https://www.bergfex.ch/amden/,existing ski_id retained; exact unique URL joins; no fuzzy merges,pending_domain_and_country_verification,retain_provisional_listing
atzmannig,Atzmännig Atzmännig,Atzmännig,https://www.bergfex.ch/atzmaennig/,existing ski_id retained; exact unique URL joins; no fuzzy merges,pending_domain_and_country_verification,retain_provisional_listing
bildhaus_am_ricken,Bildhaus Bildhaus am Ricken,Bildhaus am Ricken,https://www.bergfex.ch/bildhaus-ricken/,existing ski_id retained; exact unique URL joins; no fuzzy merges,pending_domain_and_country_verification,retain_provisional_listing
braunwald,Braunwald Braunwald,Braunwald,https://www.bergfex.ch/braunwald/,existing ski_id retained; exact unique URL joins; no fuzzy merges,pending_domain_and_country_verification,retain_provisional_listing
brulisau_brulisau_leugangen,Brülisau Brülisau-Leugangen,Brülisau Brülisau - Leugangen,https://www.bergfex.ch/bruelisau-leugangen/,existing ski_id retained; exact unique URL joins; no fuzzy merges,pending_domain_and_country_verification,retain_provisional_listing
buchserberg_skilift_buchserberg_malbun,Buchserberg Skilift Buchserberg-Malbun,Buchserberg Skilift Buchserberg - Malbun,https://www.bergfex.ch/buchserberg-malbun/,existing ski_id retained; exact unique URL joins; no fuzzy merges,pending_domain_and_country_verification,retain_provisional_listing
degersheim,Degersheim Degersheim,Degersheim,https://www.bergfex.ch/degersheim/,existing ski_id retained; exact unique URL joins; no fuzzy merges,pending_domain_and_country_verification,retain_provisional_listing
ebenalp_horn,Ebenalp-Horn Ebenalp-Horn,Ebenalp - Horn,https://www.bergfex.ch/ebenalp/,existing ski_id retained; exact unique URL joins; no fuzzy merges,pending_domain_and_country_verification,retain_provisional_listing
egg_hallau,Egg / Hallau Egg / Hallau,Egg Hallau,https://www.bergfex.ch/egg-hallau/,existing ski_id retained; exact unique URL joins; no fuzzy merges,pending_domain_and_country_verification,retain_provisional_listing
elm,Elm Elm,Elm,https://www.bergfex.ch/elm/,existing ski_id retained; exact unique URL joins; no fuzzy merges,pending_domain_and_country_verification,retain_provisional_listing
flumserberg,Flumserberg Flumserberg,Flumserberg,https://www.bergfex.ch/flumserberg/,existing ski_id retained; exact unique URL joins; no fuzzy merges,pending_domain_and_country_verification,retain_provisional_listing
grub_kaien,Grub / Kaien Grub / Kaien,Grub Kaien,https://www.bergfex.ch/grub-kaien/,existing ski_id retained; exact unique URL joins; no fuzzy merges,pending_domain_and_country_verification,retain_provisional_listing
hamberg_gahwil,Hamberg Hamberg - Gähwil,Hamberg - Gähwil,https://www.bergfex.ch/hamberg-gaehwil/,existing ski_id retained; exact unique URL joins; no fuzzy merges,pending_domain_and_country_verification,retain_provisional_listing
heiden_bischofsberg,Heiden Heiden / Bischofsberg,Heiden Bischofsberg,https://www.bergfex.ch/heiden-bischofsberg/,existing ski_id retained; exact unique URL joins; no fuzzy merges,pending_domain_and_country_verification,retain_provisional_listing
hemberg,Hemberg Hemberg,Hemberg,https://www.bergfex.ch/hemberg/,existing ski_id retained; exact unique URL joins; no fuzzy merges,pending_domain_and_country_verification,retain_provisional_listing
hornli_schonengrund,Hörnli Hörnli - Schönengrund,Hörnli - Schönengrund,https://www.bergfex.ch/hoernli-schoenengrund/,existing ski_id retained; exact unique URL joins; no fuzzy merges,pending_domain_and_country_verification,retain_provisional_listing
jakobsbad_kronberg,Jakobsbad Jakobsbad - Kronberg,Jakobsbad - Kronberg,https://www.bergfex.ch/jakobsbad-kronberg/,existing ski_id retained; exact unique URL joins; no fuzzy merges,pending_domain_and_country_verification,retain_provisional_listing
kerenzerberg,Kerenzerberg Kerenzerberg,Kerenzerberg,https://www.bergfex.ch/kerenzerberg/,existing ski_id retained; exact unique URL joins; no fuzzy merges,pending_domain_and_country_verification,retain_provisional_listing
klausenbohl_gais_klausenbohl,Klausenböhl Gais / Klausenböhl,Klausenböhl Gais / Klausenböhl,https://www.bergfex.ch/gais-klausenboehl/,existing ski_id retained; exact unique URL joins; no fuzzy merges,pending_domain_and_country_verification,retain_provisional_listing
oberegg_st_anton,Oberegg Oberegg / St. Anton,Oberegg St. Anton,https://www.bergfex.ch/oberegg-sankt-anton/,existing ski_id retained; exact unique URL joins; no fuzzy merges,pending_domain_and_country_verification,retain_provisional_listing
oberhelfenschwil,Oberhelfenschwil Oberhelfenschwil,Oberhelfenschwil,https://www.bergfex.ch/oberhelfenschwil/,existing ski_id retained; exact unique URL joins; no fuzzy merges,pending_domain_and_country_verification,retain_provisional_listing
opfershofen_skilift_stich_opfertshofen,Opfershofen Skilift Stich / Opfertshofen,Opfershofen Skilift Stich / Opfertshofen,https://www.bergfex.ch/stich-opfertshofen/,existing ski_id retained; exact unique URL joins; no fuzzy merges,pending_domain_and_country_verification,retain_provisional_listing
osteregg_urnasch_osteregg,Osteregg Urnäsch / Osteregg,Osteregg Urnäsch / Osteregg,https://www.bergfex.ch/urnaesch-osteregg/,existing ski_id retained; exact unique URL joins; no fuzzy merges,pending_domain_and_country_verification,retain_provisional_listing
pizol_bad_ragaz_wangs,Pizol Pizol - Bad Ragaz - Wangs,Pizol - Bad Ragaz - Wangs,https://www.bergfex.ch/pizol/,existing ski_id retained; exact unique URL joins; no fuzzy merges,pending_domain_and_country_verification,retain_provisional_listing
schilt_mollis,Schilt Schilt / Mollis,Schilt Mollis,https://www.bergfex.ch/schilt/,existing ski_id retained; exact unique URL joins; no fuzzy merges,pending_domain_and_country_verification,retain_provisional_listing
schwellbrunn,Schwellbrunn Schwellbrunn,Schwellbrunn,https://www.bergfex.ch/schwellbrunn/,existing ski_id retained; exact unique URL joins; no fuzzy merges,pending_domain_and_country_verification,retain_provisional_listing
tannenberg_skiarena_tannenberg_waldkirch,Tannenberg Skiarena Tannenberg / Waldkirch,Tannenberg Skiarena Tannenberg / Waldkirch,https://www.bergfex.ch/skiarena-tannenberg/,existing ski_id retained; exact unique URL joins; no fuzzy merges,pending_domain_and_country_verification,retain_provisional_listing
tanzboden_ebnat_kappel,Tanzboden Tanzboden / Ebnat-Kappel,Tanzboden Ebnat - Kappel,https://www.bergfex.ch/tanzboden-ebnat-kappel/,existing ski_id retained; exact unique URL joins; no fuzzy merges,pending_domain_and_country_verification,retain_provisional_listing
toggenburg_chaserrugg_alt_st_johann_unterwasser,Toggenburg Toggenburg - Chäserrugg / Alt St. Johann / Unterwasser,Toggenburg - Chäserrugg Alt St. Johann Unterwasser,https://www.bergfex.ch/toggenburg-chaeserrugg/,existing ski_id retained; exact unique URL joins; no fuzzy merges,pending_domain_and_country_verification,retain_provisional_listing
toggenburg_wildhaus,Toggenburg Toggenburg / Wildhaus,Toggenburg Wildhaus,https://www.bergfex.ch/toggenburg/,existing ski_id retained; exact unique URL joins; no fuzzy merges,pending_domain_and_country_verification,retain_provisional_listing
tristeli_st_margarethenberg,Tristeli Tristeli / St. Margarethenberg,Tristeli St. Margarethenberg,https://www.bergfex.ch/tristeli-st-margarethenberg/,existing ski_id retained; exact unique URL joins; no fuzzy merges,pending_domain_and_country_verification,retain_provisional_listing
vogelinsegg_speicher,Vögelinsegg Vögelinsegg / Speicher,Vögelinsegg Speicher,https://www.bergfex.ch/voegelsinsegg-speicher/,existing ski_id retained; exact unique URL joins; no fuzzy merges,pending_domain_and_country_verification,retain_provisional_listing
wolzenalp_krummenau,Wolzenalp Wolzenalp / Krummenau,Wolzenalp Krummenau,https://www.bergfex.ch/wolzenalp-krummenau/,existing ski_id retained; exact unique URL joins; no fuzzy merges,pending_domain_and_country_verification,retain_provisional_listing
airolo_luina,Airolo Airolo - Lüina,Airolo - Lüina,https://www.bergfex.ch/airolo-luina/,existing ski_id retained; exact unique URL joins; no fuzzy merges,pending_domain_and_country_verification,retain_provisional_listing
airolo_pescium_airolo_pescium,Airolo-Pesciüm Airolo - Pesciüm,Airolo - Pesciüm Airolo - Pesciüm,https://www.bergfex.ch/airolo/,existing ski_id retained; exact unique URL joins; no fuzzy merges,pending_domain_and_country_verification,retain_provisional_listing
alpe_di_neggia,Alpe di Neggia Alpe di Neggia,Alpe di Neggia,https://www.bergfex.ch/alpe-di-neggia/,existing ski_id retained; exact unique URL joins; no fuzzy merges,pending_domain_and_country_verification,retain_provisional_listing
bedea_novaggio,Bedea Novaggio Bedea Novaggio,Bedea Novaggio,https://www.bergfex.ch/bedea-novaggio/,existing ski_id retained; exact unique URL joins; no fuzzy merges,pending_domain_and_country_verification,retain_provisional_listing
bedrina_dalpe,Bedrina Dalpe Bedrina Dalpe,Bedrina Dalpe,https://www.bergfex.ch/bedrina-dalpe/,existing ski_id retained; exact unique URL joins; no fuzzy merges,pending_domain_and_country_verification,retain_provisional_listing
bosco_gurin,Bosco Gurin Bosco Gurin,Bosco Gurin,https://www.bergfex.ch/bosco-gurin/,existing ski_id retained; exact unique URL joins; no fuzzy merges,pending_domain_and_country_verification,retain_provisional_listing
campo_blenio_ghirone,Campo Blenio Campo Blenio - Ghirone,Campo Blenio - Ghirone,https://www.bergfex.ch/campo-blenio/,existing ski_id retained; exact unique URL joins; no fuzzy merges,pending_domain_and_country_verification,retain_provisional_listing
cardada_cimetta_locarno,Cardada Cimetta Cardada Cimetta / Locarno,Cardada Cimetta Locarno,https://www.bergfex.ch/locarno-orselina-cardada/,existing ski_id retained; exact unique URL joins; no fuzzy merges,pending_domain_and_country_verification,retain_provisional_listing
cari,Carì Carì,Carì,https://www.bergfex.ch/cari/,existing ski_id retained; exact unique URL joins; no fuzzy merges,pending_domain_and_country_verification,retain_provisional_listing
cioss_prato_bedretto,Cioss Prato Cioss Prato / Bedretto,Cioss Prato Bedretto,https://www.bergfex.ch/cioss-prato-bedretto/,existing ski_id retained; exact unique URL joins; no fuzzy merges,pending_domain_and_country_verification,retain_provisional_listing
mogno,Mogno Mogno,Mogno,https://www.bergfex.ch/mogno/,existing ski_id retained; exact unique URL joins; no fuzzy merges,pending_domain_and_country_verification,retain_provisional_listing
nara_leontica_cancori,Nara Nara / Leontica-Cancorì,Nara Leontica - Cancorì,https://www.bergfex.ch/nara-leontica-cancori/,existing ski_id retained; exact unique URL joins; no fuzzy merges,pending_domain_and_country_verification,retain_provisional_listing
piano_di_peccia,Piano di Peccia Piano di Peccia,Piano di Peccia,https://www.bergfex.ch/piano-di-peccia/,existing ski_id retained; exact unique URL joins; no fuzzy merges,pending_domain_and_country_verification,retain_provisional_listing
prato_leventina,Prato Leventina Prato Leventina,Prato Leventina,https://www.bergfex.ch/prato-leventina/,existing ski_id retained; exact unique URL joins; no fuzzy merges,pending_domain_and_country_verification,retain_provisional_listing
aletsch_arena_riederalp_bettmeralp_fiesch_eggishorn,Aletsch Arena Aletsch Arena / Riederalp - Bettmeralp - Fiesch-Eggishorn,Aletsch Arena Riederalp - Bettmeralp - Fiesch - Eggishorn,https://www.bergfex.ch/aletsch-arena/,existing ski_id retained; exact unique URL joins; no fuzzy merges,pending_domain_and_country_verification,retain_provisional_listing
anzere,Anzère Anzère,Anzère,https://www.bergfex.ch/anzere/,existing ski_id retained; exact unique URL joins; no fuzzy merges,pending_domain_and_country_verification,retain_provisional_listing
arolla,Arolla Arolla,Arolla,https://www.bergfex.ch/arolla/,existing ski_id retained; exact unique URL joins; no fuzzy merges,pending_domain_and_country_verification,retain_provisional_listing
avoriaz_1800_portes_du_soleil,Avoriaz 1800 Avoriaz 1800 / Portes du Soleil,Avoriaz 1800 Portes du Soleil,https://www.bergfex.ch/avoriaz/,existing ski_id retained; exact unique URL joins; no fuzzy merges,pending_domain_and_country_verification,retain_provisional_listing
belalp,Belalp Belalp,Belalp,https://www.bergfex.ch/belalp/,existing ski_id retained; exact unique URL joins; no fuzzy merges,pending_domain_and_country_verification,retain_provisional_listing
bellwald,Bellwald Bellwald,Bellwald,https://www.bergfex.ch/bellwald/,existing ski_id retained; exact unique URL joins; no fuzzy merges,pending_domain_and_country_verification,retain_provisional_listing
bruson_verbier,Bruson Bruson - Verbier,Bruson - Verbier,https://www.bergfex.ch/bruson/,existing ski_id retained; exact unique URL joins; no fuzzy merges,pending_domain_and_country_verification,retain_provisional_listing
champex_lac,Champex - Lac Champex - Lac,Champex - Lac,https://www.bergfex.ch/champex/,existing ski_id retained; exact unique URL joins; no fuzzy merges,pending_domain_and_country_verification,retain_provisional_listing
champery_les_crosets_champoussin_morgins_portes_du_soleil,Champéry Champéry - Les Crosets - Champoussin - Morgins / Portes du Soleil,Champéry - Les Crosets - Champoussin - Morgins Portes du Soleil,https://www.bergfex.ch/champery/,existing ski_id retained; exact unique URL joins; no fuzzy merges,pending_domain_and_country_verification,retain_provisional_listing
chapelle_abondance_la_chapelle_d_abondance_portes_du_soleil,Chapelle Abondance La Chapelle d'Abondance / Portes du Soleil,Chapelle Abondance La Chapelle d'Abondance / Portes du Soleil,https://www.bergfex.ch/la-chapelle-dabondance/,existing ski_id retained; exact unique URL joins; no fuzzy merges,pending_domain_and_country_verification,retain_provisional_listing
chatel_portes_du_soleil,Châtel Châtel / Portes du Soleil,Châtel Portes du Soleil,https://www.bergfex.ch/chatel/,existing ski_id retained; exact unique URL joins; no fuzzy merges,pending_domain_and_country_verification,retain_provisional_listing
crans_montana_crans_montana,Crans-Montana Crans - Montana,Crans - Montana Crans - Montana,https://www.bergfex.ch/crans-montana/,existing ski_id retained; exact unique URL joins; no fuzzy merges,pending_domain_and_country_verification,retain_provisional_listing
eischoll_sportbahnen_eischoll,Eischoll Sportbahnen Eischoll,Eischoll Sportbahnen Eischoll,https://www.bergfex.ch/sportbahnen-eischoll/,existing ski_id retained; exact unique URL joins; no fuzzy merges,pending_domain_and_country_verification,retain_provisional_listing
evolene,Evolène Evolène,Evolène,https://www.bergfex.ch/evolene/,existing ski_id retained; exact unique URL joins; no fuzzy merges,pending_domain_and_country_verification,retain_provisional_listing
gampel_jeizinen_jeizinen_feselalpe_gampel,Gampel-Jeizinen Jeizinen - Feselalpe / Gampel,Gampel - Jeizinen Jeizinen - Feselalpe / Gampel,https://www.bergfex.ch/jeizinen-engersch-gampel/,existing ski_id retained; exact unique URL joins; no fuzzy merges,pending_domain_and_country_verification,retain_provisional_listing
grimentz_zinal_grimentz_zinal,Grimentz/​Zinal Grimentz - Zinal,Grimentz/Zinal Grimentz - Zinal,https://www.bergfex.ch/grimentz-zinal/,existing ski_id retained; exact unique URL joins; no fuzzy merges,pending_domain_and_country_verification,retain_provisional_listing
grachen,Grächen Grächen,Grächen,https://www.bergfex.ch/graechen/,existing ski_id retained; exact unique URL joins; no fuzzy merges,pending_domain_and_country_verification,retain_provisional_listing
hohsaas_saas_grund_hohsaas,Hohsaas Saas Grund - Hohsaas,Hohsaas Saas Grund - Hohsaas,https://www.bergfex.ch/hohsaas-saas-grund/,existing ski_id retained; exact unique URL joins; no fuzzy merges,pending_domain_and_country_verification,retain_provisional_listing
la_forclaz,La Forclaz La Forclaz,La Forclaz,https://www.bergfex.ch/laforclaz/,existing ski_id retained; exact unique URL joins; no fuzzy merges,pending_domain_and_country_verification,retain_provisional_listing
la_lorette_bourg_saint_pierre,La Lorette La Lorette / Bourg-Saint-Pierre,La Lorette Bourg - Saint - Pierre,https://www.bergfex.ch/la-lorette-bourg-saint-pierre/,existing ski_id retained; exact unique URL joins; no fuzzy merges,pending_domain_and_country_verification,retain_provisional_listing
la_tzoumaz_mayens_de_riddes,La Tzoumaz La Tzoumaz - Mayens de Riddes,La Tzoumaz - Mayens de Riddes,https://www.bergfex.ch/latzoumaz/,existing ski_id retained; exact unique URL joins; no fuzzy merges,pending_domain_and_country_verification,retain_provisional_listing
lauchernalp_lotschental,Lauchernalp Lauchernalp - Lötschental,Lauchernalp - Lötschental,https://www.bergfex.ch/lauchernalp/,existing ski_id retained; exact unique URL joins; no fuzzy merges,pending_domain_and_country_verification,retain_provisional_listing
les_marecottes,Les Marécottes Les Marécottes,Les Marécottes,https://www.bergfex.ch/les-marecottes/,existing ski_id retained; exact unique URL joins; no fuzzy merges,pending_domain_and_country_verification,retain_provisional_listing
leukerbad,Leukerbad Leukerbad,Leukerbad,https://www.bergfex.ch/leukerbad/,existing ski_id retained; exact unique URL joins; no fuzzy merges,pending_domain_and_country_verification,retain_provisional_listing
mont_noble_nax,Mont-Noble Mont-Noble / Nax,Mont - Noble Nax,https://www.bergfex.ch/mont-noble-nax/,existing ski_id retained; exact unique URL joins; no fuzzy merges,pending_domain_and_country_verification,retain_provisional_listing
moosalpregion,Moosalpregion Moosalpregion,Moosalpregion,https://www.bergfex.ch/moosalpregion/,existing ski_id retained; exact unique URL joins; no fuzzy merges,pending_domain_and_country_verification,retain_provisional_listing
nendaz_4_vallees,Nendaz Nendaz / 4 Vallées,Nendaz 4 Vallées,https://www.bergfex.ch/nendaz-4-vallees/,existing ski_id retained; exact unique URL joins; no fuzzy merges,pending_domain_and_country_verification,retain_provisional_listing
obergoms_goms,Obergoms Obergoms / Goms,Obergoms Goms,https://www.bergfex.ch/obergoms/,existing ski_id retained; exact unique URL joins; no fuzzy merges,pending_domain_and_country_verification,retain_provisional_listing
ovronnaz,Ovronnaz Ovronnaz,Ovronnaz,https://www.bergfex.ch/ovronnaz/,existing ski_id retained; exact unique URL joins; no fuzzy merges,pending_domain_and_country_verification,retain_provisional_listing
rosswald,Rosswald Rosswald,Rosswald,https://www.bergfex.ch/rosswald/,existing ski_id retained; exact unique URL joins; no fuzzy merges,pending_domain_and_country_verification,retain_provisional_listing
rothwald_wasenalp_am_simplon,Rothwald Rothwald - Wasenalp am Simplon,Rothwald - Wasenalp am Simplon,https://www.bergfex.ch/rothwald-wasenalp-simplon/,existing ski_id retained; exact unique URL joins; no fuzzy merges,pending_domain_and_country_verification,retain_provisional_listing
saas_almagell,Saas Almagell Saas Almagell,Saas Almagell,https://www.bergfex.ch/saas-almagell/,existing ski_id retained; exact unique URL joins; no fuzzy merges,pending_domain_and_country_verification,retain_provisional_listing
saas_fee,Saas-Fee Saas-Fee,Saas - Fee,https://www.bergfex.ch/saas-fee/,existing ski_id retained; exact unique URL joins; no fuzzy merges,pending_domain_and_country_verification,retain_provisional_listing
st_luc_chandolin,St-Luc St-Luc / Chandolin,St - Luc Chandolin,https://www.bergfex.ch/funiluc/,existing ski_id retained; exact unique URL joins; no fuzzy merges,pending_domain_and_country_verification,retain_provisional_listing
staldenried_gspon,Staldenried Staldenried - Gspon,Staldenried - Gspon,https://www.bergfex.ch/staldenried-gspon/,existing ski_id retained; exact unique URL joins; no fuzzy merges,pending_domain_and_country_verification,retain_provisional_listing
thyon_4_vallees,Thyon Thyon / 4 Vallées,Thyon 4 Vallées,https://www.bergfex.ch/thyon-4-vallees/,existing ski_id retained; exact unique URL joins; no fuzzy merges,pending_domain_and_country_verification,retain_provisional_listing
torgon_portes_du_soleil,Torgon Torgon / Portes du Soleil,Torgon Portes du Soleil,https://www.bergfex.ch/torgon/,existing ski_id retained; exact unique URL joins; no fuzzy merges,pending_domain_and_country_verification,retain_provisional_listing
unterbach_brandalp,Unterbäch Unterbäch - Brandalp,Unterbäch - Brandalp,https://www.bergfex.ch/unterbaech/,existing ski_id retained; exact unique URL joins; no fuzzy merges,pending_domain_and_country_verification,retain_provisional_listing
val_ferret_la_fouly,Val Ferret Val Ferret - La Fouly,Val Ferret - La Fouly,https://www.bergfex.ch/la-fouly/,existing ski_id retained; exact unique URL joins; no fuzzy merges,pending_domain_and_country_verification,retain_provisional_listing
verbier_4_vallees,Verbier Verbier / 4 Vallées,Verbier 4 Vallées,https://www.bergfex.ch/verbier/,existing ski_id retained; exact unique URL joins; no fuzzy merges,pending_domain_and_country_verification,retain_provisional_listing
vercorin,Vercorin Vercorin,Vercorin,https://www.bergfex.ch/vercorin/,existing ski_id retained; exact unique URL joins; no fuzzy merges,pending_domain_and_country_verification,retain_provisional_listing
veysonnaz_4_vallees,Veysonnaz Veysonnaz / 4 Vallées,Veysonnaz 4 Vallées,https://www.bergfex.ch/veysonnaz-4-vallees/,existing ski_id retained; exact unique URL joins; no fuzzy merges,pending_domain_and_country_verification,retain_provisional_listing
vicheres_liddes_vicheres,Vichères Liddes - Vichères,Vichères Liddes - Vichères,https://www.bergfex.ch/vicheres/,existing ski_id retained; exact unique URL joins; no fuzzy merges,pending_domain_and_country_verification,retain_provisional_listing
visperterminen,Visperterminen Visperterminen,Visperterminen,https://www.bergfex.ch/visperterminen/,existing ski_id retained; exact unique URL joins; no fuzzy merges,pending_domain_and_country_verification,retain_provisional_listing
zermatt,Zermatt Zermatt,Zermatt,https://www.bergfex.ch/zermatt/,existing ski_id retained; exact unique URL joins; no fuzzy merges,pending_domain_and_country_verification,retain_provisional_listing
glacier_3000_les_diablerets,Glacier 3000 Glacier 3000 - Les Diablerets,Glacier 3000 - Les Diablerets,https://www.bergfex.ch/diablerets/,existing ski_id retained; exact unique URL joins; no fuzzy merges,pending_domain_and_country_verification,retain_provisional_listing
la_dole_jura_sur_leman,La Dôle Jura sur Léman,La Dôle Jura sur Léman,https://www.bergfex.ch/jura-sur-leman/,existing ski_id retained; exact unique URL joins; no fuzzy merges,pending_domain_and_country_verification,retain_provisional_listing
les_diablerets_glacier_3000,Les Diablerets Les Diablerets - Glacier 3000,Les Diablerets - Glacier 3000,https://www.bergfex.ch/les-diablerets/,existing ski_id retained; exact unique URL joins; no fuzzy merges,pending_domain_and_country_verification,retain_provisional_listing
les_pleiades,Les Pléiades Les Pléiades,Les Pléiades,https://www.bergfex.ch/les-pleiades/,existing ski_id retained; exact unique URL joins; no fuzzy merges,pending_domain_and_country_verification,retain_provisional_listing
les_prevondes,Les Prévondes Les Prévondes,Les Prévondes,https://www.bergfex.ch/les-prevondes/,existing ski_id retained; exact unique URL joins; no fuzzy merges,pending_domain_and_country_verification,retain_provisional_listing
leysin_les_mosses_la_lecherette,Leysin Leysin - Les Mosses - La Lécherette,Leysin - Les Mosses - La Lécherette,https://www.bergfex.ch/leysin-mosses-lecherette/,existing ski_id retained; exact unique URL joins; no fuzzy merges,pending_domain_and_country_verification,retain_provisional_listing
rochers_de_naye_haut_de_caux_dent_de_jaman,Rochers de Naye Rochers de Naye - Haut de Caux - Dent de Jaman,Rochers de Naye - Haut de Caux - Dent de Jaman,https://www.bergfex.ch/rochers-de-naye/,existing ski_id retained; exact unique URL joins; no fuzzy merges,pending_domain_and_country_verification,retain_provisional_listing
rougemont_rougemont_la_videmanette,Rougemont Rougemont-La Videmanette,Rougemont Rougemont - La Videmanette,https://www.bergfex.ch/rougemont-la-videmanette/,existing ski_id retained; exact unique URL joins; no fuzzy merges,pending_domain_and_country_verification,retain_provisional_listing
saint_george_saint_george,Saint George Saint-George,Saint George Saint - George,https://www.bergfex.ch/saint-george/,existing ski_id retained; exact unique URL joins; no fuzzy merges,pending_domain_and_country_verification,retain_provisional_listing
sainte_croix_les_rasses,Sainte Croix Sainte Croix - Les Rasses,Sainte Croix - Les Rasses,https://www.bergfex.ch/sainte-croix/,existing ski_id retained; exact unique URL joins; no fuzzy merges,pending_domain_and_country_verification,retain_provisional_listing
st_cergue,St. Cergue St. Cergue,St. Cergue,https://www.bergfex.ch/saint-cergue/,existing ski_id retained; exact unique URL joins; no fuzzy merges,pending_domain_and_country_verification,retain_provisional_listing
trelasse_la_trelasse,Trelasse La Trélasse,Trelasse La Trélasse,https://www.bergfex.ch/trelasse/,existing ski_id retained; exact unique URL joins; no fuzzy merges,pending_domain_and_country_verification,retain_provisional_listing
vallee_de_joux,Vallée de Joux Vallée de Joux,Vallée de Joux,https://www.bergfex.ch/vallee-de-joux/,existing ski_id retained; exact unique URL joins; no fuzzy merges,pending_domain_and_country_verification,retain_provisional_listing
villars_gryon_villars_gryon_les_diablerets,Villars-Gryon Villars - Gryon - Les Diablerets,Villars - Gryon Villars - Gryon - Les Diablerets,https://www.bergfex.ch/villars/,existing ski_id retained; exact unique URL joins; no fuzzy merges,pending_domain_and_country_verification,retain_provisional_listing
dicki_weisslingen,Dicki Dicki - Weisslingen,Dicki - Weisslingen,https://www.bergfex.ch/dicki-weisslingen/,existing ski_id retained; exact unique URL joins; no fuzzy merges,pending_domain_and_country_verification,retain_provisional_listing
ghoch,Ghöch Ghöch,Ghöch,https://www.bergfex.ch/ghoech/,existing ski_id retained; exact unique URL joins; no fuzzy merges,pending_domain_and_country_verification,retain_provisional_listing
oberholz_farner,Oberholz-Farner Oberholz-Farner,Oberholz - Farner,https://www.bergfex.ch/oberholz-farner/,existing ski_id retained; exact unique URL joins; no fuzzy merges,pending_domain_and_country_verification,retain_provisional_listing
oberwangen,Oberwangen Oberwangen,Oberwangen,https://www.bergfex.ch/oberwangen/,existing ski_id retained; exact unique URL joins; no fuzzy merges,pending_domain_and_country_verification,retain_provisional_listing
regensberg_im_buck,Regensberg Regensberg - Im Buck,Regensberg - Im Buck,https://www.bergfex.ch/regensberg/,existing ski_id retained; exact unique URL joins; no fuzzy merges,pending_domain_and_country_verification,retain_provisional_listing
rohrenmoos_dietikon,Röhrenmoos Röhrenmoos / Dietikon,Röhrenmoos Dietikon,https://www.bergfex.ch/roehrenmoos-dietikon/,existing ski_id retained; exact unique URL joins; no fuzzy merges,pending_domain_and_country_verification,retain_provisional_listing
schafbuel_wildberg,Schafbüel Schafbüel - Wildberg,Schafbüel - Wildberg,https://www.bergfex.ch/schafbuel-wildberg/,existing ski_id retained; exact unique URL joins; no fuzzy merges,pending_domain_and_country_verification,retain_provisional_listing
sitzberg,Sitzberg Sitzberg,Sitzberg,https://www.bergfex.ch/sitzberg/,existing ski_id retained; exact unique URL joins; no fuzzy merges,pending_domain_and_country_verification,retain_provisional_listing
steg_im_tosstal,Steg im Tösstal Steg im Tösstal,Steg im Tösstal,https://www.bergfex.ch/steg/,existing ski_id retained; exact unique URL joins; no fuzzy merges,pending_domain_and_country_verification,retain_provisional_listing
steig_baretswill_steig_baretswil,Steig-Bäretswill Steig - Bäretswil,Steig - Bäretswill Steig - Bäretswil,https://www.bergfex.ch/steig-baeretswil/,existing ski_id retained; exact unique URL joins; no fuzzy merges,pending_domain_and_country_verification,retain_provisional_listing
sternenberg,Sternenberg Sternenberg,Sternenberg,https://www.bergfex.ch/sternenberg/,existing ski_id retained; exact unique URL joins; no fuzzy merges,pending_domain_and_country_verification,retain_provisional_listing
