official_destination_id,official_destination_name,official_destination_path,official_regions,official_region_codes,official_coordinate_count,official_latitude_first,official_longitude_first,candidate_resort_id,entity_resolution_method,entity_resolution_status,current_member_snapshot,snapshot_retrieval_date,source_id,source_url,source_sha256,resort_name_canonical,cluster_id
1805,Aeschiallmend,/fr/stations/aeschiallmend-1805,Berne,BE,1,46.64742921,7.726616478,,no_candidate,unresolved,True,2026-09-19T23:17:26.501601+00:00,MAGIC_CURRENT_MAP,https://www.magicpass.ch/fr/stations/map,7982ed874329de9524620805622c0742e65e9082674a98a13a6567ff05244def,,
4,Anzère,/fr/stations/anzere-4,Valais,VS,1,46.29536262,7.394973804,anzere,unique_normalised_label,candidate_match_scope_pending,True,2026-09-19T23:17:26.501601+00:00,MAGIC_CURRENT_MAP,https://www.magicpass.ch/fr/stations/map,7982ed874329de9524620805622c0742e65e9082674a98a13a6567ff05244def,Anzère,SKI_CLUSTER_020
118,Arolla,/fr/stations/espace-dent-blanche-arolla-118,Valais,VS,1,46.02210383,7.480742419,arolla,unique_normalised_label,candidate_match_scope_pending,True,2026-09-19T23:17:26.501601+00:00,MAGIC_CURRENT_MAP,https://www.magicpass.ch/fr/stations/map,7982ed874329de9524620805622c0742e65e9082674a98a13a6567ff05244def,Arolla,SKI_CLUSTER_070
1800,Axalp,/fr/stations/axalp-1800,Berne,BE,1,46.71530973,8.040098693,axalp_brienz,reviewed_alias,candidate_match_scope_pending,True,2026-09-19T23:17:26.501601+00:00,MAGIC_CURRENT_MAP,https://www.magicpass.ch/fr/stations/map,7982ed874329de9524620805622c0742e65e9082674a98a13a6567ff05244def,Axalp Brienz,SKI_CLUSTER_095
4444,Balmberg,/fr/stations/balmberg-4444,Soleure,SO,1,47.26594371,7.543526064,balmberg,unique_normalised_label,candidate_match_scope_pending,True,2026-09-19T23:17:26.501601+00:00,MAGIC_CURRENT_MAP,https://www.magicpass.ch/fr/stations/map,7982ed874329de9524620805622c0742e65e9082674a98a13a6567ff05244def,Balmberg,SKI_CLUSTER_108
1799,Beatenberg-Hohwald,/fr/stations/beatenberg-hohwald-1799,Berne,BE,1,46.70787791,7.815691321,,no_candidate,unresolved,True,2026-09-19T23:17:26.501601+00:00,MAGIC_CURRENT_MAP,https://www.magicpass.ch/fr/stations/map,7982ed874329de9524620805622c0742e65e9082674a98a13a6567ff05244def,,
4447,Bergbahnen Gstaad,/fr/stations/bergbahnen-gstaad-4447,Berne|Vaud,BE|VD,1,46.46764607111208,7.282322020344294,gstaad,reviewed_alias,candidate_match_scope_pending,True,2026-09-19T23:17:26.501601+00:00,MAGIC_CURRENT_MAP,https://www.magicpass.ch/fr/stations/map,7982ed874329de9524620805622c0742e65e9082674a98a13a6567ff05244def,Gstaad,SKI_CLUSTER_016
5567,Bernex,/fr/stations/bernex-5567,France,France,1,46.356143118829706,6.689721459767422,,no_candidate,unresolved,True,2026-09-19T23:17:26.501601+00:00,MAGIC_CURRENT_MAP,https://www.magicpass.ch/fr/stations/map,7982ed874329de9524620805622c0742e65e9082674a98a13a6567ff05244def,,
4445,Blatten-Belalp,/fr/stations/blatten-belalp-4445,Valais,VS,1,46.3717625,7.974528353,belalp,reviewed_alias,candidate_match_scope_pending,True,2026-09-19T23:17:26.501601+00:00,MAGIC_CURRENT_MAP,https://www.magicpass.ch/fr/stations/map,7982ed874329de9524620805622c0742e65e9082674a98a13a6567ff05244def,Belalp,SKI_CLUSTER_009
12,Bugnenets-Savagnières,/fr/stations/bugnenets-savagnieres-12,Neuchâtel,NE,1,47.12724069,7.006993922,les_bugnenets_savagnieres,reviewed_alias,candidate_match_scope_pending,True,2026-09-19T23:17:26.501601+00:00,MAGIC_CURRENT_MAP,https://www.magicpass.ch/fr/stations/map,7982ed874329de9524620805622c0742e65e9082674a98a13a6567ff05244def,Les Bugnenets - Savagnières,SKI_CLUSTER_042
2765,Bumbach Schangnau,/fr/stations/bumbach-schangnau-2765,Berne,BE,1,46.81430707,7.893716052,bumbach_schangnau,reviewed_alias,candidate_match_scope_pending,True,2026-09-19T23:17:26.501601+00:00,MAGIC_CURRENT_MAP,https://www.magicpass.ch/fr/stations/map,7982ed874329de9524620805622c0742e65e9082674a98a13a6567ff05244def,Bumbach - Schangnau,SKI_CLUSTER_074
14,Charmey,/fr/stations/charmey-14,Fribourg,FR,1,46.61896912,7.169565997,charmey,unique_normalised_label,candidate_match_scope_pending,True,2026-09-19T23:17:26.501601+00:00,MAGIC_CURRENT_MAP,https://www.magicpass.ch/fr/stations/map,7982ed874329de9524620805622c0742e65e9082674a98a13a6567ff05244def,Charmey,SKI_CLUSTER_091
17,Crêt-du-Puy,/fr/stations/cret-du-puy-17,Neuchâtel,NE,1,47.09323289,6.982128586,le_paquier_cret_du_puy,reviewed_alias,candidate_match_scope_pending,True,2026-09-19T23:17:26.501601+00:00,MAGIC_CURRENT_MAP,https://www.magicpass.ch/fr/stations/map,7982ed874329de9524620805622c0742e65e9082674a98a13a6567ff05244def,Le Pâquier Crêt - du - Puy,SKI_CLUSTER_042
3614,Devero,/fr/stations/devero-3614,Italie,Italie,1,46.31472953,8.254767038,,no_candidate,unresolved,True,2026-09-19T23:17:26.501601+00:00,MAGIC_CURRENT_MAP,https://www.magicpass.ch/fr/stations/map,7982ed874329de9524620805622c0742e65e9082674a98a13a6567ff05244def,,
5520,Domobianca,/fr/stations/domobianca-5520,Italie,Italie,1,46.10299033364616,8.25672450194638,,no_candidate,unresolved,True,2026-09-19T23:17:26.501601+00:00,MAGIC_CURRENT_MAP,https://www.magicpass.ch/fr/stations/map,7982ed874329de9524620805622c0742e65e9082674a98a13a6567ff05244def,,
2766,Eischoll,/fr/stations/eischoll-2766,Valais,VS,1,46.29271569,7.78081187,eischoll_sportbahnen_eischoll,reviewed_alias,candidate_match_scope_pending,True,2026-09-19T23:17:26.501601+00:00,MAGIC_CURRENT_MAP,https://www.magicpass.ch/fr/stations/map,7982ed874329de9524620805622c0742e65e9082674a98a13a6567ff05244def,Eischoll Sportbahnen Eischoll,SKI_CLUSTER_012
1797,Eriz,/fr/stations/eriz-1797,Berne,BE,1,46.7843605,7.826814718,eriz,unique_normalised_label,candidate_match_scope_pending,True,2026-09-19T23:17:26.501601+00:00,MAGIC_CURRENT_MAP,https://www.magicpass.ch/fr/stations/map,7982ed874329de9524620805622c0742e65e9082674a98a13a6567ff05244def,Eriz,SKI_CLUSTER_138
88,Evolène,/fr/stations/espace-dent-blanche-evolene-88,Valais,VS,1,46.12513573,7.478491204,evolene,unique_normalised_label,candidate_match_scope_pending,True,2026-09-19T23:17:26.501601+00:00,MAGIC_CURRENT_MAP,https://www.magicpass.ch/fr/stations/map,7982ed874329de9524620805622c0742e65e9082674a98a13a6567ff05244def,Evolène,SKI_CLUSTER_106
1804,Faltschen,/fr/stations/faltschen-1804,Berne,BE,1,46.63111482,7.719558125,faltschen_reichenbach_im_kandertal,reviewed_alias,candidate_match_scope_pending,True,2026-09-19T23:17:26.501601+00:00,MAGIC_CURRENT_MAP,https://www.magicpass.ch/fr/stations/map,7982ed874329de9524620805622c0742e65e9082674a98a13a6567ff05244def,Faltschen - Reichenbach im Kandertal,SKI_CLUSTER_110
2767,Gantrisch Gurnigel,/fr/stations/gantrisch-gurnigel-2767,Berne,BE,1,46.72341632,7.446214769,gantrisch_gurnigel,unique_normalised_label,candidate_match_scope_pending,True,2026-09-19T23:17:26.501601+00:00,MAGIC_CURRENT_MAP,https://www.magicpass.ch/fr/stations/map,7982ed874329de9524620805622c0742e65e9082674a98a13a6567ff05244def,Gantrisch - Gurnigel,SKI_CLUSTER_051
85,Glacier 3000,/fr/stations/glacier-3000-85,Vaud,VD,1,46.35410336,7.205630996,,no_candidate,unresolved,True,2026-09-19T23:17:26.501601+00:00,MAGIC_CURRENT_MAP,https://www.magicpass.ch/fr/stations/map,7982ed874329de9524620805622c0742e65e9082674a98a13a6567ff05244def,,
4446,Grenchenberg,/fr/stations/grenchenberg-4446,Soleure,SO,1,47.22404367,7.385151175,,no_candidate,unresolved,True,2026-09-19T23:17:26.501601+00:00,MAGIC_CURRENT_MAP,https://www.magicpass.ch/fr/stations/map,7982ed874329de9524620805622c0742e65e9082674a98a13a6567ff05244def,,
18,Grimentz-Zinal,/fr/stations/grimentz-zinal-18,Valais,VS,2,46.16318303,7.612292466,grimentz_zinal_grimentz_zinal,reviewed_alias,candidate_match_scope_pending,True,2026-09-19T23:17:26.501601+00:00,MAGIC_CURRENT_MAP,https://www.magicpass.ch/fr/stations/map,7982ed874329de9524620805622c0742e65e9082674a98a13a6567ff05244def,Grimentz/Zinal Grimentz - Zinal,SKI_CLUSTER_028
1382,Grimmialp,/fr/stations/grimmialp-1382,Berne,BE,1,46.56845035,7.483349605,grimmialp_diemtigtal,reviewed_alias,candidate_match_scope_pending,True,2026-09-19T23:17:26.501601+00:00,MAGIC_CURRENT_MAP,https://www.magicpass.ch/fr/stations/map,7982ed874329de9524620805622c0742e65e9082674a98a13a6567ff05244def,Grimmialp Diemtigtal,SKI_CLUSTER_107
2768,Gspon,/fr/stations/gspon-2768,Valais,VS,1,46.22681072,7.904189525,staldenried_gspon,reviewed_alias,candidate_match_scope_pending,True,2026-09-19T23:17:26.501601+00:00,MAGIC_CURRENT_MAP,https://www.magicpass.ch/fr/stations/map,7982ed874329de9524620805622c0742e65e9082674a98a13a6567ff05244def,Staldenried - Gspon,SKI_CLUSTER_012
2769,Gurnigelbad,/fr/stations/gurnigelbad-2769,Berne,BE,1,46.7588195,7.446296235,,no_candidate,unresolved,True,2026-09-19T23:17:26.501601+00:00,MAGIC_CURRENT_MAP,https://www.magicpass.ch/fr/stations/map,7982ed874329de9524620805622c0742e65e9082674a98a13a6567ff05244def,,
1798,Habkern,/fr/stations/habkern-1798,Berne,BE,1,46.72541959,7.861133096,habkern,unique_normalised_label,candidate_match_scope_pending,True,2026-09-19T23:17:26.501601+00:00,MAGIC_CURRENT_MAP,https://www.magicpass.ch/fr/stations/map,7982ed874329de9524620805622c0742e65e9082674a98a13a6567ff05244def,Habkern,SKI_CLUSTER_046
1795,Heimenschwand,/fr/stations/heimenschwand-1795,Berne,BE,1,46.82580692,7.681487701,heimenschwand_buchholterberg,reviewed_alias,candidate_match_scope_pending,True,2026-09-19T23:17:26.501601+00:00,MAGIC_CURRENT_MAP,https://www.magicpass.ch/fr/stations/map,7982ed874329de9524620805622c0742e65e9082674a98a13a6567ff05244def,Heimenschwand Buchholterberg,SKI_CLUSTER_109
3590,Hirmentaz,/fr/stations/hirmentaz-3590,France,France,1,46.24553371,6.505413286,,no_candidate,unresolved,True,2026-09-19T23:17:26.501601+00:00,MAGIC_CURRENT_MAP,https://www.magicpass.ch/fr/stations/map,7982ed874329de9524620805622c0742e65e9082674a98a13a6567ff05244def,,
5569,Hohe Winde,/fr/stations/hohe-winde-5569,Soleure,SO,1,47.34790302057197,7.602086899531456,hohe_winde_beinwil,reviewed_alias,candidate_match_scope_pending,True,2026-09-19T23:17:26.501601+00:00,MAGIC_CURRENT_MAP,https://www.magicpass.ch/fr/stations/map,7982ed874329de9524620805622c0742e65e9082674a98a13a6567ff05244def,Hohe Winde Beinwil,SKI_CLUSTER_179
3589,Homberg,/fr/stations/homberg-3589,Berne,BE,1,46.77274692,7.677538407,homberg_skilift_dreiligass_winteregg,reviewed_alias,candidate_match_scope_pending,True,2026-09-19T23:17:26.501601+00:00,MAGIC_CURRENT_MAP,https://www.magicpass.ch/fr/stations/map,7982ed874329de9524620805622c0742e65e9082674a98a13a6567ff05244def,Homberg Skilift Dreiligass - Winteregg,SKI_CLUSTER_136
19,Jaun,/fr/stations/jaun-19,Fribourg,FR,1,46.60819052,7.291430523,jaun_gastlosen,reviewed_alias,candidate_match_scope_pending,True,2026-09-19T23:17:26.501601+00:00,MAGIC_CURRENT_MAP,https://www.magicpass.ch/fr/stations/map,7982ed874329de9524620805622c0742e65e9082674a98a13a6567ff05244def,Jaun Gastlosen,SKI_CLUSTER_092
1802,Jaunpass,/fr/stations/jaunpass-1802,Berne,BE,1,46.59351432,7.338367714,jaunpass,unique_normalised_label,candidate_match_scope_pending,True,2026-09-19T23:17:26.501601+00:00,MAGIC_CURRENT_MAP,https://www.magicpass.ch/fr/stations/map,7982ed874329de9524620805622c0742e65e9082674a98a13a6567ff05244def,Jaunpass,SKI_CLUSTER_132
1381,Jeizinen,/fr/stations/jeizinen-1381,Valais,VS,1,46.33471529,7.726888422,gampel_jeizinen_jeizinen_feselalpe_gampel,reviewed_alias,candidate_match_scope_pending,True,2026-09-19T23:17:26.501601+00:00,MAGIC_CURRENT_MAP,https://www.magicpass.ch/fr/stations/map,7982ed874329de9524620805622c0742e65e9082674a98a13a6567ff05244def,Gampel - Jeizinen Jeizinen - Feselalpe / Gampel,SKI_CLUSTER_072
3608,Jura-sur-Léman (Transfrontalier),/fr/stations/jura-sur-leman-transfrontalier-3608,France|Vaud,France|VD,1,46.440663517413405,6.0837485196039225,,no_candidate,unresolved,True,2026-09-19T23:17:26.501601+00:00,MAGIC_CURRENT_MAP,https://www.magicpass.ch/fr/stations/map,7982ed874329de9524620805622c0742e65e9082674a98a13a6567ff05244def,,
2770,Kiental,/fr/stations/kiental-2770,Berne,BE,1,46.58556524,7.723541627,kiental,unique_normalised_label,candidate_match_scope_pending,True,2026-09-19T23:17:26.501601+00:00,MAGIC_CURRENT_MAP,https://www.magicpass.ch/fr/stations/map,7982ed874329de9524620805622c0742e65e9082674a98a13a6567ff05244def,Kiental,SKI_CLUSTER_137
5500,Klewenalp-Stockhütte,/fr/stations/klewenalp-stockhutte-5500,Nidwald,NW,2,46.94042857279036,8.47302552244152,klewenalp_stockhutte,unique_normalised_label,candidate_match_scope_pending,True,2026-09-19T23:17:26.501601+00:00,MAGIC_CURRENT_MAP,https://www.magicpass.ch/fr/stations/map,7982ed874329de9524620805622c0742e65e9082674a98a13a6567ff05244def,Klewenalp - Stockhütte,SKI_CLUSTER_003
20,La Berra,/fr/stations/la-berra-20,Fribourg,FR,1,46.68705297,7.155148767,la_berra_la_roche,reviewed_alias,candidate_match_scope_pending,True,2026-09-19T23:17:26.501601+00:00,MAGIC_CURRENT_MAP,https://www.magicpass.ch/fr/stations/map,7982ed874329de9524620805622c0742e65e9082674a98a13a6567ff05244def,La Berra - La Roche,SKI_CLUSTER_069
117,La Forclaz,/fr/stations/espace-dent-blanche-la-forclaz-117,Valais,VS,1,46.08709494,7.520904512,la_forclaz,unique_normalised_label,candidate_match_scope_pending,True,2026-09-19T23:17:26.501601+00:00,MAGIC_CURRENT_MAP,https://www.magicpass.ch/fr/stations/map,7982ed874329de9524620805622c0742e65e9082674a98a13a6567ff05244def,La Forclaz,SKI_CLUSTER_134
2771,Lauchernalp,/fr/stations/lauchernalp-2771,Valais,VS,1,46.40252532,7.777876736,,no_candidate,unresolved,True,2026-09-19T23:17:26.501601+00:00,MAGIC_CURRENT_MAP,https://www.magicpass.ch/fr/stations/map,7982ed874329de9524620805622c0742e65e9082674a98a13a6567ff05244def,,
4448,Le Grand-Bornand,/fr/stations/le-grand-bornand-4448,France,France,1,45.9458549666648,6.4346945068189,,no_candidate,unresolved,True,2026-09-19T23:17:26.501601+00:00,MAGIC_CURRENT_MAP,https://www.magicpass.ch/fr/stations/map,7982ed874329de9524620805622c0742e65e9082674a98a13a6567ff05244def,,
22,Les Diablerets,/fr/stations/les-diablerets-22,Vaud,VD,1,46.34595928,7.155236958,,no_candidate,unresolved,True,2026-09-19T23:17:26.501601+00:00,MAGIC_CURRENT_MAP,https://www.magicpass.ch/fr/stations/map,7982ed874329de9524620805622c0742e65e9082674a98a13a6567ff05244def,,
3607,Les Habères,/fr/stations/les-haberes-3607,France,France,1,46.24530825,6.471494794,,no_candidate,unresolved,True,2026-09-19T23:17:26.501601+00:00,MAGIC_CURRENT_MAP,https://www.magicpass.ch/fr/stations/map,7982ed874329de9524620805622c0742e65e9082674a98a13a6567ff05244def,,
23,Les Marécottes,/fr/stations/les-marecottes-23,Valais,VS,1,46.11262456,7.007782286,les_marecottes,unique_normalised_label,candidate_match_scope_pending,True,2026-09-19T23:17:26.501601+00:00,MAGIC_CURRENT_MAP,https://www.magicpass.ch/fr/stations/map,7982ed874329de9524620805622c0742e65e9082674a98a13a6567ff05244def,Les Marécottes,SKI_CLUSTER_103
24,Les Mosses-La Lécherette,/fr/stations/les-mosses-la-lecherette-24,Vaud,VD,1,46.39993497,7.100153934,,no_candidate,unresolved,True,2026-09-19T23:17:26.501601+00:00,MAGIC_CURRENT_MAP,https://www.magicpass.ch/fr/stations/map,7982ed874329de9524620805622c0742e65e9082674a98a13a6567ff05244def,,
25,Les Paccots,/fr/stations/les-paccots-25,Fribourg,FR,1,46.52408792,6.946674293,les_paccots_chatel_saint_denis,reviewed_alias,candidate_match_scope_pending,True,2026-09-19T23:17:26.501601+00:00,MAGIC_CURRENT_MAP,https://www.magicpass.ch/fr/stations/map,7982ed874329de9524620805622c0742e65e9082674a98a13a6567ff05244def,Les Paccots - Châtel Saint Denis,SKI_CLUSTER_023
89,Les Pléiades,/fr/stations/les-pleiades-89,Vaud,VD,1,46.48254548,6.909328421,les_pleiades,unique_normalised_label,candidate_match_scope_pending,True,2026-09-19T23:17:26.501601+00:00,MAGIC_CURRENT_MAP,https://www.magicpass.ch/fr/stations/map,7982ed874329de9524620805622c0742e65e9082674a98a13a6567ff05244def,Les Pléiades,SKI_CLUSTER_023
90,Les Rochers - de - Naye,/fr/stations/les-rochers--de--naye-90,Vaud,VD,1,46.43360363,6.979397427,rochers_de_naye_haut_de_caux_dent_de_jaman,reviewed_alias,candidate_match_scope_pending,True,2026-09-19T23:17:26.501601+00:00,MAGIC_CURRENT_MAP,https://www.magicpass.ch/fr/stations/map,7982ed874329de9524620805622c0742e65e9082674a98a13a6567ff05244def,Rochers de Naye - Haut de Caux - Dent de Jaman,SKI_CLUSTER_089
602,Leukerbad,/fr/stations/leukerbad-torrent-gemmi-602,Valais,VS,1,46.378386,7.627450,leukerbad,unique_normalised_label,candidate_match_scope_pending,True,2026-09-19T23:17:26.501601+00:00,MAGIC_CURRENT_MAP,https://www.magicpass.ch/fr/stations/map,7982ed874329de9524620805622c0742e65e9082674a98a13a6567ff05244def,Leukerbad,SKI_CLUSTER_045
26,Leysin,/fr/stations/leysin-26,Vaud,VD,1,46.34774413,7.017269842,,no_candidate,unresolved,True,2026-09-19T23:17:26.501601+00:00,MAGIC_CURRENT_MAP,https://www.magicpass.ch/fr/stations/map,7982ed874329de9524620805622c0742e65e9082674a98a13a6567ff05244def,,
4449,Linden,/fr/stations/linden-4449,Berne,BE,1,46.845081806557474,7.677741796914683,linden_skilift_linden,reviewed_alias,candidate_match_scope_pending,True,2026-09-19T23:17:26.501601+00:00,MAGIC_CURRENT_MAP,https://www.magicpass.ch/fr/stations/map,7982ed874329de9524620805622c0742e65e9082674a98a13a6567ff05244def,Linden Skilift Linden,SKI_CLUSTER_109
2773,Marbachegg,/fr/stations/marbachegg-2773,Lucerne,LU,1,46.85029293,7.895632598,marchbachegg_marbach_marbachegg,reviewed_alias,candidate_match_scope_pending,True,2026-09-19T23:17:26.501601+00:00,MAGIC_CURRENT_MAP,https://www.magicpass.ch/fr/stations/map,7982ed874329de9524620805622c0742e65e9082674a98a13a6567ff05244def,Marchbachegg Marbach - Marbachegg,SKI_CLUSTER_074
4450,Massif des Brasses,/fr/stations/massif-des-brasses-4450,France,France,1,46.175840,6.450285,,no_candidate,unresolved,True,2026-09-19T23:17:26.501601+00:00,MAGIC_CURRENT_MAP,https://www.magicpass.ch/fr/stations/map,7982ed874329de9524620805622c0742e65e9082674a98a13a6567ff05244def,,
27,Mayens de Conthey,/fr/stations/mayens-de-conthey-27,Valais,VS,1,46.25792288,7.282936389,,no_candidate,unresolved,True,2026-09-19T23:17:26.501601+00:00,MAGIC_CURRENT_MAP,https://www.magicpass.ch/fr/stations/map,7982ed874329de9524620805622c0742e65e9082674a98a13a6567ff05244def,,
4451,Meiringen-Hasliberg,/fr/stations/meiringen-hasliberg-4451,Berne,BE,1,46.74531143413938,8.195059199332423,meiringen_hasliberg,unique_normalised_label,candidate_match_scope_pending,True,2026-09-19T23:17:26.501601+00:00,MAGIC_CURRENT_MAP,https://www.magicpass.ch/fr/stations/map,7982ed874329de9524620805622c0742e65e9082674a98a13a6567ff05244def,Meiringen - Hasliberg,SKI_CLUSTER_024
4452,Melchsee-Frutt,/fr/stations/melchsee-frutt-4452,Obwald,OW,1,46.80295789999998,8.279068201881879,melchsee_frutt,unique_normalised_label,candidate_match_scope_pending,True,2026-09-19T23:17:26.501601+00:00,MAGIC_CURRENT_MAP,https://www.magicpass.ch/fr/stations/map,7982ed874329de9524620805622c0742e65e9082674a98a13a6567ff05244def,Melchsee - Frutt,SKI_CLUSTER_024
28,Moléson,/fr/stations/moleson-28,Fribourg,FR,1,46.54914261,7.01852318,moleson_la_gruyere,reviewed_alias,candidate_match_scope_pending,True,2026-09-19T23:17:26.501601+00:00,MAGIC_CURRENT_MAP,https://www.magicpass.ch/fr/stations/map,7982ed874329de9524620805622c0742e65e9082674a98a13a6567ff05244def,Moléson - La Gruyère,SKI_CLUSTER_023
3609,Monts Jura,/fr/stations/monts-jura-3609,France,France,1,46.37099249,6.019054691,,no_candidate,unresolved,True,2026-09-19T23:17:26.501601+00:00,MAGIC_CURRENT_MAP,https://www.magicpass.ch/fr/stations/map,7982ed874329de9524620805622c0742e65e9082674a98a13a6567ff05244def,,
2774,Moosalp,/fr/stations/moosalp-2774,Valais,VS,1,46.27128285,7.827049896,moosalpregion,reviewed_alias,candidate_match_scope_pending,True,2026-09-19T23:17:26.501601+00:00,MAGIC_CURRENT_MAP,https://www.magicpass.ch/fr/stations/map,7982ed874329de9524620805622c0742e65e9082674a98a13a6567ff05244def,Moosalpregion,SKI_CLUSTER_012
1794,Métabief,/fr/stations/metabief-1794,France,France,1,46.76886271,6.355845802,,no_candidate,unresolved,True,2026-09-19T23:17:26.501601+00:00,MAGIC_CURRENT_MAP,https://www.magicpass.ch/fr/stations/map,7982ed874329de9524620805622c0742e65e9082674a98a13a6567ff05244def,,
4453,Mörlialp Giswil,/fr/stations/morlialp-giswil-4453,Obwald,OW,1,46.825316,8.108540,morlialp,reviewed_alias,candidate_match_scope_pending,True,2026-09-19T23:17:26.501601+00:00,MAGIC_CURRENT_MAP,https://www.magicpass.ch/fr/stations/map,7982ed874329de9524620805622c0742e65e9082674a98a13a6567ff05244def,Mörlialp,SKI_CLUSTER_075
29,Nax - Mt-Noble,/fr/stations/nax--mt-noble-29,Valais,VS,1,46.22668782,7.462855898,mont_noble_nax,reviewed_alias,candidate_match_scope_pending,True,2026-09-19T23:17:26.501601+00:00,MAGIC_CURRENT_MAP,https://www.magicpass.ch/fr/stations/map,7982ed874329de9524620805622c0742e65e9082674a98a13a6567ff05244def,Mont - Noble Nax,SKI_CLUSTER_071
1796,Niederhorn,/fr/stations/niederhorn-1796,Berne,BE,1,46.69138817,7.765014816,,no_candidate,unresolved,True,2026-09-19T23:17:26.501601+00:00,MAGIC_CURRENT_MAP,https://www.magicpass.ch/fr/stations/map,7982ed874329de9524620805622c0742e65e9082674a98a13a6567ff05244def,,
2775,Ottenleue,/fr/stations/ottenleue-2775,Berne,BE,1,46.71342174,7.352966169,ottenleuebad,reviewed_alias,candidate_match_scope_pending,True,2026-09-19T23:17:26.501601+00:00,MAGIC_CURRENT_MAP,https://www.magicpass.ch/fr/stations/map,7982ed874329de9524620805622c0742e65e9082674a98a13a6567ff05244def,Ottenleuebad,SKI_CLUSTER_051
30,Ovronnaz,/fr/stations/ovronnaz-30,Valais,VS,1,46.20534674,7.160467623,ovronnaz,unique_normalised_label,candidate_match_scope_pending,True,2026-09-19T23:17:26.501601+00:00,MAGIC_CURRENT_MAP,https://www.magicpass.ch/fr/stations/map,7982ed874329de9524620805622c0742e65e9082674a98a13a6567ff05244def,Ovronnaz,SKI_CLUSTER_057
4454,Praz de Lys – Sommand,/fr/stations/praz-de-lys-sommand-4454,France,France,1,46.15947001432135,6.580260123683821,,no_candidate,unresolved,True,2026-09-19T23:17:26.501601+00:00,MAGIC_CURRENT_MAP,https://www.magicpass.ch/fr/stations/map,7982ed874329de9524620805622c0742e65e9082674a98a13a6567ff05244def,,
601,Prés-d'Orvin,/fr/stations/pres-d-orvin-601,Berne,BE,1,47.15053081,7.171285139,pres_d_orvin_les_pres_d_orvin,reviewed_alias,candidate_match_scope_pending,True,2026-09-19T23:17:26.501601+00:00,MAGIC_CURRENT_MAP,https://www.magicpass.ch/fr/stations/map,7982ed874329de9524620805622c0742e65e9082674a98a13a6567ff05244def,Prés - d'Orvin Les Prés - d'Orvin,SKI_CLUSTER_130
31,Rathvel,/fr/stations/rathvel-31,Fribourg,FR,1,46.54318435,6.979475798,rathvel,unique_normalised_label,candidate_match_scope_pending,True,2026-09-19T23:17:26.501601+00:00,MAGIC_CURRENT_MAP,https://www.magicpass.ch/fr/stations/map,7982ed874329de9524620805622c0742e65e9082674a98a13a6567ff05244def,Rathvel,SKI_CLUSTER_023
2776,Riffenmatt,/fr/stations/riffenmatt-2776,Berne,BE,1,46.76360966,7.353511499,riffenmatt,unique_normalised_label,candidate_match_scope_pending,True,2026-09-19T23:17:26.501601+00:00,MAGIC_CURRENT_MAP,https://www.magicpass.ch/fr/stations/map,7982ed874329de9524620805622c0742e65e9082674a98a13a6567ff05244def,Riffenmatt,SKI_CLUSTER_051
937,Robella Val-de-Travers,/fr/stations/robella-val-de-travers-937,Neuchâtel,NE,1,46.88682782,6.552051664,la_robella,reviewed_alias,candidate_match_scope_pending,True,2026-09-19T23:17:26.501601+00:00,MAGIC_CURRENT_MAP,https://www.magicpass.ch/fr/stations/map,7982ed874329de9524620805622c0742e65e9082674a98a13a6567ff05244def,La Robella,SKI_CLUSTER_102
1801,Rossberg,/fr/stations/rossberg-1801,Berne,BE,1,46.63781291,7.445258015,rossberg_oberwil,reviewed_alias,candidate_match_scope_pending,True,2026-09-19T23:17:26.501601+00:00,MAGIC_CURRENT_MAP,https://www.magicpass.ch/fr/stations/map,7982ed874329de9524620805622c0742e65e9082674a98a13a6567ff05244def,Rossberg - Oberwil,SKI_CLUSTER_176
1803,Rosswald,/fr/stations/rosswald-1803,Valais,VS,1,46.31421652,8.025641201,rosswald,unique_normalised_label,candidate_match_scope_pending,True,2026-09-19T23:17:26.501601+00:00,MAGIC_CURRENT_MAP,https://www.magicpass.ch/fr/stations/map,7982ed874329de9524620805622c0742e65e9082674a98a13a6567ff05244def,Rosswald,SKI_CLUSTER_058
2777,Rüschegg,/fr/stations/ruschegg-2777,Berne,BE,1,46.7601739,7.42033292,ruschegg_eywald,reviewed_alias,candidate_match_scope_pending,True,2026-09-19T23:17:26.501601+00:00,MAGIC_CURRENT_MAP,https://www.magicpass.ch/fr/stations/map,7982ed874329de9524620805622c0742e65e9082674a98a13a6567ff05244def,Rüschegg - Eywald,SKI_CLUSTER_051
5714,Saas-Almagell,/fr/stations/saas-almagell-5714,Valais,VS,1,46.09246551070663,7.957737561663128,saas_almagell,unique_normalised_label,candidate_match_scope_pending,True,2026-09-19T23:17:26.501601+00:00,MAGIC_CURRENT_MAP,https://www.magicpass.ch/fr/stations/map,7982ed874329de9524620805622c0742e65e9082674a98a13a6567ff05244def,Saas Almagell,SKI_CLUSTER_015
600,Saas-Fee,/fr/stations/saas-fee-600,Valais,VS,1,46.105734,7.927827,saas_fee,unique_normalised_label,candidate_match_scope_pending,True,2026-09-19T23:17:26.501601+00:00,MAGIC_CURRENT_MAP,https://www.magicpass.ch/fr/stations/map,7982ed874329de9524620805622c0742e65e9082674a98a13a6567ff05244def,Saas - Fee,SKI_CLUSTER_015
3611,Saint-Cergue,/fr/stations/saint-cergue-3611,Vaud,VD,1,46.445758,6.154970,st_cergue,reviewed_alias,candidate_match_scope_pending,True,2026-09-19T23:17:26.501601+00:00,MAGIC_CURRENT_MAP,https://www.magicpass.ch/fr/stations/map,7982ed874329de9524620805622c0742e65e9082674a98a13a6567ff05244def,St. Cergue,SKI_CLUSTER_100
3613,San Domenico,/fr/stations/san-domenico-3613,Italie,Italie,1,46.24988362,8.188426467,,no_candidate,unresolved,True,2026-09-19T23:17:26.501601+00:00,MAGIC_CURRENT_MAP,https://www.magicpass.ch/fr/stations/map,7982ed874329de9524620805622c0742e65e9082674a98a13a6567ff05244def,,
5568,Sattel-Hochstuckli,/fr/stations/sattel-hochstuckli-5568,Schwytz,SZ,1,47.078793216268664,8.634472145142489,,no_candidate,unresolved,True,2026-09-19T23:17:26.501601+00:00,MAGIC_CURRENT_MAP,https://www.magicpass.ch/fr/stations/map,7982ed874329de9524620805622c0742e65e9082674a98a13a6567ff05244def,,
3587,Schwanden,/fr/stations/schwanden-3587,Berne,BE,1,46.73293075,7.731344743,schwanden_sigriswil_thunersee,reviewed_alias,candidate_match_scope_pending,True,2026-09-19T23:17:26.501601+00:00,MAGIC_CURRENT_MAP,https://www.magicpass.ch/fr/stations/map,7982ed874329de9524620805622c0742e65e9082674a98a13a6567ff05244def,Schwanden - Sigriswil Thunersee,SKI_CLUSTER_046
32,Schwarzsee,/fr/stations/schwarzsee-32,Fribourg,FR,1,46.67120709,7.289721952,schwarzsee_kaiseregg_bahnen,reviewed_alias,candidate_match_scope_pending,True,2026-09-19T23:17:26.501601+00:00,MAGIC_CURRENT_MAP,https://www.magicpass.ch/fr/stations/map,7982ed874329de9524620805622c0742e65e9082674a98a13a6567ff05244def,Schwarzsee Kaiseregg Bahnen,SKI_CLUSTER_093
2778,Selital,/fr/stations/selital-2778,Berne,BE,1,46.74105304,7.391357726,schwarzenbuhl_selital,reviewed_alias,candidate_match_scope_pending,True,2026-09-19T23:17:26.501601+00:00,MAGIC_CURRENT_MAP,https://www.magicpass.ch/fr/stations/map,7982ed874329de9524620805622c0742e65e9082674a98a13a6567ff05244def,Schwarzenbühl Selital,SKI_CLUSTER_051
1360,Springenboden,/fr/stations/springenboden-1360,Berne,BE,1,46.61885759,7.575690509,springenboden_diemtigtal,reviewed_alias,candidate_match_scope_pending,True,2026-09-19T23:17:26.501601+00:00,MAGIC_CURRENT_MAP,https://www.magicpass.ch/fr/stations/map,7982ed874329de9524620805622c0742e65e9082674a98a13a6567ff05244def,Springenboden Diemtigtal,SKI_CLUSTER_063
33,St-Luc / Chandolin,/fr/stations/st-luc--chandolin-33,Valais,VS,2,46.22001485,7.602442656,st_luc_chandolin,reviewed_alias,candidate_match_scope_pending,True,2026-09-19T23:17:26.501601+00:00,MAGIC_CURRENT_MAP,https://www.magicpass.ch/fr/stations/map,7982ed874329de9524620805622c0742e65e9082674a98a13a6567ff05244def,St - Luc Chandolin,SKI_CLUSTER_036
2772,Ste-Croix/Les Rasses,/fr/stations/ste-croix-les-rasses-2772,Vaud,VD,1,46.83110924,6.540968984,sainte_croix_les_rasses,reviewed_alias,candidate_match_scope_pending,True,2026-09-19T23:17:26.501601+00:00,MAGIC_CURRENT_MAP,https://www.magicpass.ch/fr/stations/map,7982ed874329de9524620805622c0742e65e9082674a98a13a6567ff05244def,Sainte Croix - Les Rasses,SKI_CLUSTER_050
4455,Sörenberg,/fr/stations/sorenberg-4455,Lucerne,LU,1,46.82077741140738,8.033935490337749,sorenberg,unique_normalised_label,candidate_match_scope_pending,True,2026-09-19T23:17:26.501601+00:00,MAGIC_CURRENT_MAP,https://www.magicpass.ch/fr/stations/map,7982ed874329de9524620805622c0742e65e9082674a98a13a6567ff05244def,Sörenberg,SKI_CLUSTER_031
3610,Thollon-les-Mémises,/fr/stations/thollon-les-memises-3610,France,France,1,46.39042442,6.717195576,,no_candidate,unresolved,True,2026-09-19T23:17:26.501601+00:00,MAGIC_CURRENT_MAP,https://www.magicpass.ch/fr/stations/map,7982ed874329de9524620805622c0742e65e9082674a98a13a6567ff05244def,,
34,Tramelan,/fr/stations/tramelan-34,Berne,BE,1,47.21539713,7.083220734,tramelan,unique_normalised_label,candidate_match_scope_pending,True,2026-09-19T23:17:26.501601+00:00,MAGIC_CURRENT_MAP,https://www.magicpass.ch/fr/stations/map,7982ed874329de9524620805622c0742e65e9082674a98a13a6567ff05244def,Tramelan,SKI_CLUSTER_128
2779,Unterbäch,/fr/stations/unterbach-2779,Valais,VS,1,46.28422468,7.801266001,unterbach_brandalp,reviewed_alias,candidate_match_scope_pending,True,2026-09-19T23:17:26.501601+00:00,MAGIC_CURRENT_MAP,https://www.magicpass.ch/fr/stations/map,7982ed874329de9524620805622c0742e65e9082674a98a13a6567ff05244def,Unterbäch - Brandalp,SKI_CLUSTER_012
5521,Valbirse,/fr/stations/valbirse-5521,Berne,BE,1,47.23021170894445,7.270896468706806,,no_candidate,unresolved,True,2026-09-19T23:17:26.501601+00:00,MAGIC_CURRENT_MAP,https://www.magicpass.ch/fr/stations/map,7982ed874329de9524620805622c0742e65e9082674a98a13a6567ff05244def,,
87,Vallée de Joux,/fr/stations/vallee-de-joux-87,Vaud,VD,1,46.605868,6.232596,vallee_de_joux,unique_normalised_label,candidate_match_scope_pending,True,2026-09-19T23:17:26.501601+00:00,MAGIC_CURRENT_MAP,https://www.magicpass.ch/fr/stations/map,7982ed874329de9524620805622c0742e65e9082674a98a13a6567ff05244def,Vallée de Joux,SKI_CLUSTER_101
35,Vercorin,/fr/stations/vercorin-35,Valais,VS,1,46.25424695,7.533957009,vercorin,unique_normalised_label,candidate_match_scope_pending,True,2026-09-19T23:17:26.501601+00:00,MAGIC_CURRENT_MAP,https://www.magicpass.ch/fr/stations/map,7982ed874329de9524620805622c0742e65e9082674a98a13a6567ff05244def,Vercorin,SKI_CLUSTER_052
37,Villars-Gryon,/fr/stations/villars-gryon-37,Vaud,VD,1,46.30373395,7.054979148,villars_gryon_villars_gryon_les_diablerets,reviewed_alias,candidate_match_scope_pending,True,2026-09-19T23:17:26.501601+00:00,MAGIC_CURRENT_MAP,https://www.magicpass.ch/fr/stations/map,7982ed874329de9524620805622c0742e65e9082674a98a13a6567ff05244def,Villars - Gryon Villars - Gryon - Les Diablerets,SKI_CLUSTER_008
2780,Visperterminen,/fr/stations/visperterminen-2780,Valais,VS,1,46.2587269,7.904512059,visperterminen,unique_normalised_label,candidate_match_scope_pending,True,2026-09-19T23:17:26.501601+00:00,MAGIC_CURRENT_MAP,https://www.magicpass.ch/fr/stations/map,7982ed874329de9524620805622c0742e65e9082674a98a13a6567ff05244def,Visperterminen,SKI_CLUSTER_012
3588,Wilerallmi,/fr/stations/wilerallmi-3588,Berne,BE,1,46.72478983,7.738445307,,no_candidate,unresolved,True,2026-09-19T23:17:26.501601+00:00,MAGIC_CURRENT_MAP,https://www.magicpass.ch/fr/stations/map,7982ed874329de9524620805622c0742e65e9082674a98a13a6567ff05244def,,
1383,Wiriehorn,/fr/stations/wiriehorn-1383,Berne,BE,1,46.61368981,7.532829777,wiriehorn_diemtigtal,reviewed_alias,candidate_match_scope_pending,True,2026-09-19T23:17:26.501601+00:00,MAGIC_CURRENT_MAP,https://www.magicpass.ch/fr/stations/map,7982ed874329de9524620805622c0742e65e9082674a98a13a6567ff05244def,Wiriehorn Diemtigtal,SKI_CLUSTER_063
