municipality_name_source,n_monthly_rows,n_observed_overnights,first_grid_month,last_grid_month,first_observed_month,last_observed_month
Aarau,168,159,2013-01-01,2026-12-01,2013-01-01,2026-03-01
Adelboden,168,159,2013-01-01,2026-12-01,2013-01-01,2026-03-01
Aeschi bei Spiez,168,159,2013-01-01,2026-12-01,2013-01-01,2026-03-01
Altstätten,168,159,2013-01-01,2026-12-01,2013-01-01,2026-03-01
Amden,168,159,2013-01-01,2026-12-01,2013-01-01,2026-03-01
Andermatt,168,159,2013-01-01,2026-12-01,2013-01-01,2026-03-01
Anniviers,168,157,2013-01-01,2026-12-01,2013-01-01,2026-03-01
Appenzell,168,159,2013-01-01,2026-12-01,2013-01-01,2026-03-01
Arbon,168,159,2013-01-01,2026-12-01,2013-01-01,2026-03-01
Arosa,168,159,2013-01-01,2026-12-01,2013-01-01,2026-03-01
Ascona,168,159,2013-01-01,2026-12-01,2013-01-01,2026-03-01
Bad Ragaz,168,159,2013-01-01,2026-12-01,2013-01-01,2026-03-01
Baden,168,159,2013-01-01,2026-12-01,2013-01-01,2026-03-01
Basel,168,159,2013-01-01,2026-12-01,2013-01-01,2026-03-01
Beatenberg,168,159,2013-01-01,2026-12-01,2013-01-01,2026-03-01
Beckenried,168,157,2013-01-01,2026-12-01,2013-01-01,2026-03-01
Bellinzona,168,159,2013-01-01,2026-12-01,2013-01-01,2026-03-01
Bern,168,159,2013-01-01,2026-12-01,2013-01-01,2026-03-01
Biel/Bienne,168,159,2013-01-01,2026-12-01,2013-01-01,2026-03-01
Blonay - Saint-Légier,168,51,2013-01-01,2026-12-01,2022-01-01,2026-03-01
Bourg-en-Lavaux,168,159,2013-01-01,2026-12-01,2013-01-01,2026-03-01
Bregaglia,168,159,2013-01-01,2026-12-01,2013-01-01,2026-03-01
Breil/Brigels,168,159,2013-01-01,2026-12-01,2013-01-01,2026-03-01
Brienz (BE),168,159,2013-01-01,2026-12-01,2013-01-01,2026-03-01
Brig-Glis,168,159,2013-01-01,2026-12-01,2013-01-01,2026-03-01
Buchs (SG),168,159,2013-01-01,2026-12-01,2013-01-01,2026-03-01
Bulle,168,157,2013-01-01,2026-12-01,2013-01-01,2026-03-01
Bullet,168,157,2013-01-01,2026-12-01,2013-01-01,2026-03-01
Burgdorf,168,157,2013-01-01,2026-12-01,2013-01-01,2026-03-01
Celerina/Schlarigna,168,159,2013-01-01,2026-12-01,2013-01-01,2026-03-01
Champéry,168,157,2013-01-01,2026-12-01,2013-01-01,2026-03-01
Chiasso,168,157,2013-01-01,2026-12-01,2013-01-01,2026-03-01
Chur,168,159,2013-01-01,2026-12-01,2013-01-01,2026-03-01
Château-d'Oex,168,157,2013-01-01,2026-12-01,2013-01-01,2026-03-01
Clos du Doubs,168,159,2013-01-01,2026-12-01,2013-01-01,2026-03-01
Collina d'Oro,168,157,2013-01-01,2026-12-01,2013-01-01,2026-03-01
Crans-Montana,168,111,2013-01-01,2026-12-01,2017-01-01,2026-03-01
Davos,168,159,2013-01-01,2026-12-01,2013-01-01,2026-03-01
Delémont,168,159,2013-01-01,2026-12-01,2013-01-01,2026-03-01
Diemtigen,168,158,2013-01-01,2026-12-01,2013-01-01,2026-03-01
Dübendorf,168,159,2013-01-01,2026-12-01,2013-01-01,2026-03-01
Egerkingen,168,159,2013-01-01,2026-12-01,2013-01-01,2026-03-01
Einsiedeln,168,159,2013-01-01,2026-12-01,2013-01-01,2026-03-01
Emmen,168,159,2013-01-01,2026-12-01,2013-01-01,2026-03-01
Emmetten,168,157,2013-01-01,2026-12-01,2013-01-01,2026-03-01
Engelberg,168,159,2013-01-01,2026-12-01,2013-01-01,2026-03-01
Eschenbach (SG),168,159,2013-01-01,2026-12-01,2013-01-01,2026-03-01
Evolène,168,157,2013-01-01,2026-12-01,2013-01-01,2026-03-01
Feusisberg,168,159,2013-01-01,2026-12-01,2013-01-01,2026-03-01
Flims,168,159,2013-01-01,2026-12-01,2013-01-01,2026-03-01
Flums,168,159,2013-01-01,2026-12-01,2013-01-01,2026-03-01
Frauenfeld,168,159,2013-01-01,2026-12-01,2013-01-01,2026-03-01
Freienbach,168,159,2013-01-01,2026-12-01,2013-01-01,2026-03-01
Fribourg,168,159,2013-01-01,2026-12-01,2013-01-01,2026-03-01
Gais,168,159,2013-01-01,2026-12-01,2013-01-01,2026-03-01
Genève,168,159,2013-01-01,2026-12-01,2013-01-01,2026-03-01
Glarus Nord,168,159,2013-01-01,2026-12-01,2013-01-01,2026-03-01
Glarus Süd,168,159,2013-01-01,2026-12-01,2013-01-01,2026-03-01
Goms,168,109,2013-01-01,2026-12-01,2017-01-01,2026-03-01
Gonten,168,159,2013-01-01,2026-12-01,2013-01-01,2026-03-01
Grenchen,168,159,2013-01-01,2026-12-01,2013-01-01,2026-03-01
Grindelwald,168,159,2013-01-01,2026-12-01,2013-01-01,2026-03-01
Gruyères,168,157,2013-01-01,2026-12-01,2013-01-01,2026-03-01
Gurtnellen,168,158,2013-01-01,2026-12-01,2013-01-01,2026-03-01
Hasliberg,168,157,2013-01-01,2026-12-01,2013-01-01,2026-03-01
Haut-Intyamon,168,159,2013-01-01,2026-12-01,2013-01-01,2026-03-01
Heiden,168,158,2013-01-01,2026-12-01,2013-01-01,2026-03-01
Herzogenbuchsee,168,159,2013-01-01,2026-12-01,2013-01-01,2026-03-01
Horgen,168,99,2013-01-01,2026-12-01,2018-01-01,2026-03-01
Hundwil,168,157,2013-01-01,2026-12-01,2013-01-01,2026-03-01
Ilanz/Glion,168,147,2013-01-01,2026-12-01,2014-01-01,2026-03-01
Ingenbohl,168,159,2013-01-01,2026-12-01,2013-01-01,2026-03-01
Innertkirchen,168,157,2013-01-01,2026-12-01,2013-01-01,2026-03-01
Interlaken,168,159,2013-01-01,2026-12-01,2013-01-01,2026-03-01
Kandersteg,168,159,2013-01-01,2026-12-01,2013-01-01,2026-03-01
Klosters,168,159,2013-01-01,2026-12-01,2013-01-01,2026-03-01
Kloten,168,156,2013-01-01,2026-12-01,2013-01-01,2026-03-01
Kreuzlingen,168,159,2013-01-01,2026-12-01,2013-01-01,2026-03-01
Kriens,168,157,2013-01-01,2026-12-01,2013-01-01,2026-03-01
Köniz,168,157,2013-01-01,2026-12-01,2013-01-01,2026-03-01
Küssnacht (SZ),168,159,2013-01-01,2026-12-01,2013-01-01,2026-03-01
La Chaux-de-Fonds,168,159,2013-01-01,2026-12-01,2013-01-01,2026-03-01
La Grande Béroche,168,99,2013-01-01,2026-12-01,2018-01-01,2026-03-01
Laax,168,159,2013-01-01,2026-12-01,2013-01-01,2026-03-01
Lancy,168,157,2013-01-01,2026-12-01,2013-01-01,2026-03-01
Langenthal,168,159,2013-01-01,2026-12-01,2013-01-01,2026-03-01
Langnau im Emmental,168,159,2013-01-01,2026-12-01,2013-01-01,2026-03-01
Laténa,168,15,2013-01-01,2026-12-01,2025-01-01,2026-03-01
Lausanne,168,159,2013-01-01,2026-12-01,2013-01-01,2026-03-01
Lauterbrunnen,168,159,2013-01-01,2026-12-01,2013-01-01,2026-03-01
Le Chenit,168,159,2013-01-01,2026-12-01,2013-01-01,2026-03-01
Lenk,168,159,2013-01-01,2026-12-01,2013-01-01,2026-03-01
Lenzburg,168,157,2013-01-01,2026-12-01,2013-01-01,2026-03-01
Leukerbad,168,159,2013-01-01,2026-12-01,2013-01-01,2026-03-01
Leysin,168,157,2013-01-01,2026-12-01,2013-01-01,2026-03-01
Liestal,168,159,2013-01-01,2026-12-01,2013-01-01,2026-03-01
Locarno,168,159,2013-01-01,2026-12-01,2013-01-01,2026-03-01
Lugano,168,159,2013-01-01,2026-12-01,2013-01-01,2026-03-01
Lumnezia,168,157,2013-01-01,2026-12-01,2013-01-01,2026-03-01
Luzern,168,159,2013-01-01,2026-12-01,2013-01-01,2026-03-01
Maienfeld,168,159,2013-01-01,2026-12-01,2013-01-01,2026-03-01
Martigny,168,159,2013-01-01,2026-12-01,2013-01-01,2026-03-01
Matten bei Interlaken,168,159,2013-01-01,2026-12-01,2013-01-01,2026-03-01
Meggen,168,159,2013-01-01,2026-12-01,2013-01-01,2026-03-01
Meiringen,168,159,2013-01-01,2026-12-01,2013-01-01,2026-03-01
Mendrisio,168,159,2013-01-01,2026-12-01,2013-01-01,2026-03-01
Meyrin,168,159,2013-01-01,2026-12-01,2013-01-01,2026-03-01
Monteceneri,168,158,2013-01-01,2026-12-01,2013-01-01,2026-03-01
Montreux,168,159,2013-01-01,2026-12-01,2013-01-01,2026-03-01
Morges,168,157,2013-01-01,2026-12-01,2013-01-01,2026-03-01
Morschach,168,159,2013-01-01,2026-12-01,2013-01-01,2026-03-01
Moutier (BE),168,154,2013-01-01,2026-12-01,2013-01-01,2025-12-01
Moutier (JU),168,3,2013-01-01,2026-12-01,2026-01-01,2026-03-01
Muralto,168,159,2013-01-01,2026-12-01,2013-01-01,2026-03-01
Murten,168,159,2013-01-01,2026-12-01,2013-01-01,2026-03-01
Neckertal,168,39,2013-01-01,2026-12-01,2023-01-01,2026-03-01
Nendaz,168,159,2013-01-01,2026-12-01,2013-01-01,2026-03-01
Neuchâtel,168,159,2013-01-01,2026-12-01,2013-01-01,2026-03-01
Nyon,168,159,2013-01-01,2026-12-01,2013-01-01,2026-03-01
Ollon,168,157,2013-01-01,2026-12-01,2013-01-01,2026-03-01
Olten,168,159,2013-01-01,2026-12-01,2013-01-01,2026-03-01
Opfikon,168,159,2013-01-01,2026-12-01,2013-01-01,2026-03-01
Ormont-Dessus,168,157,2013-01-01,2026-12-01,2013-01-01,2026-03-01
Orsières,168,159,2013-01-01,2026-12-01,2013-01-01,2026-03-01
Paradiso,168,159,2013-01-01,2026-12-01,2013-01-01,2026-03-01
Plaffeien,168,157,2013-01-01,2026-12-01,2013-01-01,2026-03-01
Pontresina,168,157,2013-01-01,2026-12-01,2013-01-01,2026-03-01
Porrentruy,168,159,2013-01-01,2026-12-01,2013-01-01,2026-03-01
Poschiavo,168,159,2013-01-01,2026-12-01,2013-01-01,2026-03-01
Pratteln,168,157,2013-01-01,2026-12-01,2013-01-01,2026-03-01
Quarten,168,159,2013-01-01,2026-12-01,2013-01-01,2026-03-01
Rapperswil-Jona,168,157,2013-01-01,2026-12-01,2013-01-01,2026-03-01
Reichenbach im Kandertal,168,157,2013-01-01,2026-12-01,2013-01-01,2026-03-01
Rheinfelden,168,159,2013-01-01,2026-12-01,2013-01-01,2026-03-01
Rheinwald,168,85,2013-01-01,2026-12-01,2019-01-01,2026-03-01
Rorschacherberg,168,159,2013-01-01,2026-12-01,2013-01-01,2026-03-01
Saanen,168,159,2013-01-01,2026-12-01,2013-01-01,2026-03-01
Saas-Fee,168,159,2013-01-01,2026-12-01,2013-01-01,2026-03-01
Saas-Grund,168,159,2013-01-01,2026-12-01,2013-01-01,2026-03-01
Sachseln,168,159,2013-01-01,2026-12-01,2013-01-01,2026-03-01
Saignelégier,168,157,2013-01-01,2026-12-01,2013-01-01,2026-03-01
Saint-Maurice,168,159,2013-01-01,2026-12-01,2013-01-01,2026-03-01
Samedan,168,159,2013-01-01,2026-12-01,2013-01-01,2026-03-01
Samnaun,168,159,2013-01-01,2026-12-01,2013-01-01,2026-03-01
Sarnen,168,159,2013-01-01,2026-12-01,2013-01-01,2026-03-01
Schaffhausen,168,159,2013-01-01,2026-12-01,2013-01-01,2026-03-01
Schangnau,168,157,2013-01-01,2026-12-01,2013-01-01,2026-03-01
Schwyz,168,159,2013-01-01,2026-12-01,2013-01-01,2026-03-01
Scuol,168,159,2013-01-01,2026-12-01,2013-01-01,2026-03-01
Sierre,168,158,2013-01-01,2026-12-01,2013-01-01,2026-03-01
Sigriswil,168,159,2013-01-01,2026-12-01,2013-01-01,2026-03-01
Sion,168,157,2013-01-01,2026-12-01,2013-01-01,2026-03-01
Solothurn,168,159,2013-01-01,2026-12-01,2013-01-01,2026-03-01
Spiez,168,159,2013-01-01,2026-12-01,2013-01-01,2026-03-01
St. Gallen,168,159,2013-01-01,2026-12-01,2013-01-01,2026-03-01
St. Moritz,168,159,2013-01-01,2026-12-01,2013-01-01,2026-03-01
Sursee,168,159,2013-01-01,2026-12-01,2013-01-01,2026-03-01
Surses,168,123,2013-01-01,2026-12-01,2016-01-01,2026-03-01
Teufen (AR),168,159,2013-01-01,2026-12-01,2013-01-01,2026-03-01
Thun,168,159,2013-01-01,2026-12-01,2013-01-01,2026-03-01
Tujetsch,168,159,2013-01-01,2026-12-01,2013-01-01,2026-03-01
Unterseen,168,159,2013-01-01,2026-12-01,2013-01-01,2026-03-01
Unterägeri,168,159,2013-01-01,2026-12-01,2013-01-01,2026-03-01
Uster,168,159,2013-01-01,2026-12-01,2013-01-01,2026-03-01
Uzwil,168,159,2013-01-01,2026-12-01,2013-01-01,2026-03-01
Val Müstair,168,159,2013-01-01,2026-12-01,2013-01-01,2026-03-01
Val de Bagnes,168,63,2013-01-01,2026-12-01,2021-01-01,2026-03-01
Vals,168,159,2013-01-01,2026-12-01,2013-01-01,2026-03-01
Vaz/Obervaz,168,157,2013-01-01,2026-12-01,2013-01-01,2026-03-01
Vernier,168,159,2013-01-01,2026-12-01,2013-01-01,2026-03-01
Vevey,168,159,2013-01-01,2026-12-01,2013-01-01,2026-03-01
Visp,168,159,2013-01-01,2026-12-01,2013-01-01,2026-03-01
Vitznau,168,159,2013-01-01,2026-12-01,2013-01-01,2026-03-01
Walenstadt,168,159,2013-01-01,2026-12-01,2013-01-01,2026-03-01
Weggis,168,159,2013-01-01,2026-12-01,2013-01-01,2026-03-01
Wil (SG),168,159,2013-01-01,2026-12-01,2013-01-01,2026-03-01
Wilderswil,168,159,2013-01-01,2026-12-01,2013-01-01,2026-03-01
Wildhaus-Alt St. Johann,168,159,2013-01-01,2026-12-01,2013-01-01,2026-03-01
Winterthur,168,159,2013-01-01,2026-12-01,2013-01-01,2026-03-01
Wädenswil,168,85,2013-01-01,2026-12-01,2019-01-01,2026-03-01
Yverdon-les-Bains,168,157,2013-01-01,2026-12-01,2013-01-01,2026-03-01
Zermatt,168,159,2013-01-01,2026-12-01,2013-01-01,2026-03-01
Zernez,168,159,2013-01-01,2026-12-01,2013-01-01,2026-03-01
Zofingen,168,159,2013-01-01,2026-12-01,2013-01-01,2026-03-01
Zug,168,159,2013-01-01,2026-12-01,2013-01-01,2026-03-01
Zürich,168,159,2013-01-01,2026-12-01,2013-01-01,2026-03-01
