event_id,source_id,source_resort_name,event_type,entry_season,candidate_resort_id,resort_name_canonical,cluster_id,entity_resolution_method,entity_resolution_status,entity_resolution_confidence,point_municipality_bfs_id,point_municipality_name,bfs_hotel_municipality_name,bfs_hotel_universe,treatment_ready,treatment_blocker
MAGIC_EVENT_473325b425bc,MAGIC_2017,Anzère,base_pass_entry,2017/2018,anzere,Anzère,SKI_CLUSTER_020,unique_normalised_label,candidate_match_scope_pending,medium,6082,Ayent,,False,False,"Destination scope, continuity/exit audit, and municipality exposure are not all approved"
MAGIC_EVENT_8f27d400ec6d,MAGIC_2017,Charmey,base_pass_entry,2017/2018,charmey,Charmey,SKI_CLUSTER_091,unique_normalised_label,candidate_match_scope_pending,medium,2163,Val-de-Charmey,,False,False,"Destination scope, continuity/exit audit, and municipality exposure are not all approved"
MAGIC_EVENT_4b7d19ebb1a4,MAGIC_2017,Château-d'Oex,base_pass_entry,2017/2018,,,,no_candidate,unresolved,low,,,,,False,"Destination scope, continuity/exit audit, and municipality exposure are not all approved"
MAGIC_EVENT_75f74c14a850,MAGIC_2017,Crans-Montana,base_pass_entry,2017/2018,crans_montana_crans_montana,Crans - Montana Crans - Montana,SKI_CLUSTER_020,reviewed_alias,candidate_match_scope_pending,medium,6253,Crans-Montana,Crans-Montana,True,False,"Destination scope, continuity/exit audit, and municipality exposure are not all approved"
MAGIC_EVENT_0ac41061a20c,MAGIC_2017,Crêt-du-Puy,base_pass_entry,2017/2018,le_paquier_cret_du_puy,Le Pâquier Crêt - du - Puy,SKI_CLUSTER_042,reviewed_alias,candidate_match_scope_pending,medium,6487,Val-de-Ruz,,False,False,"Destination scope, continuity/exit audit, and municipality exposure are not all approved"
MAGIC_EVENT_a4524acb26d7,MAGIC_2017,Glacier 3000,paid_supplement,2017/2018,,,,no_candidate,unresolved,low,,,,,False,"Destination scope, continuity/exit audit, and municipality exposure are not all approved"
MAGIC_EVENT_3a560eaae2a2,MAGIC_2017,Grimentz-Zinal,base_pass_entry,2017/2018,grimentz_zinal_grimentz_zinal,Grimentz/Zinal Grimentz - Zinal,SKI_CLUSTER_028,reviewed_alias,candidate_match_scope_pending,medium,6252,Anniviers,Anniviers,True,False,"Destination scope, continuity/exit audit, and municipality exposure are not all approved"
MAGIC_EVENT_f108b4eda63e,MAGIC_2017,Jaun,base_pass_entry,2017/2018,jaun_gastlosen,Jaun Gastlosen,SKI_CLUSTER_092,reviewed_alias,candidate_match_scope_pending,medium,2138,Jaun,,False,False,"Destination scope, continuity/exit audit, and municipality exposure are not all approved"
MAGIC_EVENT_8091a175053c,MAGIC_2017,La Berra,base_pass_entry,2017/2018,la_berra_la_roche,La Berra - La Roche,SKI_CLUSTER_069,reviewed_alias,candidate_match_scope_pending,medium,2149,La Roche,,False,False,"Destination scope, continuity/exit audit, and municipality exposure are not all approved"
MAGIC_EVENT_1a5fd29b268f,MAGIC_2017,La Lécherette,base_pass_entry,2017/2018,,,,no_candidate,unresolved,low,,,,,False,"Destination scope, continuity/exit audit, and municipality exposure are not all approved"
MAGIC_EVENT_a5e82fa85a2e,MAGIC_2017,Les Bugnenets-Savagnières,base_pass_entry,2017/2018,les_bugnenets_savagnieres,Les Bugnenets - Savagnières,SKI_CLUSTER_042,reviewed_alias,candidate_match_scope_pending,medium,443,Saint-Imier,,False,False,"Destination scope, continuity/exit audit, and municipality exposure are not all approved"
MAGIC_EVENT_7a15946fa16d,MAGIC_2017,Les Diablerets,base_pass_entry,2017/2018,,,,no_candidate,unresolved,low,,,,,False,"Destination scope, continuity/exit audit, and municipality exposure are not all approved"
MAGIC_EVENT_3a25c20a1c82,MAGIC_2017,Les Marécottes,base_pass_entry,2017/2018,les_marecottes,Les Marécottes,SKI_CLUSTER_103,unique_normalised_label,candidate_match_scope_pending,medium,6218,Salvan,,False,False,"Destination scope, continuity/exit audit, and municipality exposure are not all approved"
MAGIC_EVENT_ffcbfc0dc884,MAGIC_2017,Les Mosses,base_pass_entry,2017/2018,,,,no_candidate,unresolved,low,,,,,False,"Destination scope, continuity/exit audit, and municipality exposure are not all approved"
MAGIC_EVENT_2e2efd45030d,MAGIC_2017,Les Paccots,base_pass_entry,2017/2018,les_paccots_chatel_saint_denis,Les Paccots - Châtel Saint Denis,SKI_CLUSTER_023,reviewed_alias,candidate_match_scope_pending,medium,2325,Châtel-Saint-Denis,,False,False,"Destination scope, continuity/exit audit, and municipality exposure are not all approved"
MAGIC_EVENT_6682d8e383d4,MAGIC_2017,Leysin,base_pass_entry,2017/2018,,,,no_candidate,unresolved,low,,,,,False,"Destination scope, continuity/exit audit, and municipality exposure are not all approved"
MAGIC_EVENT_98c0c64310c6,MAGIC_2017,Mayens de Conthey,base_pass_entry,2017/2018,,,,no_candidate,unresolved,low,,,,,False,"Destination scope, continuity/exit audit, and municipality exposure are not all approved"
MAGIC_EVENT_48cf85b2c432,MAGIC_2017,Moléson,base_pass_entry,2017/2018,moleson_la_gruyere,Moléson - La Gruyère,SKI_CLUSTER_023,reviewed_alias,candidate_match_scope_pending,medium,2135,Gruyères,Gruyères,True,False,"Destination scope, continuity/exit audit, and municipality exposure are not all approved"
MAGIC_EVENT_8761ddafe11a,MAGIC_2017,Nax,base_pass_entry,2017/2018,mont_noble_nax,Mont - Noble Nax,SKI_CLUSTER_071,reviewed_alias,candidate_match_scope_pending,medium,6090,Mont-Noble,,False,False,"Destination scope, continuity/exit audit, and municipality exposure are not all approved"
MAGIC_EVENT_5297293fadcf,MAGIC_2017,Ovronnaz,base_pass_entry,2017/2018,ovronnaz,Ovronnaz,SKI_CLUSTER_057,unique_normalised_label,candidate_match_scope_pending,medium,6135,Leytron,,False,False,"Destination scope, continuity/exit audit, and municipality exposure are not all approved"
MAGIC_EVENT_7fc038b727c8,MAGIC_2017,Rathvel,base_pass_entry,2017/2018,rathvel,Rathvel,SKI_CLUSTER_023,unique_normalised_label,candidate_match_scope_pending,medium,2325,Châtel-Saint-Denis,,False,False,"Destination scope, continuity/exit audit, and municipality exposure are not all approved"
MAGIC_EVENT_73d6c9593af8,MAGIC_2017,Schwarzsee,base_pass_entry,2017/2018,schwarzsee_kaiseregg_bahnen,Schwarzsee Kaiseregg Bahnen,SKI_CLUSTER_093,reviewed_alias,candidate_match_scope_pending,medium,2138,Jaun,,False,False,"Destination scope, continuity/exit audit, and municipality exposure are not all approved"
MAGIC_EVENT_fe4b42317a8c,MAGIC_2017,St-Luc / Chandolin,base_pass_entry,2017/2018,st_luc_chandolin,St - Luc Chandolin,SKI_CLUSTER_036,reviewed_alias,candidate_match_scope_pending,medium,6252,Anniviers,Anniviers,True,False,"Destination scope, continuity/exit audit, and municipality exposure are not all approved"
MAGIC_EVENT_28d987aff8d9,MAGIC_2017,Tramelan,base_pass_entry,2017/2018,tramelan,Tramelan,SKI_CLUSTER_128,unique_normalised_label,candidate_match_scope_pending,medium,437,Mont-Tramelan,,False,False,"Destination scope, continuity/exit audit, and municipality exposure are not all approved"
MAGIC_EVENT_0f3c7c202f69,MAGIC_2017,Vercorin,base_pass_entry,2017/2018,vercorin,Vercorin,SKI_CLUSTER_052,unique_normalised_label,candidate_match_scope_pending,medium,6232,Chalais,,False,False,"Destination scope, continuity/exit audit, and municipality exposure are not all approved"
MAGIC_EVENT_ad542a431b3b,MAGIC_2017,Villars-Gryon,base_pass_entry,2017/2018,villars_gryon_villars_gryon_les_diablerets,Villars - Gryon Villars - Gryon - Les Diablerets,SKI_CLUSTER_008,reviewed_alias,candidate_match_scope_pending,medium,5409,Ollon,Ollon,True,False,"Destination scope, continuity/exit audit, and municipality exposure are not all approved"
MAGIC_EVENT_88d598a65c98,MAGIC_2018,Arolla,base_pass_entry,2018/2019,arolla,Arolla,SKI_CLUSTER_070,unique_normalised_label,candidate_match_scope_pending,medium,6083,Evolène,Evolène,True,False,"Destination scope, continuity/exit audit, and municipality exposure are not all approved"
MAGIC_EVENT_4355dae12496,MAGIC_2018,Evolène,base_pass_entry,2018/2019,evolene,Evolène,SKI_CLUSTER_106,unique_normalised_label,candidate_match_scope_pending,medium,6083,Evolène,Evolène,True,False,"Destination scope, continuity/exit audit, and municipality exposure are not all approved"
MAGIC_EVENT_8c8a9214819c,MAGIC_2018,L'Abbaye,base_pass_entry,2018/2019,,,,no_candidate,unresolved,low,,,,,False,"Destination scope, continuity/exit audit, and municipality exposure are not all approved"
MAGIC_EVENT_557da5465c53,MAGIC_2018,L'Orient,base_pass_entry,2018/2019,,,,no_candidate,unresolved,low,,,,,False,"Destination scope, continuity/exit audit, and municipality exposure are not all approved"
MAGIC_EVENT_9030394c7d33,MAGIC_2018,La Forclaz,base_pass_entry,2018/2019,la_forclaz,La Forclaz,SKI_CLUSTER_134,unique_normalised_label,candidate_match_scope_pending,medium,6083,Evolène,Evolène,True,False,"Destination scope, continuity/exit audit, and municipality exposure are not all approved"
MAGIC_EVENT_1a52914e9910,MAGIC_2018,Le Brassus,base_pass_entry,2018/2019,,,,no_candidate,unresolved,low,,,,,False,"Destination scope, continuity/exit audit, and municipality exposure are not all approved"
MAGIC_EVENT_c93b34a1b0b7,MAGIC_2018,Les Pléiades,base_pass_entry,2018/2019,les_pleiades,Les Pléiades,SKI_CLUSTER_023,unique_normalised_label,candidate_match_scope_pending,medium,5892,Blonay - Saint-Légier,Blonay - Saint-Légier,True,False,"Destination scope, continuity/exit audit, and municipality exposure are not all approved"
MAGIC_EVENT_c85d5720a416,MAGIC_2018,Les Rochers de Naye,base_pass_entry,2018/2019,rochers_de_naye_haut_de_caux_dent_de_jaman,Rochers de Naye - Haut de Caux - Dent de Jaman,SKI_CLUSTER_089,reviewed_alias,candidate_match_scope_pending,medium,5891,Veytaux,,False,False,"Destination scope, continuity/exit audit, and municipality exposure are not all approved"
MAGIC_EVENT_f8466b67d968,MAGIC_2019,Les Prés-d'Orvin,base_pass_entry,2019/2020,pres_d_orvin_les_pres_d_orvin,Prés - d'Orvin Les Prés - d'Orvin,SKI_CLUSTER_130,reviewed_alias,candidate_match_scope_pending,medium,438,Orvin,,False,False,"Destination scope, continuity/exit audit, and municipality exposure are not all approved"
MAGIC_EVENT_16df592d6264,MAGIC_2019,Leukerbad,base_pass_entry,2019/2020,leukerbad,Leukerbad,SKI_CLUSTER_045,unique_normalised_label,candidate_match_scope_pending,medium,6102,Albinen,,False,False,"Destination scope, continuity/exit audit, and municipality exposure are not all approved"
MAGIC_EVENT_32f5ba9b74bf,MAGIC_2019,Saas-Fee,base_pass_entry,2019/2020,saas_fee,Saas - Fee,SKI_CLUSTER_015,unique_normalised_label,candidate_match_scope_pending,medium,6290,Saas-Fee,Saas-Fee,True,False,"Destination scope, continuity/exit audit, and municipality exposure are not all approved"
MAGIC_EVENT_a93726b62aa2,MAGIC_PRESS_ARCHIVE,Crans-Montana,base_pass_exit,,crans_montana_crans_montana,Crans - Montana Crans - Montana,SKI_CLUSTER_020,reviewed_alias,candidate_match_scope_pending,medium,6253,Crans-Montana,Crans-Montana,True,False,"Destination scope, continuity/exit audit, and municipality exposure are not all approved"
MAGIC_EVENT_99fa13e1d272,MAGIC_2020,La Robella,base_pass_entry,2020/2021,la_robella,La Robella,SKI_CLUSTER_102,reviewed_alias,candidate_match_scope_pending,medium,6512,Val-de-Travers,,False,False,"Destination scope, continuity/exit audit, and municipality exposure are not all approved"
MAGIC_EVENT_5b58cac48472,MAGIC_PRESS_ARCHIVE,Glacier 3000,included_winter_offer,2021/2022,,,,no_candidate,unresolved,low,,,,,False,"Destination scope, continuity/exit audit, and municipality exposure are not all approved"
MAGIC_EVENT_7169bc06b4bd,MAGIC_2022,Aeschiallmend,base_pass_entry,2022/2023,,,,no_candidate,unresolved,low,,,,,False,"Destination scope, continuity/exit audit, and municipality exposure are not all approved"
MAGIC_EVENT_deea30b9cedc,MAGIC_2022,Axalp,base_pass_entry,2022/2023,axalp_brienz,Axalp Brienz,SKI_CLUSTER_095,reviewed_alias,candidate_match_scope_pending,medium,573,Brienz (BE),Brienz (BE),True,False,"Destination scope, continuity/exit audit, and municipality exposure are not all approved"
MAGIC_EVENT_90ad88e8e2f2,MAGIC_2022,Beatenberg,base_pass_entry,2022/2023,,,,no_candidate,unresolved,low,,,,,False,"Destination scope, continuity/exit audit, and municipality exposure are not all approved"
MAGIC_EVENT_263702b9d32b,MAGIC_2022,Crans-Montana,paid_pass100_option,2022/2023,crans_montana_crans_montana,Crans - Montana Crans - Montana,SKI_CLUSTER_020,reviewed_alias,candidate_match_scope_pending,medium,6253,Crans-Montana,Crans-Montana,True,False,"Destination scope, continuity/exit audit, and municipality exposure are not all approved"
MAGIC_EVENT_6403836f480c,MAGIC_2022,Eriz,base_pass_entry,2022/2023,eriz,Eriz,SKI_CLUSTER_138,unique_normalised_label,candidate_match_scope_pending,medium,932,Horrenbach-Buchen,,False,False,"Destination scope, continuity/exit audit, and municipality exposure are not all approved"
MAGIC_EVENT_703c57237aae,MAGIC_2022,Faltschen,base_pass_entry,2022/2023,faltschen_reichenbach_im_kandertal,Faltschen - Reichenbach im Kandertal,SKI_CLUSTER_110,reviewed_alias,candidate_match_scope_pending,medium,567,Reichenbach im Kandertal,Reichenbach im Kandertal,True,False,"Destination scope, continuity/exit audit, and municipality exposure are not all approved"
MAGIC_EVENT_974aac6c9b6e,MAGIC_2022,Glacier 3000,permanent_base_pass_inclusion,2022/2023,,,,no_candidate,unresolved,low,,,,,False,"Destination scope, continuity/exit audit, and municipality exposure are not all approved"
MAGIC_EVENT_fab021288e50,MAGIC_2022,Habkern,base_pass_entry,2022/2023,habkern,Habkern,SKI_CLUSTER_046,unique_normalised_label,candidate_match_scope_pending,medium,579,Habkern,,False,False,"Destination scope, continuity/exit audit, and municipality exposure are not all approved"
MAGIC_EVENT_0a144aae4624,MAGIC_2022,Heimenschwand,base_pass_entry,2022/2023,heimenschwand_buchholterberg,Heimenschwand Buchholterberg,SKI_CLUSTER_109,reviewed_alias,candidate_match_scope_pending,medium,923,Buchholterberg,,False,False,"Destination scope, continuity/exit audit, and municipality exposure are not all approved"
MAGIC_EVENT_ee78de3c984c,MAGIC_2022,Jaunpass,base_pass_entry,2022/2023,jaunpass,Jaunpass,SKI_CLUSTER_132,unique_normalised_label,candidate_match_scope_pending,medium,791,Boltigen,,False,False,"Destination scope, continuity/exit audit, and municipality exposure are not all approved"
MAGIC_EVENT_5976fb0e0b69,MAGIC_2022,Métabief,base_pass_entry,2022/2023,,,,no_candidate,unresolved,low,,,,,False,"Destination scope, continuity/exit audit, and municipality exposure are not all approved"
MAGIC_EVENT_53e31aca3797,MAGIC_2022,Niederhorn,base_pass_entry,2022/2023,,,,no_candidate,unresolved,low,,,,,False,"Destination scope, continuity/exit audit, and municipality exposure are not all approved"
MAGIC_EVENT_60c16e385ca7,MAGIC_2022,Rossberg,base_pass_entry,2022/2023,rossberg_oberwil,Rossberg - Oberwil,SKI_CLUSTER_176,reviewed_alias,candidate_match_scope_pending,medium,766,Oberwil im Simmental,,False,False,"Destination scope, continuity/exit audit, and municipality exposure are not all approved"
MAGIC_EVENT_8cf2232c1ddf,MAGIC_2022,Rosswald,base_pass_entry,2022/2023,rosswald,Rosswald,SKI_CLUSTER_058,unique_normalised_label,candidate_match_scope_pending,medium,6010,Termen,,False,False,"Destination scope, continuity/exit audit, and municipality exposure are not all approved"
MAGIC_EVENT_aa489c4d1dbf,MAGIC_2023,Bumbach,base_pass_entry,2023/2024,bumbach_schangnau,Bumbach - Schangnau,SKI_CLUSTER_074,reviewed_alias,candidate_match_scope_pending,medium,906,Schangnau,Schangnau,True,False,"Destination scope, continuity/exit audit, and municipality exposure are not all approved"
MAGIC_EVENT_8a425e7da33a,MAGIC_2023,Egg Ottenleue,base_pass_entry,2023/2024,ottenleuebad,Ottenleuebad,SKI_CLUSTER_051,reviewed_alias,candidate_match_scope_pending,medium,852,Guggisberg,,False,False,"Destination scope, continuity/exit audit, and municipality exposure are not all approved"
MAGIC_EVENT_78b01e8fe359,MAGIC_2023,Eischoll,base_pass_entry,2023/2024,eischoll_sportbahnen_eischoll,Eischoll Sportbahnen Eischoll,SKI_CLUSTER_012,reviewed_alias,candidate_match_scope_pending,medium,6194,Eischoll,,False,False,"Destination scope, continuity/exit audit, and municipality exposure are not all approved"
MAGIC_EVENT_d89311569829,MAGIC_2023,Gantrisch Gurnigel,base_pass_entry,2023/2024,gantrisch_gurnigel,Gantrisch - Gurnigel,SKI_CLUSTER_051,unique_normalised_label,candidate_match_scope_pending,medium,880,Rüeggisberg,,False,False,"Destination scope, continuity/exit audit, and municipality exposure are not all approved"
MAGIC_EVENT_07fff5595b85,MAGIC_2023,Gspon,base_pass_entry,2023/2024,staldenried_gspon,Staldenried - Gspon,SKI_CLUSTER_012,reviewed_alias,candidate_match_scope_pending,medium,6294,Staldenried,,False,False,"Destination scope, continuity/exit audit, and municipality exposure are not all approved"
MAGIC_EVENT_9cea75ff3c9b,MAGIC_2023,Gurnigelbad,base_pass_entry,2023/2024,,,,no_candidate,unresolved,low,,,,,False,"Destination scope, continuity/exit audit, and municipality exposure are not all approved"
MAGIC_EVENT_2343a1c8d7ef,MAGIC_2023,Kiental,base_pass_entry,2023/2024,kiental,Kiental,SKI_CLUSTER_137,unique_normalised_label,candidate_match_scope_pending,medium,567,Reichenbach im Kandertal,Reichenbach im Kandertal,True,False,"Destination scope, continuity/exit audit, and municipality exposure are not all approved"
MAGIC_EVENT_f10447287134,MAGIC_2023,Lauchernalp-Lötschental,base_pass_entry,2023/2024,lauchernalp_lotschental,Lauchernalp - Lötschental,SKI_CLUSTER_073,unique_normalised_label,candidate_match_scope_pending,medium,6202,Wiler (Lötschen),,False,False,"Destination scope, continuity/exit audit, and municipality exposure are not all approved"
MAGIC_EVENT_4faf78bfd4f9,MAGIC_2023,Marbachegg,base_pass_entry,2023/2024,marchbachegg_marbach_marbachegg,Marchbachegg Marbach - Marbachegg,SKI_CLUSTER_074,reviewed_alias,candidate_match_scope_pending,medium,1010,Escholzmatt-Marbach,,False,False,"Destination scope, continuity/exit audit, and municipality exposure are not all approved"
MAGIC_EVENT_f928d8739e99,MAGIC_2023,Moosalp,base_pass_entry,2023/2024,moosalpregion,Moosalpregion,SKI_CLUSTER_012,reviewed_alias,candidate_match_scope_pending,medium,6296,Törbel,,False,False,"Destination scope, continuity/exit audit, and municipality exposure are not all approved"
MAGIC_EVENT_09b1c4a832f5,MAGIC_2023,Riffenmatt,base_pass_entry,2023/2024,riffenmatt,Riffenmatt,SKI_CLUSTER_051,unique_normalised_label,candidate_match_scope_pending,medium,852,Guggisberg,,False,False,"Destination scope, continuity/exit audit, and municipality exposure are not all approved"
MAGIC_EVENT_f0e602dbefe9,MAGIC_2023,Rüschegg - Eywald,base_pass_entry,2023/2024,ruschegg_eywald,Rüschegg - Eywald,SKI_CLUSTER_051,unique_normalised_label,candidate_match_scope_pending,medium,853,Rüschegg,,False,False,"Destination scope, continuity/exit audit, and municipality exposure are not all approved"
MAGIC_EVENT_5b325b76233f,MAGIC_2023,Sainte-Croix - Les Rasses,base_pass_entry,2023/2024,sainte_croix_les_rasses,Sainte Croix - Les Rasses,SKI_CLUSTER_050,unique_normalised_label,candidate_match_scope_pending,medium,5552,Bullet,Bullet,True,False,"Destination scope, continuity/exit audit, and municipality exposure are not all approved"
MAGIC_EVENT_2404d124a89b,MAGIC_2023,Selital,base_pass_entry,2023/2024,schwarzenbuhl_selital,Schwarzenbühl Selital,SKI_CLUSTER_051,reviewed_alias,candidate_match_scope_pending,medium,853,Rüschegg,,False,False,"Destination scope, continuity/exit audit, and municipality exposure are not all approved"
MAGIC_EVENT_ad178341e96f,MAGIC_2023,Unterbäch,base_pass_entry,2023/2024,unterbach_brandalp,Unterbäch - Brandalp,SKI_CLUSTER_012,reviewed_alias,candidate_match_scope_pending,medium,6201,Unterbäch,,False,False,"Destination scope, continuity/exit audit, and municipality exposure are not all approved"
MAGIC_EVENT_53e9316306cb,MAGIC_2023,Visperterminen,base_pass_entry,2023/2024,visperterminen,Visperterminen,SKI_CLUSTER_012,unique_normalised_label,candidate_match_scope_pending,medium,6298,Visperterminen,,False,False,"Destination scope, continuity/exit audit, and municipality exposure are not all approved"
MAGIC_EVENT_aae55d26cbdc,MAGIC_2024,Devero,base_pass_entry,2024/2025,,,,no_candidate,unresolved,low,,,,,False,"Destination scope, continuity/exit audit, and municipality exposure are not all approved"
MAGIC_EVENT_f233338ba25c,MAGIC_2024,Habère-Poche,base_pass_entry,2024/2025,,,,no_candidate,unresolved,low,,,,,False,"Destination scope, continuity/exit audit, and municipality exposure are not all approved"
MAGIC_EVENT_78af46d829fc,MAGIC_2024,Hirmentaz,base_pass_entry,2024/2025,,,,no_candidate,unresolved,low,,,,,False,"Destination scope, continuity/exit audit, and municipality exposure are not all approved"
MAGIC_EVENT_9232960a87c2,MAGIC_2024,Homberg,base_pass_entry,2024/2025,homberg_skilift_dreiligass_winteregg,Homberg Skilift Dreiligass - Winteregg,SKI_CLUSTER_136,reviewed_alias,candidate_match_scope_pending,medium,931,Homberg,,False,False,"Destination scope, continuity/exit audit, and municipality exposure are not all approved"
MAGIC_EVENT_2f693409a93f,MAGIC_2024,Jura sur Léman,base_pass_entry,2024/2025,,,,no_candidate,unresolved,low,,,,,False,"Destination scope, continuity/exit audit, and municipality exposure are not all approved"
MAGIC_EVENT_c5d4515152cb,MAGIC_2024,Monts Jura,base_pass_entry,2024/2025,,,,no_candidate,unresolved,low,,,,,False,"Destination scope, continuity/exit audit, and municipality exposure are not all approved"
MAGIC_EVENT_3f218ad4c15e,MAGIC_2024,Saint-Cergue,base_pass_entry,2024/2025,st_cergue,St. Cergue,SKI_CLUSTER_100,reviewed_alias,candidate_match_scope_pending,medium,5727,Saint-Cergue,,False,False,"Destination scope, continuity/exit audit, and municipality exposure are not all approved"
MAGIC_EVENT_f8b49f233b5b,MAGIC_2024,San Domenico,base_pass_entry,2024/2025,,,,no_candidate,unresolved,low,,,,,False,"Destination scope, continuity/exit audit, and municipality exposure are not all approved"
MAGIC_EVENT_8a005fd903b6,MAGIC_2024,Schwanden,base_pass_entry,2024/2025,schwanden_sigriswil_thunersee,Schwanden - Sigriswil Thunersee,SKI_CLUSTER_046,reviewed_alias,candidate_match_scope_pending,medium,938,Sigriswil,Sigriswil,True,False,"Destination scope, continuity/exit audit, and municipality exposure are not all approved"
MAGIC_EVENT_97b0b34c5c8d,MAGIC_2024,Thollon-les-Mémises,base_pass_entry,2024/2025,,,,no_candidate,unresolved,low,,,,,False,"Destination scope, continuity/exit audit, and municipality exposure are not all approved"
MAGIC_EVENT_e664bf3f38d5,MAGIC_2024,Wilerallmi,base_pass_entry,2024/2025,,,,no_candidate,unresolved,low,,,,,False,"Destination scope, continuity/exit audit, and municipality exposure are not all approved"
MAGIC_EVENT_e1ab5014079e,MAGIC_2025,Balmberg,base_pass_entry,2025/2026,balmberg,Balmberg,SKI_CLUSTER_108,unique_normalised_label,candidate_match_scope_pending,medium,2541,Balm bei Günsberg,,False,False,"Destination scope, continuity/exit audit, and municipality exposure are not all approved"
MAGIC_EVENT_08a3120f2089,MAGIC_2025,Belalp,base_pass_entry,2025/2026,belalp,Belalp,SKI_CLUSTER_009,unique_normalised_label,candidate_match_scope_pending,medium,6007,Naters,,False,False,"Destination scope, continuity/exit audit, and municipality exposure are not all approved"
MAGIC_EVENT_12fad7da9a31,MAGIC_2025,Bergbahnen Gstaad,base_pass_entry,2025/2026,gstaad,Gstaad,SKI_CLUSTER_016,reviewed_alias,candidate_match_scope_pending,medium,843,Saanen,Saanen,True,False,"Destination scope, continuity/exit audit, and municipality exposure are not all approved"
MAGIC_EVENT_c1f58b57f3fa,MAGIC_2025,Grenchenberg,base_pass_entry,2025/2026,,,,no_candidate,unresolved,low,,,,,False,"Destination scope, continuity/exit audit, and municipality exposure are not all approved"
MAGIC_EVENT_87ef82e3450f,MAGIC_2025,Le Grand-Bornand,base_pass_entry,2025/2026,,,,no_candidate,unresolved,low,,,,,False,"Destination scope, continuity/exit audit, and municipality exposure are not all approved"
MAGIC_EVENT_7446a0272a62,MAGIC_2025,Linden,base_pass_entry,2025/2026,linden_skilift_linden,Linden Skilift Linden,SKI_CLUSTER_109,reviewed_alias,candidate_match_scope_pending,medium,614,Linden,,False,False,"Destination scope, continuity/exit audit, and municipality exposure are not all approved"
MAGIC_EVENT_ae1ff4f37382,MAGIC_2025,Massif des Brasses,base_pass_entry,2025/2026,,,,no_candidate,unresolved,low,,,,,False,"Destination scope, continuity/exit audit, and municipality exposure are not all approved"
MAGIC_EVENT_9e5621c85ebb,MAGIC_2025,Meiringen-Hasliberg,base_pass_entry,2025/2026,meiringen_hasliberg,Meiringen - Hasliberg,SKI_CLUSTER_024,unique_normalised_label,candidate_match_scope_pending,medium,783,Hasliberg,Hasliberg,True,False,"Destination scope, continuity/exit audit, and municipality exposure are not all approved"
MAGIC_EVENT_aab2e6eca2bc,MAGIC_2025,Melchsee-Frutt,base_pass_entry,2025/2026,melchsee_frutt,Melchsee - Frutt,SKI_CLUSTER_024,unique_normalised_label,candidate_match_scope_pending,medium,1404,Kerns,,False,False,"Destination scope, continuity/exit audit, and municipality exposure are not all approved"
MAGIC_EVENT_5f9d50eab0bc,MAGIC_2025,Mörlialp,base_pass_entry,2025/2026,morlialp,Mörlialp,SKI_CLUSTER_075,unique_normalised_label,candidate_match_scope_pending,medium,1403,Giswil,,False,False,"Destination scope, continuity/exit audit, and municipality exposure are not all approved"
MAGIC_EVENT_f6dd2c0d304d,MAGIC_2025,Praz de Lys-Sommand,base_pass_entry,2025/2026,,,,no_candidate,unresolved,low,,,,,False,"Destination scope, continuity/exit audit, and municipality exposure are not all approved"
MAGIC_EVENT_3c8c3f498873,MAGIC_2025,Sörenberg,base_pass_entry,2025/2026,sorenberg,Sörenberg,SKI_CLUSTER_031,unique_normalised_label,candidate_match_scope_pending,medium,1004,Flühli,,False,False,"Destination scope, continuity/exit audit, and municipality exposure are not all approved"
