cluster_id,display_name,cluster_quality,assignment_quality,map_quality,naming_status,station_count,station_names,lift_count,expected_lifts_total,cluster_uncertain,cluster_uncertainty_reasons,cluster_review_reasons,cluster_warning_reasons,cluster_info_flags,assignment_uncertain,assignment_uncertain_count,assignment_warning_count,assignment_review_count,max_assignment_distance_m,nearest_cluster_id,nearest_cluster_m,bbox_diag_m,cluster_distance_threshold_m
SKI_CLUSTER_001,Avoriaz 1800 Portes du Soleil / Châtel Portes du Soleil / Chapelle Abondance La Chapelle d'Abondance / Portes du Soleil +2,warning,confident,warning,multiple_names,5,Avoriaz 1800 Portes du Soleil | Châtel Portes du Soleil | Chapelle Abondance La Chapelle d'Abondance / Portes du Soleil | Torgon Portes du Soleil | Champéry - Les Crosets - Champoussin - Morgins Portes du Soleil,115,150.0,True,many_station_names_on_large_domain,,many_station_names_on_large_domain,large_spatial_extent|cluster_lift_count_supported_by_bergfex,False,0,0,0,186.2,SKI_CLUSTER_127,5869.5,21981.9,3000.0
SKI_CLUSTER_002,Veysonnaz 4 Vallées / Verbier 4 Vallées / La Tzoumaz - Mayens de Riddes +3,warning,confident,warning,multiple_names,6,Veysonnaz 4 Vallées | Verbier 4 Vallées | La Tzoumaz - Mayens de Riddes | Thyon 4 Vallées | Bruson - Verbier | Nendaz 4 Vallées,62,332.0,True,very_large_multi_station_domain|cluster_lift_count_below_bergfex_total|many_station_names_on_large_domain,,very_large_multi_station_domain|cluster_lift_count_below_bergfex_total|many_station_names_on_large_domain,close_to_unnamed_cluster,False,0,0,0,428.9,SKI_CLUSTER_171,3181.4,23736.5,3000.0
SKI_CLUSTER_003,Gitschenen Skilift Gitschenen / Klewenalp - Stockhütte / Engelberg Titlis +2,warning,confident,warning,multiple_names,5,Gitschenen Skilift Gitschenen | Klewenalp - Stockhütte | Engelberg Titlis | Brunni Brunni - Bahnen Engelberg | Dallenwil - Wirzweli,62,51.0,True,close_to_named_cluster|very_large_multi_station_domain|many_station_names_on_large_domain,,close_to_named_cluster|very_large_multi_station_domain|many_station_names_on_large_domain,cluster_lift_count_supported_by_bergfex,False,0,0,0,314.5,SKI_CLUSTER_013,3481.5,28496.8,3000.0
SKI_CLUSTER_006,Madrisa Klosters Madrisa / Parsenn Davos Klosters Parsenn / Schatzalp Davos Schatzalp - Strela +2,warning,confident,warning,multiple_names,5,Madrisa Klosters Madrisa | Parsenn Davos Klosters Parsenn | Schatzalp Davos Schatzalp - Strela | Rinerhorn Davos Rinerhorn | Jakobshorn Davos Jakobshorn,48,54.0,True,very_large_multi_station_domain|many_station_names_on_large_domain,,very_large_multi_station_domain|many_station_names_on_large_domain,close_to_unnamed_cluster|cluster_lift_count_supported_by_bergfex,False,0,0,0,170.0,SKI_CLUSTER_062,3063.9,23871.5,3000.0
SKI_CLUSTER_007,Brambrüesch Chur - Brambrüesch / Pradaschier - Churwalden / Arosa Lenzerheide,warning,confident,warning,multiple_names,3,Brambrüesch Chur - Brambrüesch | Pradaschier - Churwalden | Arosa Lenzerheide,47,50.0,True,close_to_named_cluster,,close_to_named_cluster,large_spatial_extent|cluster_lift_count_supported_by_bergfex,False,0,0,0,177.2,SKI_CLUSTER_098,3093.4,19888.3,3000.0
SKI_CLUSTER_008,Villars - Gryon Villars - Gryon - Les Diablerets / Leysin - Les Mosses - La Lécherette / Les Diablerets - Glacier 3000,confident,confident,confident,multiple_names,3,Villars - Gryon Villars - Gryon - Les Diablerets | Leysin - Les Mosses - La Lécherette | Les Diablerets - Glacier 3000,46,76.0,False,,,,large_spatial_extent|cluster_lift_count_supported_by_bergfex,False,0,0,0,389.2,SKI_CLUSTER_039,3820.7,19652.7,3000.0
SKI_CLUSTER_009,Bellwald / Belalp / Aletsch Arena Riederalp - Bettmeralp - Fiesch - Eggishorn,confident,confident,confident,multiple_names,3,Bellwald | Belalp | Aletsch Arena Riederalp - Bettmeralp - Fiesch - Eggishorn,46,52.0,False,,,,large_spatial_extent|cluster_lift_count_supported_by_bergfex,False,0,0,0,47.9,SKI_CLUSTER_058,4464.4,19359.7,3000.0
SKI_CLUSTER_010,Schilthorn Jungfrau Ski Region Mürren - Schilthorn / Wengen Jungfrau Ski Region Grindelwald - Wengen,confident,confident,confident,multiple_names,2,Schilthorn Jungfrau Ski Region Mürren - Schilthorn | Wengen Jungfrau Ski Region Grindelwald - Wengen,43,42.0,False,,,,large_spatial_extent|cluster_lift_count_supported_by_bergfex,False,0,0,0,74.8,SKI_CLUSTER_095,3902.7,23559.5,3000.0
SKI_CLUSTER_012,Unterbäch - Brandalp / Staldenried - Gspon / Visperterminen +3,warning,confident,warning,multiple_names,6,Unterbäch - Brandalp | Staldenried - Gspon | Visperterminen | Moosalpregion | Eischoll Sportbahnen Eischoll | Grächen,38,39.0,True,close_to_named_cluster|many_station_names_on_large_domain,,close_to_named_cluster|many_station_names_on_large_domain,large_spatial_extent|cluster_lift_count_supported_by_bergfex,False,0,0,0,660.9,SKI_CLUSTER_015,3272.5,20250.2,3000.0
SKI_CLUSTER_013,Neusell / Brunni Skilift Brunni / Stoos +6,warning,confident,warning,multiple_names,9,Neusell | Brunni Skilift Brunni | Stoos | Oberiberg | Brunni - Haggenegg | Hoch - Ybrig | Ibergeregg Skilifte Ibergeregg | Hochstuckli Sattel Hochstuckli | Mythenregion,37,59.0,True,very_large_multi_station_domain|many_station_names_on_large_domain,,very_large_multi_station_domain|many_station_names_on_large_domain,close_to_unnamed_cluster|cluster_lift_count_supported_by_bergfex,False,0,0,0,178.7,SKI_CLUSTER_204,3021.8,22648.7,3000.0
SKI_CLUSTER_014,Adelboden / Lenk / Engstligenalp - Adelboden,warning,confident,warning,multiple_names,3,Adelboden | Lenk | Engstligenalp - Adelboden,35,94.0,True,close_to_named_cluster,,close_to_named_cluster,large_spatial_extent,False,0,0,0,83.4,SKI_CLUSTER_053,3199.1,16104.1,3000.0
SKI_CLUSTER_015,Hohsaas Saas Grund - Hohsaas / Saas Almagell / Saas - Fee,warning,confident,warning,multiple_names,3,Hohsaas Saas Grund - Hohsaas | Saas Almagell | Saas - Fee,35,39.0,True,close_to_named_cluster,,close_to_named_cluster,large_spatial_extent|cluster_lift_count_supported_by_bergfex,False,0,0,0,39.8,SKI_CLUSTER_012,3272.5,15674.9,3000.0
SKI_CLUSTER_016,Rougemont Rougemont - La Videmanette / Gstaad,confident,confident,confident,multiple_names,2,Rougemont Rougemont - La Videmanette | Gstaad,31,49.0,False,,,,large_spatial_extent|cluster_lift_count_supported_by_bergfex,False,0,0,0,77.0,SKI_CLUSTER_132,5045.4,20013.5,3000.0
SKI_CLUSTER_017,Disentis / Valtgeva Druni KidsArena Sedrun / Andermatt - Oberalp - Sedrun +1,warning,confident,warning,multiple_names,4,Disentis | Valtgeva Druni KidsArena Sedrun | Andermatt - Oberalp - Sedrun | Gemsstock Andermatt - Gemsstock,28,34.0,True,very_large_multi_station_domain,,very_large_multi_station_domain,cluster_lift_count_supported_by_bergfex,False,0,0,0,159.8,,,23425.2,3000.0
SKI_CLUSTER_020,Crans - Montana Crans - Montana / Anzère,confident,confident,confident,multiple_names,2,Crans - Montana Crans - Montana | Anzère,26,38.0,False,,,,cluster_lift_count_supported_by_bergfex,False,0,0,0,265.3,SKI_CLUSTER_052,5226.3,13475.6,3000.0
SKI_CLUSTER_021,Attinghausen Brüsti - Attinghausen / Kellerberg Skilift Kellerberg / Haldi / Ratzi Spiringen +2,warning,confident,warning,multiple_names,5,Attinghausen Brüsti - Attinghausen | Kellerberg Skilift Kellerberg / Haldi | Ratzi Spiringen | Flüelen Eggberge / Flüelen | Biel - Kinzig,25,14.0,True,close_to_named_cluster|many_station_names_on_large_domain,,close_to_named_cluster|many_station_names_on_large_domain,large_spatial_extent|cluster_lift_count_supported_by_bergfex,False,0,0,0,177.8,SKI_CLUSTER_013,3374.4,17205.5,3000.0
SKI_CLUSTER_022,Corviglia St. Moritz / Languard Pontresina / Muottas Muragl +1,warning,confident,warning,multiple_names,4,Corviglia St. Moritz | Languard Pontresina | Muottas Muragl | Survih - Samedan,24,27.0,True,close_to_named_cluster,,close_to_named_cluster,cluster_lift_count_supported_by_bergfex,False,0,0,0,604.2,SKI_CLUSTER_033,3061.2,12141.7,3000.0
SKI_CLUSTER_023,Moléson - La Gruyère / Les Pléiades / Les Paccots - Châtel Saint Denis +2,warning,confident,warning,multiple_names,5,Moléson - La Gruyère | Les Pléiades | Les Paccots - Châtel Saint Denis | Rathvel | Bulle - La Chia,23,29.0,True,many_station_names_on_large_domain,,many_station_names_on_large_domain,large_spatial_extent|cluster_lift_count_supported_by_bergfex,False,0,0,0,3413.8,SKI_CLUSTER_089,3580.4,15748.6,3000.0
SKI_CLUSTER_024,Meiringen - Hasliberg / Melchsee - Frutt,confident,confident,confident,multiple_names,2,Meiringen - Hasliberg | Melchsee - Frutt,22,32.0,False,,,,cluster_lift_count_supported_by_bergfex,False,0,0,0,507.7,SKI_CLUSTER_194,4631.6,11292.7,3000.0
SKI_CLUSTER_027,Brigels Waltensburg Andiast / Obersaxen Mundaun,confident,confident,confident,multiple_names,2,Brigels Waltensburg Andiast | Obersaxen Mundaun,19,21.0,False,,,,large_spatial_extent|cluster_lift_count_supported_by_bergfex,False,0,0,0,173.2,SKI_CLUSTER_231,5056.8,14476.5,3000.0
SKI_CLUSTER_030,Toggenburg - Chäserrugg Alt St. Johann Unterwasser / Toggenburg Wildhaus,confident,confident,confident,multiple_names,2,Toggenburg - Chäserrugg Alt St. Johann Unterwasser | Toggenburg Wildhaus,15,20.0,False,,,,cluster_lift_count_supported_by_bergfex,False,0,0,0,19.6,SKI_CLUSTER_148,4032.4,8348.3,3000.0
SKI_CLUSTER_038,Tristeli St. Margarethenberg / Mastrils Skilift Mastrils / Pizol - Bad Ragaz - Wangs,confident,confident,confident,multiple_names,3,Tristeli St. Margarethenberg | Mastrils Skilift Mastrils | Pizol - Bad Ragaz - Wangs,12,14.0,False,,,,cluster_lift_count_supported_by_bergfex,False,0,0,0,539.3,,,12076.2,3000.0
SKI_CLUSTER_040,Seebodenalp - Küssnacht am Rigi / Rigi,confident,confident,confident,multiple_names,2,Seebodenalp - Küssnacht am Rigi | Rigi,11,11.0,False,,,,cluster_lift_count_supported_by_bergfex,False,0,0,0,1189.5,SKI_CLUSTER_204,3730.2,10772.5,3000.0
SKI_CLUSTER_041,Trelasse La Trélasse / La Dôle Jura sur Léman,warning,confident,warning,multiple_names,2,Trelasse La Trélasse | La Dôle Jura sur Léman,10,23.0,True,close_to_named_cluster,,close_to_named_cluster,,False,0,0,0,263.7,SKI_CLUSTER_100,3265.6,3701.4,3000.0
SKI_CLUSTER_042,Le Pâquier Crêt - du - Puy / Les Bugnenets - Savagnières,warning,confident,warning,multiple_names,2,Le Pâquier Crêt - du - Puy | Les Bugnenets - Savagnières,10,11.0,True,close_to_named_cluster,,close_to_named_cluster,cluster_lift_count_supported_by_bergfex,False,0,0,0,139.7,SKI_CLUSTER_161,3125.2,5492.5,3000.0
SKI_CLUSTER_046,Schwanden - Sigriswil Thunersee / Beatenberg - Niederhorn / Habkern,confident,confident,confident,multiple_names,3,Schwanden - Sigriswil Thunersee | Beatenberg - Niederhorn | Habkern,9,11.0,False,,,,cluster_lift_count_supported_by_bergfex,False,0,0,0,555.9,SKI_CLUSTER_136,3855.5,11420.9,3000.0
SKI_CLUSTER_051,Schwarzenbühl Selital / Gantrisch - Gurnigel / Ottenleuebad +3,confident,review,review,multiple_names,6,Schwarzenbühl Selital | Gantrisch - Gurnigel | Ottenleuebad | Rüschegg - Eywald | Riffenmatt | Gurten Bern,8,11.0,False,,,,cluster_lift_count_supported_by_bergfex,True,1,0,1,17678.6,SKI_CLUSTER_178,3720.2,8531.1,3000.0
SKI_CLUSTER_055,Ebenalp - Horn / Brülisau Brülisau - Leugangen,warning,confident,warning,multiple_names,2,Ebenalp - Horn | Brülisau Brülisau - Leugangen,8,8.0,True,close_to_named_cluster,,close_to_named_cluster,cluster_lift_count_supported_by_bergfex,False,0,0,0,14.7,SKI_CLUSTER_083,3470.1,10915.1,3000.0
SKI_CLUSTER_058,Rothwald - Wasenalp am Simplon / Rosswald,confident,confident,confident,multiple_names,2,Rothwald - Wasenalp am Simplon | Rosswald,7,8.0,False,,,,cluster_lift_count_supported_by_bergfex,False,0,0,0,33.1,SKI_CLUSTER_009,4464.4,6074.6,3000.0
SKI_CLUSTER_059,Airolo - Pesciüm Airolo - Pesciüm / Airolo - Lüina,confident,confident,confident,multiple_names,2,Airolo - Pesciüm Airolo - Pesciüm | Airolo - Lüina,7,11.0,False,,,,cluster_lift_count_supported_by_bergfex,False,0,0,0,500.2,,,4157.8,3000.0
SKI_CLUSTER_060,Tenna / Sarn - Heinzenberg / Tschappina Tschappina - Urmein - Heinzenberg,confident,confident,confident,multiple_names,3,Tenna | Sarn - Heinzenberg | Tschappina Tschappina - Urmein - Heinzenberg,7,13.0,False,,,,cluster_lift_count_supported_by_bergfex,False,0,0,0,300.9,,,8808.3,3000.0
SKI_CLUSTER_063,Springenboden Diemtigtal / Wiriehorn Diemtigtal,warning,confident,warning,multiple_names,2,Springenboden Diemtigtal | Wiriehorn Diemtigtal,6,8.0,True,close_to_named_cluster,,close_to_named_cluster,cluster_lift_count_supported_by_bergfex,False,0,0,0,4.3,SKI_CLUSTER_107,3461.7,6159.5,3000.0
SKI_CLUSTER_065,Steg im Tösstal / Ghöch / Steig - Bäretswill Steig - Bäretswil,warning,confident,warning,multiple_names,3,Steg im Tösstal | Ghöch | Steig - Bäretswill Steig - Bäretswil,6,7.0,True,close_to_named_cluster,,close_to_named_cluster,cluster_lift_count_supported_by_bergfex,False,0,0,0,279.7,SKI_CLUSTER_066,3228.6,6666.5,3000.0
SKI_CLUSTER_066,Oberholz - Farner / Atzmännig,warning,confident,warning,multiple_names,2,Oberholz - Farner | Atzmännig,6,8.0,True,close_to_named_cluster,,close_to_named_cluster,cluster_lift_count_supported_by_bergfex,False,0,0,0,23.4,SKI_CLUSTER_065,3228.6,5280.4,3000.0
SKI_CLUSTER_074,Bumbach - Schangnau / Marchbachegg Marbach - Marbachegg,confident,confident,confident,multiple_names,2,Bumbach - Schangnau | Marchbachegg Marbach - Marbachegg,5,9.0,False,,,,cluster_lift_count_supported_by_bergfex,False,0,0,0,193.1,SKI_CLUSTER_138,4656.5,6429.7,3000.0
SKI_CLUSTER_079,Bennau Einsiedeln / Friherrenberg Einsiedeln / Schnabelsberg Einsiedeln,confident,confident,confident,multiple_names,3,Bennau Einsiedeln | Friherrenberg Einsiedeln | Schnabelsberg Einsiedeln,5,4.0,False,,,,cluster_lift_count_supported_by_bergfex,False,0,0,0,17.0,SKI_CLUSTER_207,5218.3,3920.5,3000.0
SKI_CLUSTER_083,Osteregg Urnäsch / Osteregg / Alpsteinblick Gonten / Jakobsbad - Kronberg,warning,confident,warning,multiple_names,3,Osteregg Urnäsch / Osteregg | Alpsteinblick Gonten | Jakobsbad - Kronberg,5,5.0,True,close_to_named_cluster,,close_to_named_cluster,cluster_lift_count_supported_by_bergfex,False,0,0,0,507.1,SKI_CLUSTER_055,3470.1,5882.8,3000.0
SKI_CLUSTER_087,Müsella La Punt - Müsella / Zuoz / Bügls - S - chanf,confident,confident,confident,multiple_names,3,Müsella La Punt - Müsella | Zuoz | Bügls - S - chanf,5,7.0,False,,,,cluster_lift_count_supported_by_bergfex,False,0,0,0,3451.4,SKI_CLUSTER_022,5695.1,5538.2,3000.0
SKI_CLUSTER_089,Rochers de Naye - Haut de Caux - Dent de Jaman / Les Prévondes,confident,confident,confident,multiple_names,2,Rochers de Naye - Haut de Caux - Dent de Jaman | Les Prévondes,4,7.0,False,,,,cluster_lift_count_supported_by_bergfex,False,0,0,0,437.6,SKI_CLUSTER_023,3580.4,4471.7,3000.0
SKI_CLUSTER_102,La Robella / La Brévine,warning,review,review,multiple_names,2,La Robella | La Brévine,3,5.0,True,close_to_named_cluster,,close_to_named_cluster,cluster_lift_count_supported_by_bergfex,True,1,0,1,11064.6,SKI_CLUSTER_050,3010.5,1956.7,3000.0
SKI_CLUSTER_109,Heimenschwand Buchholterberg / Linden Skilift Linden,confident,confident,confident,multiple_names,2,Heimenschwand Buchholterberg | Linden Skilift Linden,3,4.0,False,,,,cluster_lift_count_supported_by_bergfex,False,0,0,0,21.7,SKI_CLUSTER_183,4575.2,2117.4,3000.0
SKI_CLUSTER_110,Faltschen - Reichenbach im Kandertal / Aeschi,confident,confident,confident,multiple_names,2,Faltschen - Reichenbach im Kandertal | Aeschi,3,6.0,False,,,,cluster_lift_count_supported_by_bergfex,False,0,0,0,394.2,SKI_CLUSTER_046,4032.8,3338.0,3000.0
SKI_CLUSTER_116,Schwellbrunn / Degersheim,confident,confident,confident,multiple_names,2,Schwellbrunn | Degersheim,3,4.0,False,,,,cluster_lift_count_supported_by_bergfex,False,0,0,0,105.3,SKI_CLUSTER_230,3576.1,3742.7,3000.0
SKI_CLUSTER_117,Oberegg St. Anton / Heiden Bischofsberg / Grub Kaien,confident,confident,confident,multiple_names,3,Oberegg St. Anton | Heiden Bischofsberg | Grub Kaien,3,3.0,False,,,,,False,0,0,0,50.4,SKI_CLUSTER_233,5616.9,5173.4,3000.0
SKI_CLUSTER_126,La Corbatière - La Roche - des - Crocs / Crêt - Meuron / Les Loges,warning,confident,warning,multiple_names,3,La Corbatière - La Roche - des - Crocs | Crêt - Meuron | Les Loges,2,6.0,True,cluster_lift_count_below_bergfex_total,,cluster_lift_count_below_bergfex_total,,False,0,0,0,1319.7,SKI_CLUSTER_158,3791.3,1332.9,3000.0
SKI_CLUSTER_136,Heiligenschwendi - Hubelweid / Homberg Skilift Dreiligass - Winteregg,confident,confident,confident,multiple_names,2,Heiligenschwendi - Hubelweid | Homberg Skilift Dreiligass - Winteregg,2,2.0,False,,,,,False,0,0,0,6.7,SKI_CLUSTER_046,3855.5,2540.5,3000.0
SKI_CLUSTER_144,Wägital - Vorderthal / Sattelegg Einsiedeln,confident,confident,confident,multiple_names,2,Wägital - Vorderthal | Sattelegg Einsiedeln,2,2.0,False,,,,,False,0,0,0,20.0,SKI_CLUSTER_207,3871.0,3532.4,3000.0
SKI_CLUSTER_145,Hamberg - Gähwil / Oberwangen,confident,confident,confident,multiple_names,2,Hamberg - Gähwil | Oberwangen,2,3.0,False,,,,,False,0,0,0,92.3,SKI_CLUSTER_218,4371.4,4014.6,3000.0
SKI_CLUSTER_157,Sommartel Le Locle / Brot - Plamboz,confident,warning,warning,multiple_names,2,Sommartel Le Locle | Brot - Plamboz,1,3.0,False,,,,single_lift_cluster,True,1,1,0,6260.7,SKI_CLUSTER_158,3725.5,731.5,3000.0
SKI_CLUSTER_200,Regensberg - Im Buck / Röhrenmoos Dietikon / Egg Hallau +1,warning,review,review,multiple_names,4,Regensberg - Im Buck | Röhrenmoos Dietikon | Egg Hallau | Opfershofen Skilift Stich / Opfertshofen,1,4.0,True,cluster_lift_count_below_bergfex_total,,cluster_lift_count_below_bergfex_total,single_lift_cluster,True,3,0,3,37204.2,,,269.3,3000.0
SKI_CLUSTER_205,Mogno / Piano di Peccia,confident,warning,warning,multiple_names,2,Mogno | Piano di Peccia,1,3.0,False,,,,single_lift_cluster,True,1,1,0,4325.7,,,430.5,3000.0
SKI_CLUSTER_206,Prato Leventina / Bedrina Dalpe,confident,confident,confident,multiple_names,2,Prato Leventina | Bedrina Dalpe,1,3.0,False,,,,single_lift_cluster,False,0,0,0,994.0,SKI_CLUSTER_143,4255.2,848.2,3000.0
SKI_CLUSTER_210,Sternenberg / Sitzberg / Schafbüel - Wildberg +1,warning,review,review,multiple_names,4,Sternenberg | Sitzberg | Schafbüel - Wildberg | Dicki - Weisslingen,1,4.0,True,cluster_lift_count_below_bergfex_total,,cluster_lift_count_below_bergfex_total,single_lift_cluster,True,3,1,2,12658.4,SKI_CLUSTER_065,4663.3,250.3,3000.0
