resort_id,resort_name_canonical,cluster_id,point_municipality_bfs_id,point_municipality_name,point_municipality_canton,selection_status,bfs_hotel_universe,bfs_hotel_municipality_name,assignment_quality,identity_status,relationship_type,tourism_exposure_interpretation,source_id,usable_for_descriptive_point_merge,usable_as_causal_exposure_without_review
balmberg,Balmberg,SKI_CLUSTER_108,2541,Balm bei Günsberg,SO,unique_current_polygon,False,,confident,provisional_existing_listing_not_independent_domain,coordinate_container_only,not_established,GEOADMIN_MUNICIPALITY_IDENTIFY,False,False
hohe_winde_beinwil,Hohe Winde Beinwil,SKI_CLUSTER_179,2612,Beinwil (SO),SO,unique_current_polygon,False,,confident,provisional_existing_listing_not_independent_domain,coordinate_container_only,not_established,GEOADMIN_MUNICIPALITY_IDENTIFY,False,False
bumbach_schangnau,Bumbach - Schangnau,SKI_CLUSTER_074,906,Schangnau,BE,unique_current_polygon,True,Schangnau,confident,provisional_existing_listing_not_independent_domain,coordinate_container_only,not_established,GEOADMIN_MUNICIPALITY_IDENTIFY,True,False
chuderhusi,Chuderhüsi,SKI_CLUSTER_183,904,Röthenbach im Emmental,BE,unique_current_polygon,False,,confident,provisional_existing_listing_not_independent_domain,coordinate_container_only,not_established,GEOADMIN_MUNICIPALITY_IDENTIFY,False,False
gantrisch_gurnigel,Gantrisch - Gurnigel,SKI_CLUSTER_051,880,Rüeggisberg,BE,unique_current_polygon,False,,confident,provisional_existing_listing_not_independent_domain,coordinate_container_only,not_established,GEOADMIN_MUNICIPALITY_IDENTIFY,False,False
gurten_bern,Gurten Bern,SKI_CLUSTER_051,355,Köniz,BE,unique_current_polygon,True,Köniz,review,provisional_existing_listing_not_independent_domain,coordinate_container_only,not_established,GEOADMIN_MUNICIPALITY_IDENTIFY,True,False
heimenschwand_buchholterberg,Heimenschwand Buchholterberg,SKI_CLUSTER_109,923,Buchholterberg,BE,unique_current_polygon,False,,confident,provisional_existing_listing_not_independent_domain,coordinate_container_only,not_established,GEOADMIN_MUNICIPALITY_IDENTIFY,False,False
homberg_skilift_dreiligass_winteregg,Homberg Skilift Dreiligass - Winteregg,SKI_CLUSTER_136,931,Homberg,BE,unique_current_polygon,False,,confident,provisional_existing_listing_not_independent_domain,coordinate_container_only,not_established,GEOADMIN_MUNICIPALITY_IDENTIFY,False,False
linden_skilift_linden,Linden Skilift Linden,SKI_CLUSTER_109,614,Linden,BE,unique_current_polygon,False,,confident,provisional_existing_listing_not_independent_domain,coordinate_container_only,not_established,GEOADMIN_MUNICIPALITY_IDENTIFY,False,False
ottenleuebad,Ottenleuebad,SKI_CLUSTER_051,852,Guggisberg,BE,unique_current_polygon,False,,confident,provisional_existing_listing_not_independent_domain,coordinate_container_only,not_established,GEOADMIN_MUNICIPALITY_IDENTIFY,False,False
ruschegg_eywald,Rüschegg - Eywald,SKI_CLUSTER_051,853,Rüschegg,BE,unique_current_polygon,False,,confident,provisional_existing_listing_not_independent_domain,coordinate_container_only,not_established,GEOADMIN_MUNICIPALITY_IDENTIFY,False,False
schwarzenbuhl_selital,Schwarzenbühl Selital,SKI_CLUSTER_051,853,Rüschegg,BE,unique_current_polygon,False,,confident,provisional_existing_listing_not_independent_domain,coordinate_container_only,not_established,GEOADMIN_MUNICIPALITY_IDENTIFY,False,False
langenbruck,Langenbruck,SKI_CLUSTER_111,2888,Langenbruck,BL,unique_current_polygon,False,,confident,provisional_existing_listing_not_independent_domain,coordinate_container_only,not_established,GEOADMIN_MUNICIPALITY_IDENTIFY,False,False
bulle_la_chia,Bulle - La Chia,SKI_CLUSTER_023,2125,Bulle,FR,unique_current_polygon,True,Bulle,confident,provisional_existing_listing_not_independent_domain,coordinate_container_only,not_established,GEOADMIN_MUNICIPALITY_IDENTIFY,True,False
charmey,Charmey,SKI_CLUSTER_091,2163,Val-de-Charmey,FR,unique_current_polygon,False,,confident,provisional_existing_listing_not_independent_domain,coordinate_container_only,not_established,GEOADMIN_MUNICIPALITY_IDENTIFY,False,False
hapfere_plaffeien,Hapfere Plaffeien,SKI_CLUSTER_173,2299,Plaffeien,FR,unique_current_polygon,True,Plaffeien,confident,provisional_existing_listing_not_independent_domain,coordinate_container_only,not_established,GEOADMIN_MUNICIPALITY_IDENTIFY,True,False
jaun_gastlosen,Jaun Gastlosen,SKI_CLUSTER_092,2138,Jaun,FR,unique_current_polygon,False,,confident,provisional_existing_listing_not_independent_domain,coordinate_container_only,not_established,GEOADMIN_MUNICIPALITY_IDENTIFY,False,False
la_berra_la_roche,La Berra - La Roche,SKI_CLUSTER_069,2149,La Roche,FR,unique_current_polygon,False,,confident,provisional_existing_listing_not_independent_domain,coordinate_container_only,not_established,GEOADMIN_MUNICIPALITY_IDENTIFY,False,False
les_paccots_chatel_saint_denis,Les Paccots - Châtel Saint Denis,SKI_CLUSTER_023,2325,Châtel-Saint-Denis,FR,unique_current_polygon,False,,confident,provisional_existing_listing_not_independent_domain,coordinate_container_only,not_established,GEOADMIN_MUNICIPALITY_IDENTIFY,False,False
moleson_la_gruyere,Moléson - La Gruyère,SKI_CLUSTER_023,2135,Gruyères,FR,unique_current_polygon,True,Gruyères,confident,provisional_existing_listing_not_independent_domain,coordinate_container_only,not_established,GEOADMIN_MUNICIPALITY_IDENTIFY,True,False
mont_gibloux,Mont Gibloux,SKI_CLUSTER_163,2236,Gibloux,FR,unique_current_polygon,False,,confident,provisional_existing_listing_not_independent_domain,coordinate_container_only,not_established,GEOADMIN_MUNICIPALITY_IDENTIFY,False,False
rathvel,Rathvel,SKI_CLUSTER_023,2325,Châtel-Saint-Denis,FR,unique_current_polygon,False,,confident,provisional_existing_listing_not_independent_domain,coordinate_container_only,not_established,GEOADMIN_MUNICIPALITY_IDENTIFY,False,False
schwarzsee_kaiseregg_bahnen,Schwarzsee Kaiseregg Bahnen,SKI_CLUSTER_093,2138,Jaun,FR,unique_current_polygon,False,,confident,provisional_existing_listing_not_independent_domain,coordinate_container_only,not_established,GEOADMIN_MUNICIPALITY_IDENTIFY,False,False
aela_maloja,Aela Maloja,SKI_CLUSTER_120,3792,Bregaglia,GR,unique_current_polygon,True,Bregaglia,confident,provisional_existing_listing_not_independent_domain,coordinate_container_only,not_established,GEOADMIN_MUNICIPALITY_IDENTIFY,True,False
andermatt_oberalp_sedrun,Andermatt - Oberalp - Sedrun,SKI_CLUSTER_017,3986,Tujetsch,GR,unique_current_polygon,True,Tujetsch,confident,provisional_existing_listing_not_independent_domain,coordinate_container_only,not_established,GEOADMIN_MUNICIPALITY_IDENTIFY,True,False
arosa_lenzerheide,Arosa Lenzerheide,SKI_CLUSTER_007,3901,Chur,GR,unique_current_polygon,True,Chur,confident,provisional_existing_listing_not_independent_domain,coordinate_container_only,not_established,GEOADMIN_MUNICIPALITY_IDENTIFY,True,False
avers,Avers,SKI_CLUSTER_118,3681,Avers,GR,unique_current_polygon,False,,confident,provisional_existing_listing_not_independent_domain,coordinate_container_only,not_established,GEOADMIN_MUNICIPALITY_IDENTIFY,False,False
bergun_filisur_bergun_filisur_darlux,Bergün - Filisur Bergün - Filisur / Darlux,SKI_CLUSTER_086,3544,Bergün Filisur,GR,unique_current_polygon,False,,confident,provisional_existing_listing_not_independent_domain,coordinate_container_only,not_established,GEOADMIN_MUNICIPALITY_IDENTIFY,False,False
bivio,Bivio,SKI_CLUSTER_119,3543,Surses,GR,unique_current_polygon,True,Surses,confident,provisional_existing_listing_not_independent_domain,coordinate_container_only,not_established,GEOADMIN_MUNICIPALITY_IDENTIFY,True,False
brambruesch_chur_brambruesch,Brambrüesch Chur - Brambrüesch,SKI_CLUSTER_007,3911,Churwalden,GR,unique_current_polygon,False,,confident,provisional_existing_listing_not_independent_domain,coordinate_container_only,not_established,GEOADMIN_MUNICIPALITY_IDENTIFY,False,False
brigels_waltensburg_andiast,Brigels Waltensburg Andiast,SKI_CLUSTER_027,3981,Breil/Brigels,GR,unique_current_polygon,True,Breil/Brigels,confident,provisional_existing_listing_not_independent_domain,coordinate_container_only,not_established,GEOADMIN_MUNICIPALITY_IDENTIFY,True,False
bugls_s_chanf,Bügls - S - chanf,SKI_CLUSTER_087,3788,S-chanf,GR,unique_current_polygon,False,,confident,provisional_existing_listing_not_independent_domain,coordinate_container_only,not_established,GEOADMIN_MUNICIPALITY_IDENTIFY,False,False
corvatsch_furtschellas,Corvatsch - Furtschellas,SKI_CLUSTER_033,3790,Silvaplana,GR,unique_current_polygon,False,,confident,provisional_existing_listing_not_independent_domain,coordinate_container_only,not_established,GEOADMIN_MUNICIPALITY_IDENTIFY,False,False
corviglia_st_moritz,Corviglia St. Moritz,SKI_CLUSTER_022,3782,Celerina/Schlarigna,GR,unique_current_polygon,True,Celerina/Schlarigna,confident,provisional_existing_listing_not_independent_domain,coordinate_container_only,not_established,GEOADMIN_MUNICIPALITY_IDENTIFY,True,False
diavolezza_lagalb,Diavolezza - Lagalb,SKI_CLUSTER_099,3784,Pontresina,GR,unique_current_polygon,True,Pontresina,confident,provisional_existing_listing_not_independent_domain,coordinate_container_only,not_established,GEOADMIN_MUNICIPALITY_IDENTIFY,True,False
disentis,Disentis,SKI_CLUSTER_017,3982,Disentis/Mustér,GR,unique_current_polygon,False,,confident,provisional_existing_listing_not_independent_domain,coordinate_container_only,not_established,GEOADMIN_MUNICIPALITY_IDENTIFY,False,False
feldis,Feldis,SKI_CLUSTER_149,3673,Domleschg,GR,unique_current_polygon,False,,confident,provisional_existing_listing_not_independent_domain,coordinate_container_only,not_established,GEOADMIN_MUNICIPALITY_IDENTIFY,False,False
grusch_danusa,Grüsch Danusa,SKI_CLUSTER_056,3961,Grüsch,GR,unique_current_polygon,False,,confident,provisional_existing_listing_not_independent_domain,coordinate_container_only,not_established,GEOADMIN_MUNICIPALITY_IDENTIFY,False,False
heuberge_fideriser_heuberge,Heuberge Fideriser Heuberge,SKI_CLUSTER_121,3861,Fideris,GR,unique_current_polygon,False,,confident,provisional_existing_listing_not_independent_domain,coordinate_container_only,not_established,GEOADMIN_MUNICIPALITY_IDENTIFY,False,False
hochwang,Hochwang,SKI_CLUSTER_151,3921,Arosa,GR,unique_current_polygon,True,Arosa,confident,provisional_existing_listing_not_independent_domain,coordinate_container_only,not_established,GEOADMIN_MUNICIPALITY_IDENTIFY,True,False
jakobshorn_davos_jakobshorn,Jakobshorn Davos Jakobshorn,SKI_CLUSTER_006,3851,Davos,GR,unique_current_polygon,True,Davos,confident,provisional_existing_listing_not_independent_domain,coordinate_container_only,not_established,GEOADMIN_MUNICIPALITY_IDENTIFY,True,False
junker_st_antonien,Junker - St. Antönien,SKI_CLUSTER_240,3891,Luzein,GR,unique_current_polygon,False,,confident,provisional_existing_listing_not_independent_domain,coordinate_container_only,not_established,GEOADMIN_MUNICIPALITY_IDENTIFY,False,False
laax_flims_laax_falera,Laax Flims Laax Falera,SKI_CLUSTER_019,3575,Laax,GR,unique_current_polygon,True,Laax,confident,provisional_existing_listing_not_independent_domain,coordinate_container_only,not_established,GEOADMIN_MUNICIPALITY_IDENTIFY,True,False
languard_pontresina,Languard Pontresina,SKI_CLUSTER_022,3784,Pontresina,GR,unique_current_polygon,True,Pontresina,confident,provisional_existing_listing_not_independent_domain,coordinate_container_only,not_established,GEOADMIN_MUNICIPALITY_IDENTIFY,True,False
madrisa_klosters_madrisa,Madrisa Klosters Madrisa,SKI_CLUSTER_006,3871,Klosters,GR,unique_current_polygon,True,Klosters,confident,provisional_existing_listing_not_independent_domain,coordinate_container_only,not_established,GEOADMIN_MUNICIPALITY_IDENTIFY,True,False
mastrils_skilift_mastrils,Mastrils Skilift Mastrils,SKI_CLUSTER_038,3955,Landquart,GR,unique_current_polygon,False,,confident,provisional_existing_listing_not_independent_domain,coordinate_container_only,not_established,GEOADMIN_MUNICIPALITY_IDENTIFY,False,False
minschuns_val_mustair,Minschuns - Val Müstair,SKI_CLUSTER_122,3847,Val Müstair,GR,unique_current_polygon,True,Val Müstair,confident,provisional_existing_listing_not_independent_domain,coordinate_container_only,not_established,GEOADMIN_MUNICIPALITY_IDENTIFY,True,False
motta_naluns_scuol_motta_naluns,Motta Naluns Scuol Motta Naluns,SKI_CLUSTER_044,3762,Scuol,GR,unique_current_polygon,True,Scuol,confident,provisional_existing_listing_not_independent_domain,coordinate_container_only,not_established,GEOADMIN_MUNICIPALITY_IDENTIFY,True,False
muottas_muragl,Muottas Muragl,SKI_CLUSTER_022,3786,Samedan,GR,unique_current_polygon,True,Samedan,confident,provisional_existing_listing_not_independent_domain,coordinate_container_only,not_established,GEOADMIN_MUNICIPALITY_IDENTIFY,True,False
musella_la_punt_musella,Müsella La Punt - Müsella,SKI_CLUSTER_087,3785,La Punt Chamues-ch,GR,unique_current_polygon,False,,confident,provisional_existing_listing_not_independent_domain,coordinate_container_only,not_established,GEOADMIN_MUNICIPALITY_IDENTIFY,False,False
obermutten_mutten_obermutten,Obermutten Mutten - Obermutten,SKI_CLUSTER_236,3668,Thusis,GR,unique_current_polygon,False,,confident,provisional_existing_listing_not_independent_domain,coordinate_container_only,not_established,GEOADMIN_MUNICIPALITY_IDENTIFY,False,False
obersaxen_mundaun,Obersaxen Mundaun,SKI_CLUSTER_027,3988,Obersaxen Mundaun,GR,unique_current_polygon,False,,confident,provisional_existing_listing_not_independent_domain,coordinate_container_only,not_established,GEOADMIN_MUNICIPALITY_IDENTIFY,False,False
pany,Pany,SKI_CLUSTER_239,3891,Luzein,GR,unique_current_polygon,False,,confident,provisional_existing_listing_not_independent_domain,coordinate_container_only,not_established,GEOADMIN_MUNICIPALITY_IDENTIFY,False,False
parsenn_davos_klosters_parsenn,Parsenn Davos Klosters Parsenn,SKI_CLUSTER_006,3851,Davos,GR,unique_current_polygon,True,Davos,confident,provisional_existing_listing_not_independent_domain,coordinate_container_only,not_established,GEOADMIN_MUNICIPALITY_IDENTIFY,True,False
pian_cales_san_bernardino,Pian Cales San Bernardino,SKI_CLUSTER_067,3822,Mesocco,GR,unique_current_polygon,False,,confident,provisional_existing_listing_not_independent_domain,coordinate_container_only,not_established,GEOADMIN_MUNICIPALITY_IDENTIFY,False,False
pischa_davos_pischa,Pischa Davos Pischa,SKI_CLUSTER_241,3851,Davos,GR,unique_current_polygon,True,Davos,confident,provisional_existing_listing_not_independent_domain,coordinate_container_only,not_established,GEOADMIN_MUNICIPALITY_IDENTIFY,True,False
pradaschier_churwalden,Pradaschier - Churwalden,SKI_CLUSTER_007,3911,Churwalden,GR,unique_current_polygon,False,,confident,provisional_existing_listing_not_independent_domain,coordinate_container_only,not_established,GEOADMIN_MUNICIPALITY_IDENTIFY,False,False
rinerhorn_davos_rinerhorn,Rinerhorn Davos Rinerhorn,SKI_CLUSTER_006,3851,Davos,GR,unique_current_polygon,True,Davos,confident,provisional_existing_listing_not_independent_domain,coordinate_container_only,not_established,GEOADMIN_MUNICIPALITY_IDENTIFY,True,False
rossa,Rossa,SKI_CLUSTER_147,3808,Rossa,GR,unique_current_polygon,False,,warning,provisional_existing_listing_not_independent_domain,coordinate_container_only,not_established,GEOADMIN_MUNICIPALITY_IDENTIFY,False,False
samnaun_silvretta_arena_samnaun_ischgl,Samnaun Silvretta Arena Samnaun / Ischgl,SKI_CLUSTER_011,3752,Samnaun,GR,unique_current_polygon,True,Samnaun,confident,provisional_existing_listing_not_independent_domain,coordinate_container_only,not_established,GEOADMIN_MUNICIPALITY_IDENTIFY,True,False
sarn_heinzenberg,Sarn - Heinzenberg,SKI_CLUSTER_060,3661,Cazis,GR,unique_current_polygon,False,,confident,provisional_existing_listing_not_independent_domain,coordinate_container_only,not_established,GEOADMIN_MUNICIPALITY_IDENTIFY,False,False
savognin,Savognin,SKI_CLUSTER_043,3543,Surses,GR,unique_current_polygon,True,Surses,confident,provisional_existing_listing_not_independent_domain,coordinate_container_only,not_established,GEOADMIN_MUNICIPALITY_IDENTIFY,True,False
schatzalp_davos_schatzalp_strela,Schatzalp Davos Schatzalp - Strela,SKI_CLUSTER_006,3851,Davos,GR,unique_current_polygon,True,Davos,confident,provisional_existing_listing_not_independent_domain,coordinate_container_only,not_established,GEOADMIN_MUNICIPALITY_IDENTIFY,True,False
splugen_rheinwald,Splügen Rheinwald,SKI_CLUSTER_084,3714,Rheinwald,GR,unique_current_polygon,True,Rheinwald,confident,provisional_existing_listing_not_independent_domain,coordinate_container_only,not_established,GEOADMIN_MUNICIPALITY_IDENTIFY,True,False
survih_samedan,Survih - Samedan,SKI_CLUSTER_022,3786,Samedan,GR,unique_current_polygon,True,Samedan,confident,provisional_existing_listing_not_independent_domain,coordinate_container_only,not_established,GEOADMIN_MUNICIPALITY_IDENTIFY,True,False
tenna,Tenna,SKI_CLUSTER_060,3672,Safiental,GR,unique_current_polygon,False,,confident,provisional_existing_listing_not_independent_domain,coordinate_container_only,not_established,GEOADMIN_MUNICIPALITY_IDENTIFY,False,False
tschappina_tschappina_urmein_heinzenberg,Tschappina Tschappina - Urmein - Heinzenberg,SKI_CLUSTER_060,3669,Tschappina,GR,unique_current_polygon,False,,confident,provisional_existing_listing_not_independent_domain,coordinate_container_only,not_established,GEOADMIN_MUNICIPALITY_IDENTIFY,False,False
tschiertschen,Tschiertschen,SKI_CLUSTER_098,3901,Chur,GR,unique_current_polygon,True,Chur,confident,provisional_existing_listing_not_independent_domain,coordinate_container_only,not_established,GEOADMIN_MUNICIPALITY_IDENTIFY,True,False
vals,Vals,SKI_CLUSTER_097,3603,Vals,GR,unique_current_polygon,True,Vals,confident,provisional_existing_listing_not_independent_domain,coordinate_container_only,not_established,GEOADMIN_MUNICIPALITY_IDENTIFY,True,False
valtgeva_druni_kidsarena_sedrun,Valtgeva Druni KidsArena Sedrun,SKI_CLUSTER_017,3986,Tujetsch,GR,unique_current_polygon,True,Tujetsch,confident,provisional_existing_listing_not_independent_domain,coordinate_container_only,not_established,GEOADMIN_MUNICIPALITY_IDENTIFY,True,False
zuoz,Zuoz,SKI_CLUSTER_087,3791,Zuoz,GR,unique_current_polygon,False,,confident,provisional_existing_listing_not_independent_domain,coordinate_container_only,not_established,GEOADMIN_MUNICIPALITY_IDENTIFY,False,False
brot_plamboz,Brot - Plamboz,SKI_CLUSTER_157,6433,Brot-Plamboz,NE,unique_current_polygon,False,,warning,provisional_existing_listing_not_independent_domain,coordinate_container_only,not_established,GEOADMIN_MUNICIPALITY_IDENTIFY,False,False
chapeau_rable_la_chaux_de_fonds,Chapeau Rablé La Chaux - de - Fonds,SKI_CLUSTER_159,6421,La Chaux-de-Fonds,NE,unique_current_polygon,True,La Chaux-de-Fonds,confident,provisional_existing_listing_not_independent_domain,coordinate_container_only,not_established,GEOADMIN_MUNICIPALITY_IDENTIFY,True,False
cret_meuron,Crêt - Meuron,SKI_CLUSTER_126,6487,Val-de-Ruz,NE,unique_current_polygon,False,,confident,provisional_existing_listing_not_independent_domain,coordinate_container_only,not_established,GEOADMIN_MUNICIPALITY_IDENTIFY,False,False
cote_aux_fees_la_cote_aux_fees,Côte - aux - Fées La Côte - aux - Fées,SKI_CLUSTER_156,6504,La Côte-aux-Fées,NE,unique_current_polygon,False,,confident,provisional_existing_listing_not_independent_domain,coordinate_container_only,not_established,GEOADMIN_MUNICIPALITY_IDENTIFY,False,False
la_brevine,La Brévine,SKI_CLUSTER_102,6432,La Brévine,NE,unique_current_polygon,False,,review,provisional_existing_listing_not_independent_domain,coordinate_container_only,not_established,GEOADMIN_MUNICIPALITY_IDENTIFY,False,False
la_corbatiere_la_roche_des_crocs,La Corbatière - La Roche - des - Crocs,SKI_CLUSTER_126,6421,La Chaux-de-Fonds,NE,unique_current_polygon,True,La Chaux-de-Fonds,confident,provisional_existing_listing_not_independent_domain,coordinate_container_only,not_established,GEOADMIN_MUNICIPALITY_IDENTIFY,True,False
la_robella,La Robella,SKI_CLUSTER_102,6512,Val-de-Travers,NE,unique_current_polygon,False,,confident,provisional_existing_listing_not_independent_domain,coordinate_container_only,not_established,GEOADMIN_MUNICIPALITY_IDENTIFY,False,False
le_chaluet,Le Chaluet,SKI_CLUSTER_133,690,Court,BE,unique_current_polygon,False,,confident,provisional_existing_listing_not_independent_domain,coordinate_container_only,not_established,GEOADMIN_MUNICIPALITY_IDENTIFY,False,False
le_paquier_cret_du_puy,Le Pâquier Crêt - du - Puy,SKI_CLUSTER_042,6487,Val-de-Ruz,NE,unique_current_polygon,False,,confident,provisional_existing_listing_not_independent_domain,coordinate_container_only,not_established,GEOADMIN_MUNICIPALITY_IDENTIFY,False,False
les_breuleux,Les Breuleux,SKI_CLUSTER_162,448,Villeret,BE,unique_current_polygon,False,,confident,provisional_existing_listing_not_independent_domain,coordinate_container_only,not_established,GEOADMIN_MUNICIPALITY_IDENTIFY,False,False
les_bugnenets_savagnieres,Les Bugnenets - Savagnières,SKI_CLUSTER_042,443,Saint-Imier,BE,unique_current_polygon,False,,confident,provisional_existing_listing_not_independent_domain,coordinate_container_only,not_established,GEOADMIN_MUNICIPALITY_IDENTIFY,False,False
les_genevez,Les Genevez,SKI_CLUSTER_168,6748,Les Genevez (JU),JU,unique_current_polygon,False,,confident,provisional_existing_listing_not_independent_domain,coordinate_container_only,not_established,GEOADMIN_MUNICIPALITY_IDENTIFY,False,False
les_loges,Les Loges,SKI_CLUSTER_126,6487,Val-de-Ruz,NE,unique_current_polygon,False,,confident,provisional_existing_listing_not_independent_domain,coordinate_container_only,not_established,GEOADMIN_MUNICIPALITY_IDENTIFY,False,False
les_verrieres,Les Verrières,SKI_CLUSTER_155,6511,Les Verrières,NE,unique_current_polygon,False,,confident,provisional_existing_listing_not_independent_domain,coordinate_container_only,not_established,GEOADMIN_MUNICIPALITY_IDENTIFY,False,False
nods_chasseral,Nods - Chasseral,SKI_CLUSTER_166,724,Nods,BE,unique_current_polygon,False,,confident,provisional_existing_listing_not_independent_domain,coordinate_container_only,not_established,GEOADMIN_MUNICIPALITY_IDENTIFY,False,False
pres_d_orvin_les_pres_d_orvin,Prés - d'Orvin Les Prés - d'Orvin,SKI_CLUSTER_130,438,Orvin,BE,unique_current_polygon,False,,confident,provisional_existing_listing_not_independent_domain,coordinate_container_only,not_established,GEOADMIN_MUNICIPALITY_IDENTIFY,False,False
saint_imier_mont_soleil,Saint - Imier - Mont Soleil,SKI_CLUSTER_161,443,Saint-Imier,BE,unique_current_polygon,False,,warning,provisional_existing_listing_not_independent_domain,coordinate_container_only,not_established,GEOADMIN_MUNICIPALITY_IDENTIFY,False,False
sommartel_le_locle,Sommartel Le Locle,SKI_CLUSTER_157,6436,Le Locle,NE,unique_current_polygon,False,,confident,provisional_existing_listing_not_independent_domain,coordinate_container_only,not_established,GEOADMIN_MUNICIPALITY_IDENTIFY,False,False
sous_le_mont,Sous le Mont,SKI_CLUSTER_170,713,Tavannes,BE,unique_current_polygon,False,,confident,provisional_existing_listing_not_independent_domain,coordinate_container_only,not_established,GEOADMIN_MUNICIPALITY_IDENTIFY,False,False
tramelan,Tramelan,SKI_CLUSTER_128,437,Mont-Tramelan,BE,unique_current_polygon,False,,confident,provisional_existing_listing_not_independent_domain,coordinate_container_only,not_established,GEOADMIN_MUNICIPALITY_IDENTIFY,False,False
attinghausen_brusti_attinghausen,Attinghausen Brüsti - Attinghausen,SKI_CLUSTER_021,1203,Attinghausen,UR,unique_current_polygon,False,,confident,provisional_existing_listing_not_independent_domain,coordinate_container_only,not_established,GEOADMIN_MUNICIPALITY_IDENTIFY,False,False
bennau_einsiedeln,Bennau Einsiedeln,SKI_CLUSTER_079,1301,Einsiedeln,SZ,unique_current_polygon,True,Einsiedeln,confident,provisional_existing_listing_not_independent_domain,coordinate_container_only,not_established,GEOADMIN_MUNICIPALITY_IDENTIFY,True,False
biel_kinzig,Biel - Kinzig,SKI_CLUSTER_021,1205,Bürglen (UR),UR,unique_current_polygon,False,,confident,provisional_existing_listing_not_independent_domain,coordinate_container_only,not_established,GEOADMIN_MUNICIPALITY_IDENTIFY,False,False
brunni_haggenegg,Brunni - Haggenegg,SKI_CLUSTER_013,1361,Alpthal,SZ,unique_current_polygon,False,,confident,provisional_existing_listing_not_independent_domain,coordinate_container_only,not_established,GEOADMIN_MUNICIPALITY_IDENTIFY,False,False
brunni_brunni_bahnen_engelberg,Brunni Brunni - Bahnen Engelberg,SKI_CLUSTER_003,1402,Engelberg,OW,unique_current_polygon,True,Engelberg,confident,provisional_existing_listing_not_independent_domain,coordinate_container_only,not_established,GEOADMIN_MUNICIPALITY_IDENTIFY,True,False
brunni_skilift_brunni,Brunni Skilift Brunni,SKI_CLUSTER_013,1361,Alpthal,SZ,unique_current_polygon,False,,confident,provisional_existing_listing_not_independent_domain,coordinate_container_only,not_established,GEOADMIN_MUNICIPALITY_IDENTIFY,False,False
dallenwil_wirzweli,Dallenwil - Wirzweli,SKI_CLUSTER_003,1503,Dallenwil,NW,unique_current_polygon,False,,confident,provisional_existing_listing_not_independent_domain,coordinate_container_only,not_established,GEOADMIN_MUNICIPALITY_IDENTIFY,False,False
engelberg_titlis,Engelberg Titlis,SKI_CLUSTER_003,1511,Wolfenschiessen,NW,unique_current_polygon,False,,confident,provisional_existing_listing_not_independent_domain,coordinate_container_only,not_established,GEOADMIN_MUNICIPALITY_IDENTIFY,False,False
fluelen_eggberge_fluelen,Flüelen Eggberge / Flüelen,SKI_CLUSTER_021,1201,Altdorf (UR),UR,unique_current_polygon,False,,confident,provisional_existing_listing_not_independent_domain,coordinate_container_only,not_established,GEOADMIN_MUNICIPALITY_IDENTIFY,False,False
friherrenberg_einsiedeln,Friherrenberg Einsiedeln,SKI_CLUSTER_079,1301,Einsiedeln,SZ,unique_current_polygon,True,Einsiedeln,confident,provisional_existing_listing_not_independent_domain,coordinate_container_only,not_established,GEOADMIN_MUNICIPALITY_IDENTIFY,True,False
gemsstock_andermatt_gemsstock,Gemsstock Andermatt - Gemsstock,SKI_CLUSTER_017,1202,Andermatt,UR,unique_current_polygon,True,Andermatt,confident,provisional_existing_listing_not_independent_domain,coordinate_container_only,not_established,GEOADMIN_MUNICIPALITY_IDENTIFY,True,False
gfellen_entlebuch_finsterwald,Gfellen Entlebuch - Finsterwald,SKI_CLUSTER_193,1002,Entlebuch,LU,unique_current_polygon,False,,confident,provisional_existing_listing_not_independent_domain,coordinate_container_only,not_established,GEOADMIN_MUNICIPALITY_IDENTIFY,False,False
gitschenen_skilift_gitschenen,Gitschenen Skilift Gitschenen,SKI_CLUSTER_003,1211,Isenthal,UR,unique_current_polygon,False,,confident,provisional_existing_listing_not_independent_domain,coordinate_container_only,not_established,GEOADMIN_MUNICIPALITY_IDENTIFY,False,False
hoch_ybrig,Hoch - Ybrig,SKI_CLUSTER_013,1368,Oberiberg,SZ,unique_current_polygon,False,,confident,provisional_existing_listing_not_independent_domain,coordinate_container_only,not_established,GEOADMIN_MUNICIPALITY_IDENTIFY,False,False
hochstuckli_sattel_hochstuckli,Hochstuckli Sattel Hochstuckli,SKI_CLUSTER_013,1372,Schwyz,SZ,unique_current_polygon,True,Schwyz,confident,provisional_existing_listing_not_independent_domain,coordinate_container_only,not_established,GEOADMIN_MUNICIPALITY_IDENTIFY,True,False
ibergeregg_skilifte_ibergeregg,Ibergeregg Skilifte Ibergeregg,SKI_CLUSTER_013,1372,Schwyz,SZ,unique_current_polygon,True,Schwyz,confident,provisional_existing_listing_not_independent_domain,coordinate_container_only,not_established,GEOADMIN_MUNICIPALITY_IDENTIFY,True,False
kellerberg_skilift_kellerberg_haldi,Kellerberg Skilift Kellerberg / Haldi,SKI_CLUSTER_021,1213,Schattdorf,UR,unique_current_polygon,False,,confident,provisional_existing_listing_not_independent_domain,coordinate_container_only,not_established,GEOADMIN_MUNICIPALITY_IDENTIFY,False,False
klewenalp_stockhutte,Klewenalp - Stockhütte,SKI_CLUSTER_003,1501,Beckenried,NW,unique_current_polygon,True,Beckenried,confident,provisional_existing_listing_not_independent_domain,coordinate_container_only,not_established,GEOADMIN_MUNICIPALITY_IDENTIFY,True,False
langis_glaubenberg,Langis Glaubenberg,SKI_CLUSTER_191,1407,Sarnen,OW,unique_current_polygon,True,Sarnen,confident,provisional_existing_listing_not_independent_domain,coordinate_container_only,not_established,GEOADMIN_MUNICIPALITY_IDENTIFY,True,False
lungern_turren_lungern_schonbuel,Lungern - Turren Lungern - Schönbüel,SKI_CLUSTER_194,1405,Lungern,OW,unique_current_polygon,False,,confident,provisional_existing_listing_not_independent_domain,coordinate_container_only,not_established,GEOADMIN_MUNICIPALITY_IDENTIFY,False,False
marchbachegg_marbach_marbachegg,Marchbachegg Marbach - Marbachegg,SKI_CLUSTER_074,1010,Escholzmatt-Marbach,LU,unique_current_polygon,False,,confident,provisional_existing_listing_not_independent_domain,coordinate_container_only,not_established,GEOADMIN_MUNICIPALITY_IDENTIFY,False,False
melchsee_frutt,Melchsee - Frutt,SKI_CLUSTER_024,1404,Kerns,OW,unique_current_polygon,False,,confident,provisional_existing_listing_not_independent_domain,coordinate_container_only,not_established,GEOADMIN_MUNICIPALITY_IDENTIFY,False,False
mythenregion,Mythenregion,SKI_CLUSTER_013,1361,Alpthal,SZ,unique_current_polygon,False,,confident,provisional_existing_listing_not_independent_domain,coordinate_container_only,not_established,GEOADMIN_MUNICIPALITY_IDENTIFY,False,False
morlialp,Mörlialp,SKI_CLUSTER_075,1403,Giswil,OW,unique_current_polygon,False,,confident,provisional_existing_listing_not_independent_domain,coordinate_container_only,not_established,GEOADMIN_MUNICIPALITY_IDENTIFY,False,False
neusell,Neusell,SKI_CLUSTER_013,1370,Rothenthurm,SZ,unique_current_polygon,False,,confident,provisional_existing_listing_not_independent_domain,coordinate_container_only,not_established,GEOADMIN_MUNICIPALITY_IDENTIFY,False,False
nollen_unterageri,Nollen - Unterägeri,SKI_CLUSTER_141,1709,Unterägeri,ZG,unique_current_polygon,True,Unterägeri,confident,provisional_existing_listing_not_independent_domain,coordinate_container_only,not_established,GEOADMIN_MUNICIPALITY_IDENTIFY,True,False
oberiberg,Oberiberg,SKI_CLUSTER_013,1368,Oberiberg,SZ,unique_current_polygon,False,,confident,provisional_existing_listing_not_independent_domain,coordinate_container_only,not_established,GEOADMIN_MUNICIPALITY_IDENTIFY,False,False
ratzi_spiringen,Ratzi Spiringen,SKI_CLUSTER_021,1218,Spiringen,UR,unique_current_polygon,False,,confident,provisional_existing_listing_not_independent_domain,coordinate_container_only,not_established,GEOADMIN_MUNICIPALITY_IDENTIFY,False,False
realp,Realp,SKI_CLUSTER_202,1212,Realp,UR,unique_current_polygon,False,,confident,provisional_existing_listing_not_independent_domain,coordinate_container_only,not_established,GEOADMIN_MUNICIPALITY_IDENTIFY,False,False
rigi,Rigi,SKI_CLUSTER_040,1362,Arth,SZ,unique_current_polygon,False,,confident,provisional_existing_listing_not_independent_domain,coordinate_container_only,not_established,GEOADMIN_MUNICIPALITY_IDENTIFY,False,False
sattelegg_einsiedeln,Sattelegg Einsiedeln,SKI_CLUSTER_144,1348,Vorderthal,SZ,unique_current_polygon,False,,confident,provisional_existing_listing_not_independent_domain,coordinate_container_only,not_established,GEOADMIN_MUNICIPALITY_IDENTIFY,False,False
schnabelsberg_einsiedeln,Schnabelsberg Einsiedeln,SKI_CLUSTER_079,1301,Einsiedeln,SZ,unique_current_polygon,True,Einsiedeln,confident,provisional_existing_listing_not_independent_domain,coordinate_container_only,not_established,GEOADMIN_MUNICIPALITY_IDENTIFY,True,False
schratten_fluhli,Schratten Flühli,SKI_CLUSTER_190,1004,Flühli,LU,unique_current_polygon,False,,confident,provisional_existing_listing_not_independent_domain,coordinate_container_only,not_established,GEOADMIN_MUNICIPALITY_IDENTIFY,False,False
seebodenalp_kussnacht_am_rigi,Seebodenalp - Küssnacht am Rigi,SKI_CLUSTER_040,1331,Küssnacht (SZ),SZ,unique_current_polygon,True,Küssnacht (SZ),confident,provisional_existing_listing_not_independent_domain,coordinate_container_only,not_established,GEOADMIN_MUNICIPALITY_IDENTIFY,True,False
stoos,Stoos,SKI_CLUSTER_013,1366,Morschach,SZ,unique_current_polygon,True,Morschach,confident,provisional_existing_listing_not_independent_domain,coordinate_container_only,not_established,GEOADMIN_MUNICIPALITY_IDENTIFY,True,False
sorenberg,Sörenberg,SKI_CLUSTER_031,1004,Flühli,LU,unique_current_polygon,False,,confident,provisional_existing_listing_not_independent_domain,coordinate_container_only,not_established,GEOADMIN_MUNICIPALITY_IDENTIFY,False,False
wagital_vorderthal,Wägital - Vorderthal,SKI_CLUSTER_144,1348,Vorderthal,SZ,unique_current_polygon,False,,confident,provisional_existing_listing_not_independent_domain,coordinate_container_only,not_established,GEOADMIN_MUNICIPALITY_IDENTIFY,False,False
adelboden,Adelboden,SKI_CLUSTER_014,561,Adelboden,BE,unique_current_polygon,True,Adelboden,confident,provisional_existing_listing_not_independent_domain,coordinate_container_only,not_established,GEOADMIN_MUNICIPALITY_IDENTIFY,True,False
aeschi,Aeschi,SKI_CLUSTER_110,562,Aeschi bei Spiez,BE,unique_current_polygon,True,Aeschi bei Spiez,confident,provisional_existing_listing_not_independent_domain,coordinate_container_only,not_established,GEOADMIN_MUNICIPALITY_IDENTIFY,True,False
axalp_brienz,Axalp Brienz,SKI_CLUSTER_095,573,Brienz (BE),BE,unique_current_polygon,True,Brienz (BE),confident,provisional_existing_listing_not_independent_domain,coordinate_container_only,not_established,GEOADMIN_MUNICIPALITY_IDENTIFY,True,False
beatenberg_niederhorn,Beatenberg - Niederhorn,SKI_CLUSTER_046,571,Beatenberg,BE,unique_current_polygon,True,Beatenberg,confident,provisional_existing_listing_not_independent_domain,coordinate_container_only,not_established,GEOADMIN_MUNICIPALITY_IDENTIFY,True,False
eggiwil,Eggiwil,SKI_CLUSTER_184,901,Eggiwil,BE,unique_current_polygon,False,,confident,provisional_existing_listing_not_independent_domain,coordinate_container_only,not_established,GEOADMIN_MUNICIPALITY_IDENTIFY,False,False
elsigenalp_metschalp_frutigen,Elsigenalp - Metschalp Frutigen,SKI_CLUSTER_053,563,Frutigen,BE,unique_current_polygon,False,,confident,provisional_existing_listing_not_independent_domain,coordinate_container_only,not_established,GEOADMIN_MUNICIPALITY_IDENTIFY,False,False
engstligenalp_adelboden,Engstligenalp - Adelboden,SKI_CLUSTER_014,561,Adelboden,BE,unique_current_polygon,True,Adelboden,confident,provisional_existing_listing_not_independent_domain,coordinate_container_only,not_established,GEOADMIN_MUNICIPALITY_IDENTIFY,True,False
eriz,Eriz,SKI_CLUSTER_138,932,Horrenbach-Buchen,BE,unique_current_polygon,False,,warning,provisional_existing_listing_not_independent_domain,coordinate_container_only,not_established,GEOADMIN_MUNICIPALITY_IDENTIFY,False,False
faltschen_reichenbach_im_kandertal,Faltschen - Reichenbach im Kandertal,SKI_CLUSTER_110,567,Reichenbach im Kandertal,BE,unique_current_polygon,True,Reichenbach im Kandertal,confident,provisional_existing_listing_not_independent_domain,coordinate_container_only,not_established,GEOADMIN_MUNICIPALITY_IDENTIFY,True,False
gadmen,Gadmen,SKI_CLUSTER_198,784,Innertkirchen,BE,unique_current_polygon,True,Innertkirchen,confident,provisional_existing_listing_not_independent_domain,coordinate_container_only,not_established,GEOADMIN_MUNICIPALITY_IDENTIFY,True,False
grimmialp_diemtigtal,Grimmialp Diemtigtal,SKI_CLUSTER_107,762,Diemtigen,BE,unique_current_polygon,True,Diemtigen,confident,provisional_existing_listing_not_independent_domain,coordinate_container_only,not_established,GEOADMIN_MUNICIPALITY_IDENTIFY,True,False
gstaad,Gstaad,SKI_CLUSTER_016,843,Saanen,BE,unique_current_polygon,True,Saanen,confident,provisional_existing_listing_not_independent_domain,coordinate_container_only,not_established,GEOADMIN_MUNICIPALITY_IDENTIFY,True,False
habkern,Habkern,SKI_CLUSTER_046,579,Habkern,BE,unique_current_polygon,False,,confident,provisional_existing_listing_not_independent_domain,coordinate_container_only,not_established,GEOADMIN_MUNICIPALITY_IDENTIFY,False,False
heiligenschwendi_hubelweid,Heiligenschwendi - Hubelweid,SKI_CLUSTER_136,927,Heiligenschwendi,BE,unique_current_polygon,False,,confident,provisional_existing_listing_not_independent_domain,coordinate_container_only,not_established,GEOADMIN_MUNICIPALITY_IDENTIFY,False,False
jaunpass,Jaunpass,SKI_CLUSTER_132,791,Boltigen,BE,unique_current_polygon,False,,confident,provisional_existing_listing_not_independent_domain,coordinate_container_only,not_established,GEOADMIN_MUNICIPALITY_IDENTIFY,False,False
kiental,Kiental,SKI_CLUSTER_137,567,Reichenbach im Kandertal,BE,unique_current_polygon,True,Reichenbach im Kandertal,confident,provisional_existing_listing_not_independent_domain,coordinate_container_only,not_established,GEOADMIN_MUNICIPALITY_IDENTIFY,True,False
lenk,Lenk,SKI_CLUSTER_014,792,Lenk,BE,unique_current_polygon,True,Lenk,confident,provisional_existing_listing_not_independent_domain,coordinate_container_only,not_established,GEOADMIN_MUNICIPALITY_IDENTIFY,True,False
meiringen_hasliberg,Meiringen - Hasliberg,SKI_CLUSTER_024,783,Hasliberg,BE,unique_current_polygon,True,Hasliberg,confident,provisional_existing_listing_not_independent_domain,coordinate_container_only,not_established,GEOADMIN_MUNICIPALITY_IDENTIFY,True,False
riffenmatt,Riffenmatt,SKI_CLUSTER_051,852,Guggisberg,BE,unique_current_polygon,False,,confident,provisional_existing_listing_not_independent_domain,coordinate_container_only,not_established,GEOADMIN_MUNICIPALITY_IDENTIFY,False,False
rossberg_oberwil,Rossberg - Oberwil,SKI_CLUSTER_176,766,Oberwil im Simmental,BE,unique_current_polygon,False,,confident,provisional_existing_listing_not_independent_domain,coordinate_container_only,not_established,GEOADMIN_MUNICIPALITY_IDENTIFY,False,False
schilthorn_jungfrau_ski_region_murren_schilthorn,Schilthorn Jungfrau Ski Region Mürren - Schilthorn,SKI_CLUSTER_010,584,Lauterbrunnen,BE,unique_current_polygon,True,Lauterbrunnen,confident,provisional_existing_listing_not_independent_domain,coordinate_container_only,not_established,GEOADMIN_MUNICIPALITY_IDENTIFY,True,False
schwanden_sigriswil_thunersee,Schwanden - Sigriswil Thunersee,SKI_CLUSTER_046,938,Sigriswil,BE,unique_current_polygon,True,Sigriswil,confident,provisional_existing_listing_not_independent_domain,coordinate_container_only,not_established,GEOADMIN_MUNICIPALITY_IDENTIFY,True,False
springenboden_diemtigtal,Springenboden Diemtigtal,SKI_CLUSTER_063,762,Diemtigen,BE,unique_current_polygon,True,Diemtigen,confident,provisional_existing_listing_not_independent_domain,coordinate_container_only,not_established,GEOADMIN_MUNICIPALITY_IDENTIFY,True,False
wengen_jungfrau_ski_region_grindelwald_wengen,Wengen Jungfrau Ski Region Grindelwald - Wengen,SKI_CLUSTER_010,576,Grindelwald,BE,unique_current_polygon,True,Grindelwald,confident,provisional_existing_listing_not_independent_domain,coordinate_container_only,not_established,GEOADMIN_MUNICIPALITY_IDENTIFY,True,False
wiriehorn_diemtigtal,Wiriehorn Diemtigtal,SKI_CLUSTER_063,762,Diemtigen,BE,unique_current_polygon,True,Diemtigen,confident,provisional_existing_listing_not_independent_domain,coordinate_container_only,not_established,GEOADMIN_MUNICIPALITY_IDENTIFY,True,False
alpsteinblick_gonten,Alpsteinblick Gonten,SKI_CLUSTER_083,3102,Gonten,AI,unique_current_polygon,True,Gonten,confident,provisional_existing_listing_not_independent_domain,coordinate_container_only,not_established,GEOADMIN_MUNICIPALITY_IDENTIFY,True,False
amden,Amden,SKI_CLUSTER_082,3311,Amden,SG,unique_current_polygon,True,Amden,confident,provisional_existing_listing_not_independent_domain,coordinate_container_only,not_established,GEOADMIN_MUNICIPALITY_IDENTIFY,True,False
atzmannig,Atzmännig,SKI_CLUSTER_066,3342,Eschenbach (SG),SG,unique_current_polygon,True,Eschenbach (SG),confident,provisional_existing_listing_not_independent_domain,coordinate_container_only,not_established,GEOADMIN_MUNICIPALITY_IDENTIFY,True,False
bildhaus_am_ricken,Bildhaus am Ricken,SKI_CLUSTER_216,3341,Gommiswald,SG,unique_current_polygon,False,,confident,provisional_existing_listing_not_independent_domain,coordinate_container_only,not_established,GEOADMIN_MUNICIPALITY_IDENTIFY,False,False
braunwald,Braunwald,SKI_CLUSTER_047,1631,Glarus Süd,GL,unique_current_polygon,True,Glarus Süd,confident,provisional_existing_listing_not_independent_domain,coordinate_container_only,not_established,GEOADMIN_MUNICIPALITY_IDENTIFY,True,False
brulisau_brulisau_leugangen,Brülisau Brülisau - Leugangen,SKI_CLUSTER_055,3112,Schwende-Rüte,AI,unique_current_polygon,False,,confident,provisional_existing_listing_not_independent_domain,coordinate_container_only,not_established,GEOADMIN_MUNICIPALITY_IDENTIFY,False,False
buchserberg_skilift_buchserberg_malbun,Buchserberg Skilift Buchserberg - Malbun,SKI_CLUSTER_234,3271,Buchs (SG),SG,unique_current_polygon,True,Buchs (SG),confident,provisional_existing_listing_not_independent_domain,coordinate_container_only,not_established,GEOADMIN_MUNICIPALITY_IDENTIFY,True,False
degersheim,Degersheim,SKI_CLUSTER_116,3401,Degersheim,SG,unique_current_polygon,False,,confident,provisional_existing_listing_not_independent_domain,coordinate_container_only,not_established,GEOADMIN_MUNICIPALITY_IDENTIFY,False,False
ebenalp_horn,Ebenalp - Horn,SKI_CLUSTER_055,3112,Schwende-Rüte,AI,unique_current_polygon,False,,confident,provisional_existing_listing_not_independent_domain,coordinate_container_only,not_established,GEOADMIN_MUNICIPALITY_IDENTIFY,False,False
egg_hallau,Egg Hallau,SKI_CLUSTER_200,2971,Hallau,SH,unique_current_polygon,False,,review,provisional_existing_listing_not_independent_domain,coordinate_container_only,not_established,GEOADMIN_MUNICIPALITY_IDENTIFY,False,False
elm,Elm,SKI_CLUSTER_081,1631,Glarus Süd,GL,unique_current_polygon,True,Glarus Süd,confident,provisional_existing_listing_not_independent_domain,coordinate_container_only,not_established,GEOADMIN_MUNICIPALITY_IDENTIFY,True,False
flumserberg,Flumserberg,SKI_CLUSTER_029,3295,Quarten,SG,unique_current_polygon,True,Quarten,confident,provisional_existing_listing_not_independent_domain,coordinate_container_only,not_established,GEOADMIN_MUNICIPALITY_IDENTIFY,True,False
grub_kaien,Grub Kaien,SKI_CLUSTER_117,3031,Grub (AR),AR,unique_current_polygon,False,,confident,provisional_existing_listing_not_independent_domain,coordinate_container_only,not_established,GEOADMIN_MUNICIPALITY_IDENTIFY,False,False
hamberg_gahwil,Hamberg - Gähwil,SKI_CLUSTER_145,3392,Kirchberg (SG),SG,unique_current_polygon,False,,confident,provisional_existing_listing_not_independent_domain,coordinate_container_only,not_established,GEOADMIN_MUNICIPALITY_IDENTIFY,False,False
heiden_bischofsberg,Heiden Bischofsberg,SKI_CLUSTER_117,3032,Heiden,AR,unique_current_polygon,True,Heiden,confident,provisional_existing_listing_not_independent_domain,coordinate_container_only,not_established,GEOADMIN_MUNICIPALITY_IDENTIFY,True,False
hemberg,Hemberg,SKI_CLUSTER_228,3396,Neckertal,SG,unique_current_polygon,True,Neckertal,confident,provisional_existing_listing_not_independent_domain,coordinate_container_only,not_established,GEOADMIN_MUNICIPALITY_IDENTIFY,True,False
hornli_schonengrund,Hörnli - Schönengrund,SKI_CLUSTER_230,3396,Neckertal,SG,unique_current_polygon,True,Neckertal,confident,provisional_existing_listing_not_independent_domain,coordinate_container_only,not_established,GEOADMIN_MUNICIPALITY_IDENTIFY,True,False
jakobsbad_kronberg,Jakobsbad - Kronberg,SKI_CLUSTER_083,3102,Gonten,AI,unique_current_polygon,True,Gonten,confident,provisional_existing_listing_not_independent_domain,coordinate_container_only,not_established,GEOADMIN_MUNICIPALITY_IDENTIFY,True,False
kerenzerberg,Kerenzerberg,SKI_CLUSTER_226,1630,Glarus Nord,GL,unique_current_polygon,True,Glarus Nord,confident,provisional_existing_listing_not_independent_domain,coordinate_container_only,not_established,GEOADMIN_MUNICIPALITY_IDENTIFY,True,False
klausenbohl_gais_klausenbohl,Klausenböhl Gais / Klausenböhl,SKI_CLUSTER_235,3022,Gais,AR,unique_current_polygon,True,Gais,confident,provisional_existing_listing_not_independent_domain,coordinate_container_only,not_established,GEOADMIN_MUNICIPALITY_IDENTIFY,True,False
oberegg_st_anton,Oberegg St. Anton,SKI_CLUSTER_117,3111,Oberegg,AI,unique_current_polygon,False,,confident,provisional_existing_listing_not_independent_domain,coordinate_container_only,not_established,GEOADMIN_MUNICIPALITY_IDENTIFY,False,False
oberhelfenschwil,Oberhelfenschwil,SKI_CLUSTER_225,3396,Neckertal,SG,unique_current_polygon,True,Neckertal,confident,provisional_existing_listing_not_independent_domain,coordinate_container_only,not_established,GEOADMIN_MUNICIPALITY_IDENTIFY,True,False
opfershofen_skilift_stich_opfertshofen,Opfershofen Skilift Stich / Opfertshofen,SKI_CLUSTER_200,2920,Thayngen,SH,unique_current_polygon,False,,review,provisional_existing_listing_not_independent_domain,coordinate_container_only,not_established,GEOADMIN_MUNICIPALITY_IDENTIFY,False,False
osteregg_urnasch_osteregg,Osteregg Urnäsch / Osteregg,SKI_CLUSTER_083,3006,Urnäsch,AR,unique_current_polygon,False,,confident,provisional_existing_listing_not_independent_domain,coordinate_container_only,not_established,GEOADMIN_MUNICIPALITY_IDENTIFY,False,False
pizol_bad_ragaz_wangs,Pizol - Bad Ragaz - Wangs,SKI_CLUSTER_038,3291,Bad Ragaz,SG,unique_current_polygon,True,Bad Ragaz,confident,provisional_existing_listing_not_independent_domain,coordinate_container_only,not_established,GEOADMIN_MUNICIPALITY_IDENTIFY,True,False
schilt_mollis,Schilt Mollis,SKI_CLUSTER_146,1630,Glarus Nord,GL,unique_current_polygon,True,Glarus Nord,confident,provisional_existing_listing_not_independent_domain,coordinate_container_only,not_established,GEOADMIN_MUNICIPALITY_IDENTIFY,True,False
schwellbrunn,Schwellbrunn,SKI_CLUSTER_116,3004,Schwellbrunn,AR,unique_current_polygon,False,,confident,provisional_existing_listing_not_independent_domain,coordinate_container_only,not_established,GEOADMIN_MUNICIPALITY_IDENTIFY,False,False
tannenberg_skiarena_tannenberg_waldkirch,Tannenberg Skiarena Tannenberg / Waldkirch,SKI_CLUSTER_232,3444,Waldkirch,SG,unique_current_polygon,False,,warning,provisional_existing_listing_not_independent_domain,coordinate_container_only,not_established,GEOADMIN_MUNICIPALITY_IDENTIFY,False,False
tanzboden_ebnat_kappel,Tanzboden Ebnat - Kappel,SKI_CLUSTER_224,3352,Ebnat-Kappel,SG,unique_current_polygon,False,,confident,provisional_existing_listing_not_independent_domain,coordinate_container_only,not_established,GEOADMIN_MUNICIPALITY_IDENTIFY,False,False
toggenburg_chaserrugg_alt_st_johann_unterwasser,Toggenburg - Chäserrugg Alt St. Johann Unterwasser,SKI_CLUSTER_030,3359,Wildhaus-Alt St. Johann,SG,unique_current_polygon,True,Wildhaus-Alt St. Johann,confident,provisional_existing_listing_not_independent_domain,coordinate_container_only,not_established,GEOADMIN_MUNICIPALITY_IDENTIFY,True,False
toggenburg_wildhaus,Toggenburg Wildhaus,SKI_CLUSTER_030,3273,Grabs,SG,unique_current_polygon,False,,confident,provisional_existing_listing_not_independent_domain,coordinate_container_only,not_established,GEOADMIN_MUNICIPALITY_IDENTIFY,False,False
tristeli_st_margarethenberg,Tristeli St. Margarethenberg,SKI_CLUSTER_038,3294,Pfäfers,SG,unique_current_polygon,False,,confident,provisional_existing_listing_not_independent_domain,coordinate_container_only,not_established,GEOADMIN_MUNICIPALITY_IDENTIFY,False,False
vogelinsegg_speicher,Vögelinsegg Speicher,SKI_CLUSTER_233,3023,Speicher,AR,unique_current_polygon,False,,confident,provisional_existing_listing_not_independent_domain,coordinate_container_only,not_established,GEOADMIN_MUNICIPALITY_IDENTIFY,False,False
wolzenalp_krummenau,Wolzenalp Krummenau,SKI_CLUSTER_115,3360,Nesslau,SG,unique_current_polygon,False,,confident,provisional_existing_listing_not_independent_domain,coordinate_container_only,not_established,GEOADMIN_MUNICIPALITY_IDENTIFY,False,False
airolo_luina,Airolo - Lüina,SKI_CLUSTER_059,5061,Airolo,TI,unique_current_polygon,False,,confident,provisional_existing_listing_not_independent_domain,coordinate_container_only,not_established,GEOADMIN_MUNICIPALITY_IDENTIFY,False,False
airolo_pescium_airolo_pescium,Airolo - Pesciüm Airolo - Pesciüm,SKI_CLUSTER_059,5061,Airolo,TI,unique_current_polygon,False,,confident,provisional_existing_listing_not_independent_domain,coordinate_container_only,not_established,GEOADMIN_MUNICIPALITY_IDENTIFY,False,False
alpe_di_neggia,Alpe di Neggia,SKI_CLUSTER_208,5398,Gambarogno,TI,unique_current_polygon,False,,confident,provisional_existing_listing_not_independent_domain,coordinate_container_only,not_established,GEOADMIN_MUNICIPALITY_IDENTIFY,False,False
bedea_novaggio,Bedea Novaggio,SKI_CLUSTER_209,5395,Lema,TI,unique_current_polygon,False,,confident,provisional_existing_listing_not_independent_domain,coordinate_container_only,not_established,GEOADMIN_MUNICIPALITY_IDENTIFY,False,False
bedrina_dalpe,Bedrina Dalpe,SKI_CLUSTER_206,5071,Dalpe,TI,unique_current_polygon,False,,confident,provisional_existing_listing_not_independent_domain,coordinate_container_only,not_established,GEOADMIN_MUNICIPALITY_IDENTIFY,False,False
bosco_gurin,Bosco Gurin,SKI_CLUSTER_077,5304,Bosco/Gurin,TI,unique_current_polygon,False,,confident,provisional_existing_listing_not_independent_domain,coordinate_container_only,not_established,GEOADMIN_MUNICIPALITY_IDENTIFY,False,False
campo_blenio_ghirone,Campo Blenio - Ghirone,SKI_CLUSTER_114,5049,Blenio,TI,unique_current_polygon,False,,confident,provisional_existing_listing_not_independent_domain,coordinate_container_only,not_established,GEOADMIN_MUNICIPALITY_IDENTIFY,False,False
cardada_cimetta_locarno,Cardada Cimetta Locarno,SKI_CLUSTER_142,5324,Avegno Gordevio,TI,unique_current_polygon,False,,confident,provisional_existing_listing_not_independent_domain,coordinate_container_only,not_established,GEOADMIN_MUNICIPALITY_IDENTIFY,False,False
cari,Carì,SKI_CLUSTER_143,5072,Faido,TI,unique_current_polygon,False,,confident,provisional_existing_listing_not_independent_domain,coordinate_container_only,not_established,GEOADMIN_MUNICIPALITY_IDENTIFY,False,False
cioss_prato_bedretto,Cioss Prato Bedretto,SKI_CLUSTER_201,5063,Bedretto,TI,unique_current_polygon,False,,confident,provisional_existing_listing_not_independent_domain,coordinate_container_only,not_established,GEOADMIN_MUNICIPALITY_IDENTIFY,False,False
mogno,Mogno,SKI_CLUSTER_205,5323,Lavizzara,TI,unique_current_polygon,False,,confident,provisional_existing_listing_not_independent_domain,coordinate_container_only,not_established,GEOADMIN_MUNICIPALITY_IDENTIFY,False,False
nara_leontica_cancori,Nara Leontica - Cancorì,SKI_CLUSTER_080,5048,Acquarossa,TI,unique_current_polygon,False,,confident,provisional_existing_listing_not_independent_domain,coordinate_container_only,not_established,GEOADMIN_MUNICIPALITY_IDENTIFY,False,False
piano_di_peccia,Piano di Peccia,SKI_CLUSTER_205,5323,Lavizzara,TI,unique_current_polygon,False,,warning,provisional_existing_listing_not_independent_domain,coordinate_container_only,not_established,GEOADMIN_MUNICIPALITY_IDENTIFY,False,False
prato_leventina,Prato Leventina,SKI_CLUSTER_206,5079,Quinto,TI,unique_current_polygon,False,,confident,provisional_existing_listing_not_independent_domain,coordinate_container_only,not_established,GEOADMIN_MUNICIPALITY_IDENTIFY,False,False
aletsch_arena_riederalp_bettmeralp_fiesch_eggishorn,Aletsch Arena Riederalp - Bettmeralp - Fiesch - Eggishorn,SKI_CLUSTER_009,6057,Fiesch,VS,unique_current_polygon,False,,confident,provisional_existing_listing_not_independent_domain,coordinate_container_only,not_established,GEOADMIN_MUNICIPALITY_IDENTIFY,False,False
anzere,Anzère,SKI_CLUSTER_020,6082,Ayent,VS,unique_current_polygon,False,,confident,provisional_existing_listing_not_independent_domain,coordinate_container_only,not_established,GEOADMIN_MUNICIPALITY_IDENTIFY,False,False
arolla,Arolla,SKI_CLUSTER_070,6083,Evolène,VS,unique_current_polygon,True,Evolène,confident,provisional_existing_listing_not_independent_domain,coordinate_container_only,not_established,GEOADMIN_MUNICIPALITY_IDENTIFY,True,False
avoriaz_1800_portes_du_soleil,Avoriaz 1800 Portes du Soleil,SKI_CLUSTER_001,,,,outside_swiss_current_municipality_layer,False,,confident,provisional_existing_listing_not_independent_domain,coordinate_container_only,not_established,GEOADMIN_MUNICIPALITY_IDENTIFY,False,False
belalp,Belalp,SKI_CLUSTER_009,6007,Naters,VS,unique_current_polygon,False,,confident,provisional_existing_listing_not_independent_domain,coordinate_container_only,not_established,GEOADMIN_MUNICIPALITY_IDENTIFY,False,False
bellwald,Bellwald,SKI_CLUSTER_009,6052,Bellwald,VS,unique_current_polygon,False,,confident,provisional_existing_listing_not_independent_domain,coordinate_container_only,not_established,GEOADMIN_MUNICIPALITY_IDENTIFY,False,False
bruson_verbier,Bruson - Verbier,SKI_CLUSTER_002,6037,Val de Bagnes,VS,unique_current_polygon,True,Val de Bagnes,confident,provisional_existing_listing_not_independent_domain,coordinate_container_only,not_established,GEOADMIN_MUNICIPALITY_IDENTIFY,True,False
champex_lac,Champex - Lac,SKI_CLUSTER_090,6034,Orsières,VS,unique_current_polygon,True,Orsières,confident,provisional_existing_listing_not_independent_domain,coordinate_container_only,not_established,GEOADMIN_MUNICIPALITY_IDENTIFY,True,False
champery_les_crosets_champoussin_morgins_portes_du_soleil,Champéry - Les Crosets - Champoussin - Morgins Portes du Soleil,SKI_CLUSTER_001,6157,Val-d'Illiez,VS,unique_current_polygon,False,,confident,provisional_existing_listing_not_independent_domain,coordinate_container_only,not_established,GEOADMIN_MUNICIPALITY_IDENTIFY,False,False
chapelle_abondance_la_chapelle_d_abondance_portes_du_soleil,Chapelle Abondance La Chapelle d'Abondance / Portes du Soleil,SKI_CLUSTER_001,,,,outside_swiss_current_municipality_layer,False,,confident,provisional_existing_listing_not_independent_domain,coordinate_container_only,not_established,GEOADMIN_MUNICIPALITY_IDENTIFY,False,False
chatel_portes_du_soleil,Châtel Portes du Soleil,SKI_CLUSTER_001,,,,outside_swiss_current_municipality_layer,False,,confident,provisional_existing_listing_not_independent_domain,coordinate_container_only,not_established,GEOADMIN_MUNICIPALITY_IDENTIFY,False,False
crans_montana_crans_montana,Crans - Montana Crans - Montana,SKI_CLUSTER_020,6253,Crans-Montana,VS,unique_current_polygon,True,Crans-Montana,confident,provisional_existing_listing_not_independent_domain,coordinate_container_only,not_established,GEOADMIN_MUNICIPALITY_IDENTIFY,True,False
eischoll_sportbahnen_eischoll,Eischoll Sportbahnen Eischoll,SKI_CLUSTER_012,6194,Eischoll,VS,unique_current_polygon,False,,confident,provisional_existing_listing_not_independent_domain,coordinate_container_only,not_established,GEOADMIN_MUNICIPALITY_IDENTIFY,False,False
evolene,Evolène,SKI_CLUSTER_106,6083,Evolène,VS,unique_current_polygon,True,Evolène,confident,provisional_existing_listing_not_independent_domain,coordinate_container_only,not_established,GEOADMIN_MUNICIPALITY_IDENTIFY,True,False
gampel_jeizinen_jeizinen_feselalpe_gampel,Gampel - Jeizinen Jeizinen - Feselalpe / Gampel,SKI_CLUSTER_072,6118,Gampel-Bratsch,VS,unique_current_polygon,False,,confident,provisional_existing_listing_not_independent_domain,coordinate_container_only,not_established,GEOADMIN_MUNICIPALITY_IDENTIFY,False,False
grimentz_zinal_grimentz_zinal,Grimentz/Zinal Grimentz - Zinal,SKI_CLUSTER_028,6252,Anniviers,VS,unique_current_polygon,True,Anniviers,confident,provisional_existing_listing_not_independent_domain,coordinate_container_only,not_established,GEOADMIN_MUNICIPALITY_IDENTIFY,True,False
grachen,Grächen,SKI_CLUSTER_012,6285,Grächen,VS,unique_current_polygon,False,,confident,provisional_existing_listing_not_independent_domain,coordinate_container_only,not_established,GEOADMIN_MUNICIPALITY_IDENTIFY,False,False
hohsaas_saas_grund_hohsaas,Hohsaas Saas Grund - Hohsaas,SKI_CLUSTER_015,6291,Saas-Grund,VS,unique_current_polygon,True,Saas-Grund,confident,provisional_existing_listing_not_independent_domain,coordinate_container_only,not_established,GEOADMIN_MUNICIPALITY_IDENTIFY,True,False
la_forclaz,La Forclaz,SKI_CLUSTER_134,6083,Evolène,VS,unique_current_polygon,True,Evolène,confident,provisional_existing_listing_not_independent_domain,coordinate_container_only,not_established,GEOADMIN_MUNICIPALITY_IDENTIFY,True,False
la_lorette_bourg_saint_pierre,La Lorette Bourg - Saint - Pierre,SKI_CLUSTER_169,6032,Bourg-Saint-Pierre,VS,unique_current_polygon,False,,confident,provisional_existing_listing_not_independent_domain,coordinate_container_only,not_established,GEOADMIN_MUNICIPALITY_IDENTIFY,False,False
la_tzoumaz_mayens_de_riddes,La Tzoumaz - Mayens de Riddes,SKI_CLUSTER_002,6139,Riddes,VS,unique_current_polygon,False,,confident,provisional_existing_listing_not_independent_domain,coordinate_container_only,not_established,GEOADMIN_MUNICIPALITY_IDENTIFY,False,False
lauchernalp_lotschental,Lauchernalp - Lötschental,SKI_CLUSTER_073,6202,Wiler (Lötschen),VS,unique_current_polygon,False,,confident,provisional_existing_listing_not_independent_domain,coordinate_container_only,not_established,GEOADMIN_MUNICIPALITY_IDENTIFY,False,False
les_marecottes,Les Marécottes,SKI_CLUSTER_103,6218,Salvan,VS,unique_current_polygon,False,,confident,provisional_existing_listing_not_independent_domain,coordinate_container_only,not_established,GEOADMIN_MUNICIPALITY_IDENTIFY,False,False
leukerbad,Leukerbad,SKI_CLUSTER_045,6102,Albinen,VS,unique_current_polygon,False,,confident,provisional_existing_listing_not_independent_domain,coordinate_container_only,not_established,GEOADMIN_MUNICIPALITY_IDENTIFY,False,False
mont_noble_nax,Mont - Noble Nax,SKI_CLUSTER_071,6090,Mont-Noble,VS,unique_current_polygon,False,,confident,provisional_existing_listing_not_independent_domain,coordinate_container_only,not_established,GEOADMIN_MUNICIPALITY_IDENTIFY,False,False
moosalpregion,Moosalpregion,SKI_CLUSTER_012,6296,Törbel,VS,unique_current_polygon,False,,confident,provisional_existing_listing_not_independent_domain,coordinate_container_only,not_established,GEOADMIN_MUNICIPALITY_IDENTIFY,False,False
nendaz_4_vallees,Nendaz 4 Vallées,SKI_CLUSTER_002,6024,Nendaz,VS,unique_current_polygon,True,Nendaz,confident,provisional_existing_listing_not_independent_domain,coordinate_container_only,not_established,GEOADMIN_MUNICIPALITY_IDENTIFY,True,False
obergoms_goms,Obergoms Goms,SKI_CLUSTER_140,6077,Goms,VS,unique_current_polygon,True,Goms,confident,provisional_existing_listing_not_independent_domain,coordinate_container_only,not_established,GEOADMIN_MUNICIPALITY_IDENTIFY,True,False
ovronnaz,Ovronnaz,SKI_CLUSTER_057,6135,Leytron,VS,unique_current_polygon,False,,confident,provisional_existing_listing_not_independent_domain,coordinate_container_only,not_established,GEOADMIN_MUNICIPALITY_IDENTIFY,False,False
rosswald,Rosswald,SKI_CLUSTER_058,6010,Termen,VS,unique_current_polygon,False,,confident,provisional_existing_listing_not_independent_domain,coordinate_container_only,not_established,GEOADMIN_MUNICIPALITY_IDENTIFY,False,False
rothwald_wasenalp_am_simplon,Rothwald - Wasenalp am Simplon,SKI_CLUSTER_058,6008,Ried-Brig,VS,unique_current_polygon,False,,confident,provisional_existing_listing_not_independent_domain,coordinate_container_only,not_established,GEOADMIN_MUNICIPALITY_IDENTIFY,False,False
saas_almagell,Saas Almagell,SKI_CLUSTER_015,6288,Saas-Almagell,VS,unique_current_polygon,False,,confident,provisional_existing_listing_not_independent_domain,coordinate_container_only,not_established,GEOADMIN_MUNICIPALITY_IDENTIFY,False,False
saas_fee,Saas - Fee,SKI_CLUSTER_015,6290,Saas-Fee,VS,unique_current_polygon,True,Saas-Fee,confident,provisional_existing_listing_not_independent_domain,coordinate_container_only,not_established,GEOADMIN_MUNICIPALITY_IDENTIFY,True,False
st_luc_chandolin,St - Luc Chandolin,SKI_CLUSTER_036,6252,Anniviers,VS,unique_current_polygon,True,Anniviers,confident,provisional_existing_listing_not_independent_domain,coordinate_container_only,not_established,GEOADMIN_MUNICIPALITY_IDENTIFY,True,False
staldenried_gspon,Staldenried - Gspon,SKI_CLUSTER_012,6294,Staldenried,VS,unique_current_polygon,False,,confident,provisional_existing_listing_not_independent_domain,coordinate_container_only,not_established,GEOADMIN_MUNICIPALITY_IDENTIFY,False,False
thyon_4_vallees,Thyon 4 Vallées,SKI_CLUSTER_002,6089,Vex,VS,unique_current_polygon,False,,confident,provisional_existing_listing_not_independent_domain,coordinate_container_only,not_established,GEOADMIN_MUNICIPALITY_IDENTIFY,False,False
torgon_portes_du_soleil,Torgon Portes du Soleil,SKI_CLUSTER_001,6158,Vionnaz,VS,unique_current_polygon,False,,confident,provisional_existing_listing_not_independent_domain,coordinate_container_only,not_established,GEOADMIN_MUNICIPALITY_IDENTIFY,False,False
unterbach_brandalp,Unterbäch - Brandalp,SKI_CLUSTER_012,6201,Unterbäch,VS,unique_current_polygon,False,,confident,provisional_existing_listing_not_independent_domain,coordinate_container_only,not_established,GEOADMIN_MUNICIPALITY_IDENTIFY,False,False
val_ferret_la_fouly,Val Ferret - La Fouly,SKI_CLUSTER_104,6034,Orsières,VS,unique_current_polygon,True,Orsières,confident,provisional_existing_listing_not_independent_domain,coordinate_container_only,not_established,GEOADMIN_MUNICIPALITY_IDENTIFY,True,False
verbier_4_vallees,Verbier 4 Vallées,SKI_CLUSTER_002,6037,Val de Bagnes,VS,unique_current_polygon,True,Val de Bagnes,confident,provisional_existing_listing_not_independent_domain,coordinate_container_only,not_established,GEOADMIN_MUNICIPALITY_IDENTIFY,True,False
vercorin,Vercorin,SKI_CLUSTER_052,6232,Chalais,VS,unique_current_polygon,False,,confident,provisional_existing_listing_not_independent_domain,coordinate_container_only,not_established,GEOADMIN_MUNICIPALITY_IDENTIFY,False,False
veysonnaz_4_vallees,Veysonnaz 4 Vallées,SKI_CLUSTER_002,6024,Nendaz,VS,unique_current_polygon,True,Nendaz,confident,provisional_existing_listing_not_independent_domain,coordinate_container_only,not_established,GEOADMIN_MUNICIPALITY_IDENTIFY,True,False
vicheres_liddes_vicheres,Vichères Liddes - Vichères,SKI_CLUSTER_105,6033,Liddes,VS,unique_current_polygon,False,,confident,provisional_existing_listing_not_independent_domain,coordinate_container_only,not_established,GEOADMIN_MUNICIPALITY_IDENTIFY,False,False
visperterminen,Visperterminen,SKI_CLUSTER_012,6298,Visperterminen,VS,unique_current_polygon,False,,confident,provisional_existing_listing_not_independent_domain,coordinate_container_only,not_established,GEOADMIN_MUNICIPALITY_IDENTIFY,False,False
zermatt,Zermatt,SKI_CLUSTER_005,6300,Zermatt,VS,unique_current_polygon,True,Zermatt,confident,provisional_existing_listing_not_independent_domain,coordinate_container_only,not_established,GEOADMIN_MUNICIPALITY_IDENTIFY,True,False
glacier_3000_les_diablerets,Glacier 3000 - Les Diablerets,SKI_CLUSTER_039,6265,Savièse,VS,unique_current_polygon,False,,confident,provisional_existing_listing_not_independent_domain,coordinate_container_only,not_established,GEOADMIN_MUNICIPALITY_IDENTIFY,False,False
la_dole_jura_sur_leman,La Dôle Jura sur Léman,SKI_CLUSTER_041,5719,Gingins,VD,unique_current_polygon,False,,confident,provisional_existing_listing_not_independent_domain,coordinate_container_only,not_established,GEOADMIN_MUNICIPALITY_IDENTIFY,False,False
les_diablerets_glacier_3000,Les Diablerets - Glacier 3000,SKI_CLUSTER_008,5411,Ormont-Dessus,VD,unique_current_polygon,True,Ormont-Dessus,confident,provisional_existing_listing_not_independent_domain,coordinate_container_only,not_established,GEOADMIN_MUNICIPALITY_IDENTIFY,True,False
les_pleiades,Les Pléiades,SKI_CLUSTER_023,5892,Blonay - Saint-Légier,VD,unique_current_polygon,True,Blonay - Saint-Légier,confident,provisional_existing_listing_not_independent_domain,coordinate_container_only,not_established,GEOADMIN_MUNICIPALITY_IDENTIFY,True,False
les_prevondes,Les Prévondes,SKI_CLUSTER_089,5886,Montreux,VD,unique_current_polygon,True,Montreux,confident,provisional_existing_listing_not_independent_domain,coordinate_container_only,not_established,GEOADMIN_MUNICIPALITY_IDENTIFY,True,False
leysin_les_mosses_la_lecherette,Leysin - Les Mosses - La Lécherette,SKI_CLUSTER_008,5407,Leysin,VD,unique_current_polygon,True,Leysin,confident,provisional_existing_listing_not_independent_domain,coordinate_container_only,not_established,GEOADMIN_MUNICIPALITY_IDENTIFY,True,False
rochers_de_naye_haut_de_caux_dent_de_jaman,Rochers de Naye - Haut de Caux - Dent de Jaman,SKI_CLUSTER_089,5891,Veytaux,VD,unique_current_polygon,False,,confident,provisional_existing_listing_not_independent_domain,coordinate_container_only,not_established,GEOADMIN_MUNICIPALITY_IDENTIFY,False,False
rougemont_rougemont_la_videmanette,Rougemont Rougemont - La Videmanette,SKI_CLUSTER_016,5843,Rougemont,VD,unique_current_polygon,False,,confident,provisional_existing_listing_not_independent_domain,coordinate_container_only,not_established,GEOADMIN_MUNICIPALITY_IDENTIFY,False,False
saint_george_saint_george,Saint George Saint - George,SKI_CLUSTER_124,5434,Saint-George,VD,unique_current_polygon,False,,confident,provisional_existing_listing_not_independent_domain,coordinate_container_only,not_established,GEOADMIN_MUNICIPALITY_IDENTIFY,False,False
sainte_croix_les_rasses,Sainte Croix - Les Rasses,SKI_CLUSTER_050,5552,Bullet,VD,unique_current_polygon,True,Bullet,confident,provisional_existing_listing_not_independent_domain,coordinate_container_only,not_established,GEOADMIN_MUNICIPALITY_IDENTIFY,True,False
st_cergue,St. Cergue,SKI_CLUSTER_100,5727,Saint-Cergue,VD,unique_current_polygon,False,,confident,provisional_existing_listing_not_independent_domain,coordinate_container_only,not_established,GEOADMIN_MUNICIPALITY_IDENTIFY,False,False
trelasse_la_trelasse,Trelasse La Trélasse,SKI_CLUSTER_041,5727,Saint-Cergue,VD,unique_current_polygon,False,,confident,provisional_existing_listing_not_independent_domain,coordinate_container_only,not_established,GEOADMIN_MUNICIPALITY_IDENTIFY,False,False
vallee_de_joux,Vallée de Joux,SKI_CLUSTER_101,5872,Le Chenit,VD,unique_current_polygon,True,Le Chenit,confident,provisional_existing_listing_not_independent_domain,coordinate_container_only,not_established,GEOADMIN_MUNICIPALITY_IDENTIFY,True,False
villars_gryon_villars_gryon_les_diablerets,Villars - Gryon Villars - Gryon - Les Diablerets,SKI_CLUSTER_008,5409,Ollon,VD,unique_current_polygon,True,Ollon,confident,provisional_existing_listing_not_independent_domain,coordinate_container_only,not_established,GEOADMIN_MUNICIPALITY_IDENTIFY,True,False
dicki_weisslingen,Dicki - Weisslingen,SKI_CLUSTER_210,180,Weisslingen,ZH,unique_current_polygon,False,,review,provisional_existing_listing_not_independent_domain,coordinate_container_only,not_established,GEOADMIN_MUNICIPALITY_IDENTIFY,False,False
ghoch,Ghöch,SKI_CLUSTER_065,111,Bäretswil,ZH,unique_current_polygon,False,,confident,provisional_existing_listing_not_independent_domain,coordinate_container_only,not_established,GEOADMIN_MUNICIPALITY_IDENTIFY,False,False
oberholz_farner,Oberholz - Farner,SKI_CLUSTER_066,3342,Eschenbach (SG),SG,unique_current_polygon,True,Eschenbach (SG),confident,provisional_existing_listing_not_independent_domain,coordinate_container_only,not_established,GEOADMIN_MUNICIPALITY_IDENTIFY,True,False
oberwangen,Oberwangen,SKI_CLUSTER_145,4726,Fischingen,TG,unique_current_polygon,False,,confident,provisional_existing_listing_not_independent_domain,coordinate_container_only,not_established,GEOADMIN_MUNICIPALITY_IDENTIFY,False,False
regensberg_im_buck,Regensberg - Im Buck,SKI_CLUSTER_200,95,Regensberg,ZH,unique_current_polygon,False,,confident,provisional_existing_listing_not_independent_domain,coordinate_container_only,not_established,GEOADMIN_MUNICIPALITY_IDENTIFY,False,False
rohrenmoos_dietikon,Röhrenmoos Dietikon,SKI_CLUSTER_200,243,Dietikon,ZH,unique_current_polygon,False,,review,provisional_existing_listing_not_independent_domain,coordinate_container_only,not_established,GEOADMIN_MUNICIPALITY_IDENTIFY,False,False
schafbuel_wildberg,Schafbüel - Wildberg,SKI_CLUSTER_210,182,Wildberg,ZH,unique_current_polygon,False,,review,provisional_existing_listing_not_independent_domain,coordinate_container_only,not_established,GEOADMIN_MUNICIPALITY_IDENTIFY,False,False
sitzberg,Sitzberg,SKI_CLUSTER_210,4726,Fischingen,TG,unique_current_polygon,False,,warning,provisional_existing_listing_not_independent_domain,coordinate_container_only,not_established,GEOADMIN_MUNICIPALITY_IDENTIFY,False,False
steg_im_tosstal,Steg im Tösstal,SKI_CLUSTER_065,114,Fischenthal,ZH,unique_current_polygon,False,,confident,provisional_existing_listing_not_independent_domain,coordinate_container_only,not_established,GEOADMIN_MUNICIPALITY_IDENTIFY,False,False
steig_baretswill_steig_baretswil,Steig - Bäretswill Steig - Bäretswil,SKI_CLUSTER_065,111,Bäretswil,ZH,unique_current_polygon,False,,confident,provisional_existing_listing_not_independent_domain,coordinate_container_only,not_established,GEOADMIN_MUNICIPALITY_IDENTIFY,False,False
sternenberg,Sternenberg,SKI_CLUSTER_210,297,Bauma,ZH,unique_current_polygon,False,,confident,provisional_existing_listing_not_independent_domain,coordinate_container_only,not_established,GEOADMIN_MUNICIPALITY_IDENTIFY,False,False
