municipality_name_source,color,match_type,matched_raw,evidence_status,source_id
Aarau,rouge,,,legacy_name_overlap_only_no_resort_id_or_exposure_weights,LOCAL_430fe06a9598
Adelboden,vert,normalisation_exacte,Adelboden,legacy_name_overlap_only_no_resort_id_or_exposure_weights,LOCAL_430fe06a9598
Aeschi bei Spiez,vert,normalisation_exacte,Aeschi bei Spiez,legacy_name_overlap_only_no_resort_id_or_exposure_weights,LOCAL_430fe06a9598
Altstätten,rouge,,,legacy_name_overlap_only_no_resort_id_or_exposure_weights,LOCAL_430fe06a9598
Amden,vert,normalisation_exacte,Amden,legacy_name_overlap_only_no_resort_id_or_exposure_weights,LOCAL_430fe06a9598
Andermatt,vert,normalisation_exacte,Andermatt,legacy_name_overlap_only_no_resort_id_or_exposure_weights,LOCAL_430fe06a9598
Anniviers,vert,normalisation_exacte,Anniviers,legacy_name_overlap_only_no_resort_id_or_exposure_weights,LOCAL_430fe06a9598
Appenzell,rouge,,,legacy_name_overlap_only_no_resort_id_or_exposure_weights,LOCAL_430fe06a9598
Arbon,rouge,,,legacy_name_overlap_only_no_resort_id_or_exposure_weights,LOCAL_430fe06a9598
Arosa,rouge,,,legacy_name_overlap_only_no_resort_id_or_exposure_weights,LOCAL_430fe06a9598
Ascona,rouge,,,legacy_name_overlap_only_no_resort_id_or_exposure_weights,LOCAL_430fe06a9598
Bad Ragaz,vert,alias_fusion_ancienne_commune_ou_localite,Ragaz,legacy_name_overlap_only_no_resort_id_or_exposure_weights,LOCAL_430fe06a9598
Baden,rouge,,,legacy_name_overlap_only_no_resort_id_or_exposure_weights,LOCAL_430fe06a9598
Basel,rouge,,,legacy_name_overlap_only_no_resort_id_or_exposure_weights,LOCAL_430fe06a9598
Beatenberg,vert,normalisation_exacte,Beatenberg,legacy_name_overlap_only_no_resort_id_or_exposure_weights,LOCAL_430fe06a9598
Beckenried,vert,normalisation_exacte,Beckenried,legacy_name_overlap_only_no_resort_id_or_exposure_weights,LOCAL_430fe06a9598
Bellinzona,rouge,,,legacy_name_overlap_only_no_resort_id_or_exposure_weights,LOCAL_430fe06a9598
Bern,rouge,,,legacy_name_overlap_only_no_resort_id_or_exposure_weights,LOCAL_430fe06a9598
Biel/Bienne,rouge,,,legacy_name_overlap_only_no_resort_id_or_exposure_weights,LOCAL_430fe06a9598
Blonay - Saint-Légier,vert,normalisation_exacte,Blonay - Saint-Légier,legacy_name_overlap_only_no_resort_id_or_exposure_weights,LOCAL_430fe06a9598
Bourg-en-Lavaux,rouge,,,legacy_name_overlap_only_no_resort_id_or_exposure_weights,LOCAL_430fe06a9598
Bregaglia,vert,alias_fusion_ancienne_commune_ou_localite,Maloja,legacy_name_overlap_only_no_resort_id_or_exposure_weights,LOCAL_430fe06a9598
Breil/Brigels,vert,alias_fusion_ancienne_commune_ou_localite,Brigels,legacy_name_overlap_only_no_resort_id_or_exposure_weights,LOCAL_430fe06a9598
Brienz (BE),vert,normalisation_exacte,Brienz (BE),legacy_name_overlap_only_no_resort_id_or_exposure_weights,LOCAL_430fe06a9598
Brig-Glis,rouge,,,legacy_name_overlap_only_no_resort_id_or_exposure_weights,LOCAL_430fe06a9598
Buchs (SG),vert,normalisation_exacte,Buchs,legacy_name_overlap_only_no_resort_id_or_exposure_weights,LOCAL_430fe06a9598
Bulle,vert,normalisation_exacte,Bulle,legacy_name_overlap_only_no_resort_id_or_exposure_weights,LOCAL_430fe06a9598
Bullet,vert,normalisation_exacte,Bullet,legacy_name_overlap_only_no_resort_id_or_exposure_weights,LOCAL_430fe06a9598
Burgdorf,rouge,,,legacy_name_overlap_only_no_resort_id_or_exposure_weights,LOCAL_430fe06a9598
Celerina/Schlarigna,rouge,,,legacy_name_overlap_only_no_resort_id_or_exposure_weights,LOCAL_430fe06a9598
Champéry,rouge,,,legacy_name_overlap_only_no_resort_id_or_exposure_weights,LOCAL_430fe06a9598
Chiasso,rouge,,,legacy_name_overlap_only_no_resort_id_or_exposure_weights,LOCAL_430fe06a9598
Chur,vert,normalisation_exacte,Chur,legacy_name_overlap_only_no_resort_id_or_exposure_weights,LOCAL_430fe06a9598
Château-d'Oex,rouge,,,legacy_name_overlap_only_no_resort_id_or_exposure_weights,LOCAL_430fe06a9598
Clos du Doubs,rouge,,,legacy_name_overlap_only_no_resort_id_or_exposure_weights,LOCAL_430fe06a9598
Collina d'Oro,rouge,,,legacy_name_overlap_only_no_resort_id_or_exposure_weights,LOCAL_430fe06a9598
Crans-Montana,vert,alias_fusion_ancienne_commune_ou_localite,Mollens (VS),legacy_name_overlap_only_no_resort_id_or_exposure_weights,LOCAL_430fe06a9598
Davos,vert,normalisation_exacte,Davos,legacy_name_overlap_only_no_resort_id_or_exposure_weights,LOCAL_430fe06a9598
Delémont,rouge,,,legacy_name_overlap_only_no_resort_id_or_exposure_weights,LOCAL_430fe06a9598
Diemtigen,vert,normalisation_exacte,Diemtigen,legacy_name_overlap_only_no_resort_id_or_exposure_weights,LOCAL_430fe06a9598
Dübendorf,rouge,,,legacy_name_overlap_only_no_resort_id_or_exposure_weights,LOCAL_430fe06a9598
Egerkingen,rouge,,,legacy_name_overlap_only_no_resort_id_or_exposure_weights,LOCAL_430fe06a9598
Einsiedeln,vert,normalisation_exacte,Einsiedeln,legacy_name_overlap_only_no_resort_id_or_exposure_weights,LOCAL_430fe06a9598
Emmen,rouge,,,legacy_name_overlap_only_no_resort_id_or_exposure_weights,LOCAL_430fe06a9598
Emmetten,rouge,,,legacy_name_overlap_only_no_resort_id_or_exposure_weights,LOCAL_430fe06a9598
Engelberg,vert,normalisation_exacte,Engelberg,legacy_name_overlap_only_no_resort_id_or_exposure_weights,LOCAL_430fe06a9598
Eschenbach (SG),vert,alias_fusion_ancienne_commune_ou_localite,St. Gallenkappel,legacy_name_overlap_only_no_resort_id_or_exposure_weights,LOCAL_430fe06a9598
Evolène,vert,normalisation_exacte,Evolène,legacy_name_overlap_only_no_resort_id_or_exposure_weights,LOCAL_430fe06a9598
Feusisberg,rouge,,,legacy_name_overlap_only_no_resort_id_or_exposure_weights,LOCAL_430fe06a9598
Flims,rouge,,,legacy_name_overlap_only_no_resort_id_or_exposure_weights,LOCAL_430fe06a9598
Flums,vert,normalisation_exacte,Flums,legacy_name_overlap_only_no_resort_id_or_exposure_weights,LOCAL_430fe06a9598
Frauenfeld,rouge,,,legacy_name_overlap_only_no_resort_id_or_exposure_weights,LOCAL_430fe06a9598
Freienbach,rouge,,,legacy_name_overlap_only_no_resort_id_or_exposure_weights,LOCAL_430fe06a9598
Fribourg,rouge,,,legacy_name_overlap_only_no_resort_id_or_exposure_weights,LOCAL_430fe06a9598
Gais,vert,normalisation_exacte,Gais,legacy_name_overlap_only_no_resort_id_or_exposure_weights,LOCAL_430fe06a9598
Genève,rouge,,,legacy_name_overlap_only_no_resort_id_or_exposure_weights,LOCAL_430fe06a9598
Glarus Nord,vert,alias_fusion_ancienne_commune_ou_localite,Filzbach,legacy_name_overlap_only_no_resort_id_or_exposure_weights,LOCAL_430fe06a9598
Glarus Süd,vert,normalisation_exacte,Glarus Süd,legacy_name_overlap_only_no_resort_id_or_exposure_weights,LOCAL_430fe06a9598
Goms,vert,alias_fusion_ancienne_commune_ou_localite,Oberwald,legacy_name_overlap_only_no_resort_id_or_exposure_weights,LOCAL_430fe06a9598
Gonten,vert,normalisation_exacte,Gonten,legacy_name_overlap_only_no_resort_id_or_exposure_weights,LOCAL_430fe06a9598
Grenchen,rouge,,,legacy_name_overlap_only_no_resort_id_or_exposure_weights,LOCAL_430fe06a9598
Grindelwald,rouge,,,legacy_name_overlap_only_no_resort_id_or_exposure_weights,LOCAL_430fe06a9598
Gruyères,vert,normalisation_exacte,Gruyères,legacy_name_overlap_only_no_resort_id_or_exposure_weights,LOCAL_430fe06a9598
Gurtnellen,rouge,,,legacy_name_overlap_only_no_resort_id_or_exposure_weights,LOCAL_430fe06a9598
Hasliberg,rouge,,,legacy_name_overlap_only_no_resort_id_or_exposure_weights,LOCAL_430fe06a9598
Haut-Intyamon,rouge,,,legacy_name_overlap_only_no_resort_id_or_exposure_weights,LOCAL_430fe06a9598
Heiden,vert,normalisation_exacte,Heiden,legacy_name_overlap_only_no_resort_id_or_exposure_weights,LOCAL_430fe06a9598
Herzogenbuchsee,rouge,,,legacy_name_overlap_only_no_resort_id_or_exposure_weights,LOCAL_430fe06a9598
Horgen,rouge,,,legacy_name_overlap_only_no_resort_id_or_exposure_weights,LOCAL_430fe06a9598
Hundwil,rouge,,,legacy_name_overlap_only_no_resort_id_or_exposure_weights,LOCAL_430fe06a9598
Ilanz/Glion,rouge,,,legacy_name_overlap_only_no_resort_id_or_exposure_weights,LOCAL_430fe06a9598
Ingenbohl,rouge,,,legacy_name_overlap_only_no_resort_id_or_exposure_weights,LOCAL_430fe06a9598
Innertkirchen,vert,alias_fusion_ancienne_commune_ou_localite,Gadmen,legacy_name_overlap_only_no_resort_id_or_exposure_weights,LOCAL_430fe06a9598
Interlaken,rouge,,,legacy_name_overlap_only_no_resort_id_or_exposure_weights,LOCAL_430fe06a9598
Kandersteg,rouge,,,legacy_name_overlap_only_no_resort_id_or_exposure_weights,LOCAL_430fe06a9598
Klosters,vert,alias_fusion_ancienne_commune_ou_localite,Kloster Dorf,legacy_name_overlap_only_no_resort_id_or_exposure_weights,LOCAL_430fe06a9598
Kloten,rouge,,,legacy_name_overlap_only_no_resort_id_or_exposure_weights,LOCAL_430fe06a9598
Kreuzlingen,rouge,,,legacy_name_overlap_only_no_resort_id_or_exposure_weights,LOCAL_430fe06a9598
Kriens,rouge,,,legacy_name_overlap_only_no_resort_id_or_exposure_weights,LOCAL_430fe06a9598
Köniz,vert,normalisation_exacte,Köniz,legacy_name_overlap_only_no_resort_id_or_exposure_weights,LOCAL_430fe06a9598
Küssnacht (SZ),vert,normalisation_exacte,Küssnacht,legacy_name_overlap_only_no_resort_id_or_exposure_weights,LOCAL_430fe06a9598
La Chaux-de-Fonds,vert,normalisation_exacte,La Chaux-de-Fonds,legacy_name_overlap_only_no_resort_id_or_exposure_weights,LOCAL_430fe06a9598
La Grande Béroche,rouge,,,legacy_name_overlap_only_no_resort_id_or_exposure_weights,LOCAL_430fe06a9598
Laax,vert,normalisation_exacte,Laax,legacy_name_overlap_only_no_resort_id_or_exposure_weights,LOCAL_430fe06a9598
Lancy,rouge,,,legacy_name_overlap_only_no_resort_id_or_exposure_weights,LOCAL_430fe06a9598
Langenthal,rouge,,,legacy_name_overlap_only_no_resort_id_or_exposure_weights,LOCAL_430fe06a9598
Langnau im Emmental,rouge,,,legacy_name_overlap_only_no_resort_id_or_exposure_weights,LOCAL_430fe06a9598
Laténa,rouge,,,legacy_name_overlap_only_no_resort_id_or_exposure_weights,LOCAL_430fe06a9598
Lausanne,rouge,,,legacy_name_overlap_only_no_resort_id_or_exposure_weights,LOCAL_430fe06a9598
Lauterbrunnen,vert,normalisation_exacte,Lauterbrunnen,legacy_name_overlap_only_no_resort_id_or_exposure_weights,LOCAL_430fe06a9598
Le Chenit,rouge,,,legacy_name_overlap_only_no_resort_id_or_exposure_weights,LOCAL_430fe06a9598
Lenk,vert,normalisation_exacte,Lenk,legacy_name_overlap_only_no_resort_id_or_exposure_weights,LOCAL_430fe06a9598
Lenzburg,rouge,,,legacy_name_overlap_only_no_resort_id_or_exposure_weights,LOCAL_430fe06a9598
Leukerbad,vert,normalisation_exacte,Leukerbad,legacy_name_overlap_only_no_resort_id_or_exposure_weights,LOCAL_430fe06a9598
Leysin,vert,normalisation_exacte,Leysin,legacy_name_overlap_only_no_resort_id_or_exposure_weights,LOCAL_430fe06a9598
Liestal,rouge,,,legacy_name_overlap_only_no_resort_id_or_exposure_weights,LOCAL_430fe06a9598
Locarno,vert,normalisation_exacte,Locarno,legacy_name_overlap_only_no_resort_id_or_exposure_weights,LOCAL_430fe06a9598
Lugano,rouge,,,legacy_name_overlap_only_no_resort_id_or_exposure_weights,LOCAL_430fe06a9598
Lumnezia,rouge,,,legacy_name_overlap_only_no_resort_id_or_exposure_weights,LOCAL_430fe06a9598
Luzern,rouge,,,legacy_name_overlap_only_no_resort_id_or_exposure_weights,LOCAL_430fe06a9598
Maienfeld,rouge,,,legacy_name_overlap_only_no_resort_id_or_exposure_weights,LOCAL_430fe06a9598
Martigny,rouge,,,legacy_name_overlap_only_no_resort_id_or_exposure_weights,LOCAL_430fe06a9598
Matten bei Interlaken,rouge,,,legacy_name_overlap_only_no_resort_id_or_exposure_weights,LOCAL_430fe06a9598
Meggen,rouge,,,legacy_name_overlap_only_no_resort_id_or_exposure_weights,LOCAL_430fe06a9598
Meiringen,vert,normalisation_exacte,Meiringen,legacy_name_overlap_only_no_resort_id_or_exposure_weights,LOCAL_430fe06a9598
Mendrisio,rouge,,,legacy_name_overlap_only_no_resort_id_or_exposure_weights,LOCAL_430fe06a9598
Meyrin,rouge,,,legacy_name_overlap_only_no_resort_id_or_exposure_weights,LOCAL_430fe06a9598
Monteceneri,rouge,,,legacy_name_overlap_only_no_resort_id_or_exposure_weights,LOCAL_430fe06a9598
Montreux,vert,normalisation_exacte,Montreux,legacy_name_overlap_only_no_resort_id_or_exposure_weights,LOCAL_430fe06a9598
Morges,rouge,,,legacy_name_overlap_only_no_resort_id_or_exposure_weights,LOCAL_430fe06a9598
Morschach,rouge,,,legacy_name_overlap_only_no_resort_id_or_exposure_weights,LOCAL_430fe06a9598
Moutier (BE),rouge,,,legacy_name_overlap_only_no_resort_id_or_exposure_weights,LOCAL_430fe06a9598
Moutier (JU),rouge,,,legacy_name_overlap_only_no_resort_id_or_exposure_weights,LOCAL_430fe06a9598
Muralto,rouge,,,legacy_name_overlap_only_no_resort_id_or_exposure_weights,LOCAL_430fe06a9598
Murten,rouge,,,legacy_name_overlap_only_no_resort_id_or_exposure_weights,LOCAL_430fe06a9598
Neckertal,vert,alias_fusion_ancienne_commune_ou_localite,Hemberg; Oberhelfenschwil,legacy_name_overlap_only_no_resort_id_or_exposure_weights,LOCAL_430fe06a9598
Nendaz,vert,normalisation_exacte,Nendaz,legacy_name_overlap_only_no_resort_id_or_exposure_weights,LOCAL_430fe06a9598
Neuchâtel,rouge,,,legacy_name_overlap_only_no_resort_id_or_exposure_weights,LOCAL_430fe06a9598
Nyon,rouge,,,legacy_name_overlap_only_no_resort_id_or_exposure_weights,LOCAL_430fe06a9598
Ollon,rouge,,,legacy_name_overlap_only_no_resort_id_or_exposure_weights,LOCAL_430fe06a9598
Olten,rouge,,,legacy_name_overlap_only_no_resort_id_or_exposure_weights,LOCAL_430fe06a9598
Opfikon,rouge,,,legacy_name_overlap_only_no_resort_id_or_exposure_weights,LOCAL_430fe06a9598
Ormont-Dessus,vert,normalisation_exacte,Ormont-Dessus,legacy_name_overlap_only_no_resort_id_or_exposure_weights,LOCAL_430fe06a9598
Orsières,vert,normalisation_exacte,Orsières,legacy_name_overlap_only_no_resort_id_or_exposure_weights,LOCAL_430fe06a9598
Paradiso,rouge,,,legacy_name_overlap_only_no_resort_id_or_exposure_weights,LOCAL_430fe06a9598
Plaffeien,vert,normalisation_exacte,Plaffeien,legacy_name_overlap_only_no_resort_id_or_exposure_weights,LOCAL_430fe06a9598
Pontresina,vert,normalisation_exacte,Pontresina,legacy_name_overlap_only_no_resort_id_or_exposure_weights,LOCAL_430fe06a9598
Porrentruy,rouge,,,legacy_name_overlap_only_no_resort_id_or_exposure_weights,LOCAL_430fe06a9598
Poschiavo,rouge,,,legacy_name_overlap_only_no_resort_id_or_exposure_weights,LOCAL_430fe06a9598
Pratteln,rouge,,,legacy_name_overlap_only_no_resort_id_or_exposure_weights,LOCAL_430fe06a9598
Quarten,vert,normalisation_exacte,Quarten,legacy_name_overlap_only_no_resort_id_or_exposure_weights,LOCAL_430fe06a9598
Rapperswil-Jona,rouge,,,legacy_name_overlap_only_no_resort_id_or_exposure_weights,LOCAL_430fe06a9598
Reichenbach im Kandertal,vert,alias_fusion_ancienne_commune_ou_localite,Kandertal; Reichenbach bei Frutigen,legacy_name_overlap_only_no_resort_id_or_exposure_weights,LOCAL_430fe06a9598
Rheinfelden,rouge,,,legacy_name_overlap_only_no_resort_id_or_exposure_weights,LOCAL_430fe06a9598
Rheinwald,vert,normalisation_exacte,Rheinwald,legacy_name_overlap_only_no_resort_id_or_exposure_weights,LOCAL_430fe06a9598
Rorschacherberg,rouge,,,legacy_name_overlap_only_no_resort_id_or_exposure_weights,LOCAL_430fe06a9598
Saanen,vert,normalisation_exacte,Saanen,legacy_name_overlap_only_no_resort_id_or_exposure_weights,LOCAL_430fe06a9598
Saas-Fee,vert,normalisation_exacte,Saas Fee,legacy_name_overlap_only_no_resort_id_or_exposure_weights,LOCAL_430fe06a9598
Saas-Grund,rouge,,,legacy_name_overlap_only_no_resort_id_or_exposure_weights,LOCAL_430fe06a9598
Sachseln,rouge,,,legacy_name_overlap_only_no_resort_id_or_exposure_weights,LOCAL_430fe06a9598
Saignelégier,rouge,,,legacy_name_overlap_only_no_resort_id_or_exposure_weights,LOCAL_430fe06a9598
Saint-Maurice,rouge,,,legacy_name_overlap_only_no_resort_id_or_exposure_weights,LOCAL_430fe06a9598
Samedan,vert,alias_fusion_ancienne_commune_ou_localite,Samaden,legacy_name_overlap_only_no_resort_id_or_exposure_weights,LOCAL_430fe06a9598
Samnaun,vert,normalisation_exacte,Samnaun,legacy_name_overlap_only_no_resort_id_or_exposure_weights,LOCAL_430fe06a9598
Sarnen,vert,normalisation_exacte,Sarnen,legacy_name_overlap_only_no_resort_id_or_exposure_weights,LOCAL_430fe06a9598
Schaffhausen,rouge,,,legacy_name_overlap_only_no_resort_id_or_exposure_weights,LOCAL_430fe06a9598
Schangnau,rouge,,,legacy_name_overlap_only_no_resort_id_or_exposure_weights,LOCAL_430fe06a9598
Schwyz,vert,normalisation_exacte,Schwyz,legacy_name_overlap_only_no_resort_id_or_exposure_weights,LOCAL_430fe06a9598
Scuol,rouge,,,legacy_name_overlap_only_no_resort_id_or_exposure_weights,LOCAL_430fe06a9598
Sierre,rouge,,,legacy_name_overlap_only_no_resort_id_or_exposure_weights,LOCAL_430fe06a9598
Sigriswil,rouge,,,legacy_name_overlap_only_no_resort_id_or_exposure_weights,LOCAL_430fe06a9598
Sion,vert,alias_fusion_ancienne_commune_ou_localite,Bramois,legacy_name_overlap_only_no_resort_id_or_exposure_weights,LOCAL_430fe06a9598
Solothurn,rouge,,,legacy_name_overlap_only_no_resort_id_or_exposure_weights,LOCAL_430fe06a9598
Spiez,rouge,,,legacy_name_overlap_only_no_resort_id_or_exposure_weights,LOCAL_430fe06a9598
St. Gallen,rouge,,,legacy_name_overlap_only_no_resort_id_or_exposure_weights,LOCAL_430fe06a9598
St. Moritz,vert,normalisation_exacte,St. Moritz,legacy_name_overlap_only_no_resort_id_or_exposure_weights,LOCAL_430fe06a9598
Sursee,rouge,,,legacy_name_overlap_only_no_resort_id_or_exposure_weights,LOCAL_430fe06a9598
Surses,vert,normalisation_exacte,Surses,legacy_name_overlap_only_no_resort_id_or_exposure_weights,LOCAL_430fe06a9598
Teufen (AR),rouge,,,legacy_name_overlap_only_no_resort_id_or_exposure_weights,LOCAL_430fe06a9598
Thun,rouge,,,legacy_name_overlap_only_no_resort_id_or_exposure_weights,LOCAL_430fe06a9598
Tujetsch,vert,alias_fusion_ancienne_commune_ou_localite,Tavetsch,legacy_name_overlap_only_no_resort_id_or_exposure_weights,LOCAL_430fe06a9598
Unterseen,rouge,,,legacy_name_overlap_only_no_resort_id_or_exposure_weights,LOCAL_430fe06a9598
Unterägeri,rouge,,,legacy_name_overlap_only_no_resort_id_or_exposure_weights,LOCAL_430fe06a9598
Uster,rouge,,,legacy_name_overlap_only_no_resort_id_or_exposure_weights,LOCAL_430fe06a9598
Uzwil,rouge,,,legacy_name_overlap_only_no_resort_id_or_exposure_weights,LOCAL_430fe06a9598
Val Müstair,vert,normalisation_exacte,Val Müstair,legacy_name_overlap_only_no_resort_id_or_exposure_weights,LOCAL_430fe06a9598
Val de Bagnes,vert,alias_fusion_ancienne_commune_ou_localite,Bagnes,legacy_name_overlap_only_no_resort_id_or_exposure_weights,LOCAL_430fe06a9598
Vals,vert,normalisation_exacte,Vals,legacy_name_overlap_only_no_resort_id_or_exposure_weights,LOCAL_430fe06a9598
Vaz/Obervaz,vert,normalisation_exacte,Vaz/Obervaz,legacy_name_overlap_only_no_resort_id_or_exposure_weights,LOCAL_430fe06a9598
Vernier,rouge,,,legacy_name_overlap_only_no_resort_id_or_exposure_weights,LOCAL_430fe06a9598
Vevey,rouge,,,legacy_name_overlap_only_no_resort_id_or_exposure_weights,LOCAL_430fe06a9598
Visp,rouge,,,legacy_name_overlap_only_no_resort_id_or_exposure_weights,LOCAL_430fe06a9598
Vitznau,rouge,,,legacy_name_overlap_only_no_resort_id_or_exposure_weights,LOCAL_430fe06a9598
Walenstadt,rouge,,,legacy_name_overlap_only_no_resort_id_or_exposure_weights,LOCAL_430fe06a9598
Weggis,rouge,,,legacy_name_overlap_only_no_resort_id_or_exposure_weights,LOCAL_430fe06a9598
Wil (SG),rouge,,,legacy_name_overlap_only_no_resort_id_or_exposure_weights,LOCAL_430fe06a9598
Wilderswil,rouge,,,legacy_name_overlap_only_no_resort_id_or_exposure_weights,LOCAL_430fe06a9598
Wildhaus-Alt St. Johann,vert,alias_fusion_ancienne_commune_ou_localite,Alt St. Johann,legacy_name_overlap_only_no_resort_id_or_exposure_weights,LOCAL_430fe06a9598
Winterthur,rouge,,,legacy_name_overlap_only_no_resort_id_or_exposure_weights,LOCAL_430fe06a9598
Wädenswil,rouge,,,legacy_name_overlap_only_no_resort_id_or_exposure_weights,LOCAL_430fe06a9598
Yverdon-les-Bains,rouge,,,legacy_name_overlap_only_no_resort_id_or_exposure_weights,LOCAL_430fe06a9598
Zermatt,vert,normalisation_exacte,Zermatt,legacy_name_overlap_only_no_resort_id_or_exposure_weights,LOCAL_430fe06a9598
Zernez,rouge,,,legacy_name_overlap_only_no_resort_id_or_exposure_weights,LOCAL_430fe06a9598
Zofingen,rouge,,,legacy_name_overlap_only_no_resort_id_or_exposure_weights,LOCAL_430fe06a9598
Zug,rouge,,,legacy_name_overlap_only_no_resort_id_or_exposure_weights,LOCAL_430fe06a9598
Zürich,rouge,,,legacy_name_overlap_only_no_resort_id_or_exposure_weights,LOCAL_430fe06a9598
