resort_id,resort_name_canonical,resort_name_original,latitude,longitude,region,url_station,altitude_top_m,ski_area_km,number_lifts,cluster_id,assignment_quality,distance_m,identity_status,feature_observation_date,municipality_bfs_id,country,magic_pass_member,magic_pass_entry_date,source_ids
balmberg,Balmberg,Balmberg Balmberg,47.261175,7.539282,Argovie - Soleure,https://www.bergfex.ch/balmberg/,1200,5,3,SKI_CLUSTER_108,confident,228.5,provisional_existing_listing_not_independent_domain,UNKNOWN,UNKNOWN,UNKNOWN,UNKNOWN,UNKNOWN,LOCAL_8b04208d016e|LOCAL_4431c47c859d|LOCAL_03b4345dbe87
hohe_winde_beinwil,Hohe Winde Beinwil,Hohe Winde Hohe Winde / Beinwil,47.346791,7.594085,Argovie - Soleure,https://www.bergfex.ch/hohe-winde-beinwil/,1073,4,2,SKI_CLUSTER_179,confident,15.2,provisional_existing_listing_not_independent_domain,UNKNOWN,UNKNOWN,UNKNOWN,UNKNOWN,UNKNOWN,LOCAL_8b04208d016e|LOCAL_4431c47c859d|LOCAL_03b4345dbe87
bumbach_schangnau,Bumbach - Schangnau,Bumbach Bumbach - Schangnau,46.806787,7.887497,Berne et région,https://www.bergfex.ch/bumbach-schangnau/,1365,9,4,SKI_CLUSTER_074,confident,23.1,provisional_existing_listing_not_independent_domain,UNKNOWN,UNKNOWN,UNKNOWN,UNKNOWN,UNKNOWN,LOCAL_8b04208d016e|LOCAL_4431c47c859d|LOCAL_03b4345dbe87
chuderhusi,Chuderhüsi,Chuderhüsi Chuderhüsi,46.874583,7.720900,Berne et région,https://www.bergfex.ch/chuderhuesi/,1100,1,1,SKI_CLUSTER_183,confident,14.1,provisional_existing_listing_not_independent_domain,UNKNOWN,UNKNOWN,UNKNOWN,UNKNOWN,UNKNOWN,LOCAL_8b04208d016e|LOCAL_4431c47c859d|LOCAL_03b4345dbe87
gantrisch_gurnigel,Gantrisch - Gurnigel,Gantrisch Gantrisch - Gurnigel,46.724344,7.453280,Berne et région,https://www.bergfex.ch/gantrisch-gurnigel/,1670,6,3,SKI_CLUSTER_051,confident,26.2,provisional_existing_listing_not_independent_domain,UNKNOWN,UNKNOWN,UNKNOWN,UNKNOWN,UNKNOWN,LOCAL_8b04208d016e|LOCAL_4431c47c859d|LOCAL_03b4345dbe87
gurten_bern,Gurten Bern,Gurten Gurten / Bern,46.918543,7.440187,Berne et région,https://www.bergfex.ch/gurten/,855,0.2,1,SKI_CLUSTER_051,review,17678.6,provisional_existing_listing_not_independent_domain,UNKNOWN,UNKNOWN,UNKNOWN,UNKNOWN,UNKNOWN,LOCAL_8b04208d016e|LOCAL_4431c47c859d|LOCAL_03b4345dbe87
heimenschwand_buchholterberg,Heimenschwand Buchholterberg,Heimenschwand Heimenschwand / Buchholterberg,46.825759,7.681117,Berne et région,https://www.bergfex.ch/heimenschwand-buchholterberg/,1180,1,1,SKI_CLUSTER_109,confident,14.2,provisional_existing_listing_not_independent_domain,UNKNOWN,UNKNOWN,UNKNOWN,UNKNOWN,UNKNOWN,LOCAL_8b04208d016e|LOCAL_4431c47c859d|LOCAL_03b4345dbe87
homberg_skilift_dreiligass_winteregg,Homberg Skilift Dreiligass - Winteregg,Homberg Homberg / Skilift Dreiligass-Winteregg,46.770492,7.677759,Berne et région,https://www.bergfex.ch/homberg/,1100,3,1,SKI_CLUSTER_136,confident,6.7,provisional_existing_listing_not_independent_domain,UNKNOWN,UNKNOWN,UNKNOWN,UNKNOWN,UNKNOWN,LOCAL_8b04208d016e|LOCAL_4431c47c859d|LOCAL_03b4345dbe87
linden_skilift_linden,Linden Skilift Linden,Linden Skilift Linden,46.838971,7.677598,Berne et région,https://www.bergfex.ch/skilift-linden/,1040,2,3,SKI_CLUSTER_109,confident,21.7,provisional_existing_listing_not_independent_domain,UNKNOWN,UNKNOWN,UNKNOWN,UNKNOWN,UNKNOWN,LOCAL_8b04208d016e|LOCAL_4431c47c859d|LOCAL_03b4345dbe87
ottenleuebad,Ottenleuebad,Ottenleuebad Ottenleuebad,46.730566,7.367363,Berne et région,https://www.bergfex.ch/ottenleuebad/,1600,5,1,SKI_CLUSTER_051,confident,250.1,provisional_existing_listing_not_independent_domain,UNKNOWN,UNKNOWN,UNKNOWN,UNKNOWN,UNKNOWN,LOCAL_8b04208d016e|LOCAL_4431c47c859d|LOCAL_03b4345dbe87
ruschegg_eywald,Rüschegg - Eywald,Rüschegg Rüschegg - Eywald,46.761737,7.415943,Berne et région,https://www.bergfex.ch/rueschegg-eywald/,1550,13,2,SKI_CLUSTER_051,confident,375.6,provisional_existing_listing_not_independent_domain,UNKNOWN,UNKNOWN,UNKNOWN,UNKNOWN,UNKNOWN,LOCAL_8b04208d016e|LOCAL_4431c47c859d|LOCAL_03b4345dbe87
schwarzenbuhl_selital,Schwarzenbühl Selital,Schwarzenbühl Schwarzenbühl / Selital,46.744577,7.389829,Berne et région,https://www.bergfex.ch/schwarzenbuehl-selital/,1600,8,3,SKI_CLUSTER_051,confident,3.4,provisional_existing_listing_not_independent_domain,UNKNOWN,UNKNOWN,UNKNOWN,UNKNOWN,UNKNOWN,LOCAL_8b04208d016e|LOCAL_4431c47c859d|LOCAL_03b4345dbe87
langenbruck,Langenbruck,Langenbruck Langenbruck,47.345010,7.763203,Bâle et région,https://www.bergfex.ch/langenbruck/,950,1,1,SKI_CLUSTER_111,confident,50.5,provisional_existing_listing_not_independent_domain,UNKNOWN,UNKNOWN,UNKNOWN,UNKNOWN,UNKNOWN,LOCAL_8b04208d016e|LOCAL_4431c47c859d|LOCAL_03b4345dbe87
bulle_la_chia,Bulle - La Chia,Bulle Bulle - La Chia,46.618141,7.055197,Fribourg,https://www.bergfex.ch/bulle-lachia/,1300,3,1,SKI_CLUSTER_023,confident,3413.8,provisional_existing_listing_not_independent_domain,UNKNOWN,UNKNOWN,UNKNOWN,UNKNOWN,UNKNOWN,LOCAL_8b04208d016e|LOCAL_4431c47c859d|LOCAL_03b4345dbe87
charmey,Charmey,Charmey Charmey,46.626158,7.206259,Fribourg,https://www.bergfex.ch/charmey/,1630,30,7,SKI_CLUSTER_091,confident,32.5,provisional_existing_listing_not_independent_domain,UNKNOWN,UNKNOWN,UNKNOWN,UNKNOWN,UNKNOWN,LOCAL_8b04208d016e|LOCAL_4431c47c859d|LOCAL_03b4345dbe87
hapfere_plaffeien,Hapfere Plaffeien,Hapfere Hapfere / Plaffeien,46.730875,7.280062,Fribourg,https://www.bergfex.ch/hapfere-plaffeien/,935,2,1,SKI_CLUSTER_173,confident,0.4,provisional_existing_listing_not_independent_domain,UNKNOWN,UNKNOWN,UNKNOWN,UNKNOWN,UNKNOWN,LOCAL_8b04208d016e|LOCAL_4431c47c859d|LOCAL_03b4345dbe87
jaun_gastlosen,Jaun Gastlosen,Jaun Jaun Gastlosen,46.610653,7.276211,Fribourg,https://www.bergfex.ch/jaun/,1600,25,4,SKI_CLUSTER_092,confident,513.9,provisional_existing_listing_not_independent_domain,UNKNOWN,UNKNOWN,UNKNOWN,UNKNOWN,UNKNOWN,LOCAL_8b04208d016e|LOCAL_4431c47c859d|LOCAL_03b4345dbe87
la_berra_la_roche,La Berra - La Roche,La Berra La Berra - La Roche,46.676091,7.175961,Fribourg,https://www.bergfex.ch/la-berra/,1640,20,6,SKI_CLUSTER_069,confident,256.2,provisional_existing_listing_not_independent_domain,UNKNOWN,UNKNOWN,UNKNOWN,UNKNOWN,UNKNOWN,LOCAL_8b04208d016e|LOCAL_4431c47c859d|LOCAL_03b4345dbe87
les_paccots_chatel_saint_denis,Les Paccots - Châtel Saint Denis,Les Paccots Les Paccots - Châtel Saint Denis,46.521312,6.947823,Fribourg,https://www.bergfex.ch/les-paccots-chatel-saint-denis/,1500,20,10,SKI_CLUSTER_023,confident,263.3,provisional_existing_listing_not_independent_domain,UNKNOWN,UNKNOWN,UNKNOWN,UNKNOWN,UNKNOWN,LOCAL_8b04208d016e|LOCAL_4431c47c859d|LOCAL_03b4345dbe87
moleson_la_gruyere,Moléson - La Gruyère,Moléson Moléson - La Gruyère,46.550568,7.020500,Fribourg,https://www.bergfex.ch/moleson-la-gruyere/,2002,30,7,SKI_CLUSTER_023,confident,13.3,provisional_existing_listing_not_independent_domain,UNKNOWN,UNKNOWN,UNKNOWN,UNKNOWN,UNKNOWN,LOCAL_8b04208d016e|LOCAL_4431c47c859d|LOCAL_03b4345dbe87
mont_gibloux,Mont Gibloux,Mont Gibloux Mont Gibloux,46.686425,7.037687,Fribourg,https://www.bergfex.ch/mont-gibloux/,1200,1,2,SKI_CLUSTER_163,confident,35.0,provisional_existing_listing_not_independent_domain,UNKNOWN,UNKNOWN,UNKNOWN,UNKNOWN,UNKNOWN,LOCAL_8b04208d016e|LOCAL_4431c47c859d|LOCAL_03b4345dbe87
rathvel,Rathvel,Rathvel Rathvel,46.545639,6.979065,Fribourg,https://www.bergfex.ch/rathvel/,1496,8,4,SKI_CLUSTER_023,confident,268.2,provisional_existing_listing_not_independent_domain,UNKNOWN,UNKNOWN,UNKNOWN,UNKNOWN,UNKNOWN,LOCAL_8b04208d016e|LOCAL_4431c47c859d|LOCAL_03b4345dbe87
schwarzsee_kaiseregg_bahnen,Schwarzsee Kaiseregg Bahnen,Schwarzsee Schwarzsee / Kaiseregg Bahnen,46.664635,7.291059,Fribourg,https://www.bergfex.ch/schwarzsee/,1750,20,4,SKI_CLUSTER_093,confident,28.1,provisional_existing_listing_not_independent_domain,UNKNOWN,UNKNOWN,UNKNOWN,UNKNOWN,UNKNOWN,LOCAL_8b04208d016e|LOCAL_4431c47c859d|LOCAL_03b4345dbe87
aela_maloja,Aela Maloja,Aela / Maloja Aela / Maloja,46.396348,9.704447,Grisons,https://www.bergfex.ch/aela-maloja/,2159,3,1,SKI_CLUSTER_120,confident,68.9,provisional_existing_listing_not_independent_domain,UNKNOWN,UNKNOWN,UNKNOWN,UNKNOWN,UNKNOWN,LOCAL_8b04208d016e|LOCAL_4431c47c859d|LOCAL_03b4345dbe87
andermatt_oberalp_sedrun,Andermatt - Oberalp - Sedrun,Andermatt Andermatt - Oberalp - Sedrun,46.667286,8.711815,Grisons,https://www.bergfex.ch/andermatt-oberalp-sedrun/,2600,70,17,SKI_CLUSTER_017,confident,142.5,provisional_existing_listing_not_independent_domain,UNKNOWN,UNKNOWN,UNKNOWN,UNKNOWN,UNKNOWN,LOCAL_8b04208d016e|LOCAL_4431c47c859d|LOCAL_03b4345dbe87
arosa_lenzerheide,Arosa Lenzerheide,Arosa Lenzerheide Arosa Lenzerheide,46.764619,9.607973,Grisons,https://www.bergfex.ch/arosa-lenzerheide/,2865,225,43,SKI_CLUSTER_007,confident,177.2,provisional_existing_listing_not_independent_domain,UNKNOWN,UNKNOWN,UNKNOWN,UNKNOWN,UNKNOWN,LOCAL_8b04208d016e|LOCAL_4431c47c859d|LOCAL_03b4345dbe87
avers,Avers,Avers Avers,46.445427,9.539695,Grisons,https://www.bergfex.ch/avers/,2600,8,3,SKI_CLUSTER_118,confident,31.2,provisional_existing_listing_not_independent_domain,UNKNOWN,UNKNOWN,UNKNOWN,UNKNOWN,UNKNOWN,LOCAL_8b04208d016e|LOCAL_4431c47c859d|LOCAL_03b4345dbe87
bergun_filisur_bergun_filisur_darlux,Bergün - Filisur Bergün - Filisur / Darlux,Bergün-Filisur Bergün - Filisur / Darlux,46.623299,9.771051,Grisons,https://www.bergfex.ch/berguen-filisur/,2567,25,7,SKI_CLUSTER_086,confident,34.3,provisional_existing_listing_not_independent_domain,UNKNOWN,UNKNOWN,UNKNOWN,UNKNOWN,UNKNOWN,LOCAL_8b04208d016e|LOCAL_4431c47c859d|LOCAL_03b4345dbe87
bivio,Bivio,Bivio Bivio,46.469020,9.650717,Grisons,https://www.bergfex.ch/bivio/,2560,30,4,SKI_CLUSTER_119,confident,155.5,provisional_existing_listing_not_independent_domain,UNKNOWN,UNKNOWN,UNKNOWN,UNKNOWN,UNKNOWN,LOCAL_8b04208d016e|LOCAL_4431c47c859d|LOCAL_03b4345dbe87
brambruesch_chur_brambruesch,Brambrüesch Chur - Brambrüesch,Brambrüesch Chur - Brambrüesch,46.829370,9.516478,Grisons,https://www.bergfex.ch/chur-brambrueesch/,2160,20,4,SKI_CLUSTER_007,confident,9.0,provisional_existing_listing_not_independent_domain,UNKNOWN,UNKNOWN,UNKNOWN,UNKNOWN,UNKNOWN,LOCAL_8b04208d016e|LOCAL_4431c47c859d|LOCAL_03b4345dbe87
brigels_waltensburg_andiast,Brigels Waltensburg Andiast,Brigels Brigels Waltensburg Andiast,46.795006,9.075394,Grisons,https://www.bergfex.ch/brigels/,2418,40,6,SKI_CLUSTER_027,confident,132.9,provisional_existing_listing_not_independent_domain,UNKNOWN,UNKNOWN,UNKNOWN,UNKNOWN,UNKNOWN,LOCAL_8b04208d016e|LOCAL_4431c47c859d|LOCAL_03b4345dbe87
bugls_s_chanf,Bügls - S - chanf,Bügls Bügls - S-chanf,46.613038,9.997939,Grisons,https://www.bergfex.ch/buegls-s-chanf/,1730,0.5,1,SKI_CLUSTER_087,confident,3451.4,provisional_existing_listing_not_independent_domain,UNKNOWN,UNKNOWN,UNKNOWN,UNKNOWN,UNKNOWN,LOCAL_8b04208d016e|LOCAL_4431c47c859d|LOCAL_03b4345dbe87
corvatsch_furtschellas,Corvatsch - Furtschellas,Corvatsch Corvatsch - Furtschellas,46.432119,9.823236,Grisons,https://www.bergfex.ch/corvatsch-furtschellas/,3303,120,14,SKI_CLUSTER_033,confident,43.3,provisional_existing_listing_not_independent_domain,UNKNOWN,UNKNOWN,UNKNOWN,UNKNOWN,UNKNOWN,LOCAL_8b04208d016e|LOCAL_4431c47c859d|LOCAL_03b4345dbe87
corviglia_st_moritz,Corviglia St. Moritz,Corviglia Corviglia / St. Moritz,46.513102,9.818344,Grisons,https://www.bergfex.ch/st-moritz-corviglia/,3057,163,24,SKI_CLUSTER_022,confident,28.8,provisional_existing_listing_not_independent_domain,UNKNOWN,UNKNOWN,UNKNOWN,UNKNOWN,UNKNOWN,LOCAL_8b04208d016e|LOCAL_4431c47c859d|LOCAL_03b4345dbe87
diavolezza_lagalb,Diavolezza - Lagalb,Diavolezza Diavolezza - Lagalb,46.413612,9.966389,Grisons,https://www.bergfex.ch/diavolezza/,2978,45,5,SKI_CLUSTER_099,confident,14.0,provisional_existing_listing_not_independent_domain,UNKNOWN,UNKNOWN,UNKNOWN,UNKNOWN,UNKNOWN,LOCAL_8b04208d016e|LOCAL_4431c47c859d|LOCAL_03b4345dbe87
disentis,Disentis,Disentis Disentis,46.704321,8.814468,Grisons,https://www.bergfex.ch/disentis/,2850,60,10,SKI_CLUSTER_017,confident,109.4,provisional_existing_listing_not_independent_domain,UNKNOWN,UNKNOWN,UNKNOWN,UNKNOWN,UNKNOWN,LOCAL_8b04208d016e|LOCAL_4431c47c859d|LOCAL_03b4345dbe87
feldis,Feldis,Feldis Feldis,46.793860,9.441891,Grisons,https://www.bergfex.ch/feldis/,2000,10,4,SKI_CLUSTER_149,confident,181.8,provisional_existing_listing_not_independent_domain,UNKNOWN,UNKNOWN,UNKNOWN,UNKNOWN,UNKNOWN,LOCAL_8b04208d016e|LOCAL_4431c47c859d|LOCAL_03b4345dbe87
grusch_danusa,Grüsch Danusa,Grüsch Danusa Grüsch Danusa,46.961045,9.634493,Grisons,https://www.bergfex.ch/gruesch-danusa/,1800,34.3,10,SKI_CLUSTER_056,confident,66.3,provisional_existing_listing_not_independent_domain,UNKNOWN,UNKNOWN,UNKNOWN,UNKNOWN,UNKNOWN,LOCAL_8b04208d016e|LOCAL_4431c47c859d|LOCAL_03b4345dbe87
heuberge_fideriser_heuberge,Heuberge Fideriser Heuberge,Heuberge Fideriser Heuberge,46.866294,9.724874,Grisons,https://www.bergfex.ch/fideriser-heuberge/,2360,15,5,SKI_CLUSTER_121,confident,5.5,provisional_existing_listing_not_independent_domain,UNKNOWN,UNKNOWN,UNKNOWN,UNKNOWN,UNKNOWN,LOCAL_8b04208d016e|LOCAL_4431c47c859d|LOCAL_03b4345dbe87
hochwang,Hochwang,Hochwang Hochwang,46.840557,9.648889,Grisons,https://www.bergfex.ch/hochwang/,2284,26,3,SKI_CLUSTER_151,confident,338.3,provisional_existing_listing_not_independent_domain,UNKNOWN,UNKNOWN,UNKNOWN,UNKNOWN,UNKNOWN,LOCAL_8b04208d016e|LOCAL_4431c47c859d|LOCAL_03b4345dbe87
jakobshorn_davos_jakobshorn,Jakobshorn Davos Jakobshorn,Jakobshorn Davos Jakobshorn,46.774495,9.836540,Grisons,https://www.bergfex.ch/davos-jakobshorn/,2590,42,13,SKI_CLUSTER_006,confident,170.0,provisional_existing_listing_not_independent_domain,UNKNOWN,UNKNOWN,UNKNOWN,UNKNOWN,UNKNOWN,LOCAL_8b04208d016e|LOCAL_4431c47c859d|LOCAL_03b4345dbe87
junker_st_antonien,Junker - St. Antönien,Junker Junker - St. Antönien,46.971446,9.803253,Grisons,https://www.bergfex.ch/junker-st-antoenien/,1650,4.5,2,SKI_CLUSTER_240,confident,31.4,provisional_existing_listing_not_independent_domain,UNKNOWN,UNKNOWN,UNKNOWN,UNKNOWN,UNKNOWN,LOCAL_8b04208d016e|LOCAL_4431c47c859d|LOCAL_03b4345dbe87
laax_flims_laax_falera,Laax Flims Laax Falera,Laax Flims Laax Falera,46.847979,9.217186,Grisons,https://www.bergfex.ch/laax/,3018,214,31,SKI_CLUSTER_019,confident,506.8,provisional_existing_listing_not_independent_domain,UNKNOWN,UNKNOWN,UNKNOWN,UNKNOWN,UNKNOWN,LOCAL_8b04208d016e|LOCAL_4431c47c859d|LOCAL_03b4345dbe87
languard_pontresina,Languard Pontresina,Languard Languard / Pontresina,46.491566,9.907554,Grisons,https://www.bergfex.ch/languard-pontresina/,2320,1,1,SKI_CLUSTER_022,confident,52.8,provisional_existing_listing_not_independent_domain,UNKNOWN,UNKNOWN,UNKNOWN,UNKNOWN,UNKNOWN,LOCAL_8b04208d016e|LOCAL_4431c47c859d|LOCAL_03b4345dbe87
madrisa_klosters_madrisa,Madrisa Klosters Madrisa,Madrisa Klosters Madrisa,46.897446,9.867868,Grisons,https://www.bergfex.ch/klosters-madrisa/,2602,30,11,SKI_CLUSTER_006,confident,47.2,provisional_existing_listing_not_independent_domain,UNKNOWN,UNKNOWN,UNKNOWN,UNKNOWN,UNKNOWN,LOCAL_8b04208d016e|LOCAL_4431c47c859d|LOCAL_03b4345dbe87
mastrils_skilift_mastrils,Mastrils Skilift Mastrils,Mastrils Skilift Mastrils,46.967238,9.538779,Grisons,https://www.bergfex.ch/skilift-mastrils/,940,3,1,SKI_CLUSTER_038,confident,44.9,provisional_existing_listing_not_independent_domain,UNKNOWN,UNKNOWN,UNKNOWN,UNKNOWN,UNKNOWN,LOCAL_8b04208d016e|LOCAL_4431c47c859d|LOCAL_03b4345dbe87
minschuns_val_mustair,Minschuns - Val Müstair,Minschuns Minschuns - Val Müstair,46.647256,10.332212,Grisons,https://www.bergfex.ch/minschuns/,2700,25,4,SKI_CLUSTER_122,confident,321.7,provisional_existing_listing_not_independent_domain,UNKNOWN,UNKNOWN,UNKNOWN,UNKNOWN,UNKNOWN,LOCAL_8b04208d016e|LOCAL_4431c47c859d|LOCAL_03b4345dbe87
motta_naluns_scuol_motta_naluns,Motta Naluns Scuol Motta Naluns,Motta Naluns Scuol Motta Naluns,46.818447,10.261745,Grisons,https://www.bergfex.ch/scuol/,2800,70,12,SKI_CLUSTER_044,confident,68.4,provisional_existing_listing_not_independent_domain,UNKNOWN,UNKNOWN,UNKNOWN,UNKNOWN,UNKNOWN,LOCAL_8b04208d016e|LOCAL_4431c47c859d|LOCAL_03b4345dbe87
muottas_muragl,Muottas Muragl,Muottas Muragl Muottas Muragl,46.518654,9.897050,Grisons,https://www.bergfex.ch/muottas-muragl/,2456,NA,1,SKI_CLUSTER_022,confident,61.2,provisional_existing_listing_not_independent_domain,UNKNOWN,UNKNOWN,UNKNOWN,UNKNOWN,UNKNOWN,LOCAL_8b04208d016e|LOCAL_4431c47c859d|LOCAL_03b4345dbe87
musella_la_punt_musella,Müsella La Punt - Müsella,Müsella La Punt - Müsella,46.571481,9.930184,Grisons,https://www.bergfex.ch/la-punt-muesella/,1790,1,1,SKI_CLUSTER_087,confident,2.0,provisional_existing_listing_not_independent_domain,UNKNOWN,UNKNOWN,UNKNOWN,UNKNOWN,UNKNOWN,LOCAL_8b04208d016e|LOCAL_4431c47c859d|LOCAL_03b4345dbe87
obermutten_mutten_obermutten,Obermutten Mutten - Obermutten,Obermutten Mutten - Obermutten,46.672336,9.487853,Grisons,https://www.bergfex.ch/mutten/,2000,3.5,1,SKI_CLUSTER_236,confident,26.5,provisional_existing_listing_not_independent_domain,UNKNOWN,UNKNOWN,UNKNOWN,UNKNOWN,UNKNOWN,LOCAL_8b04208d016e|LOCAL_4431c47c859d|LOCAL_03b4345dbe87
obersaxen_mundaun,Obersaxen Mundaun,Obersaxen Obersaxen Mundaun,46.736331,9.119854,Grisons,https://www.bergfex.ch/pizmundaun/,2310,120,15,SKI_CLUSTER_027,confident,173.2,provisional_existing_listing_not_independent_domain,UNKNOWN,UNKNOWN,UNKNOWN,UNKNOWN,UNKNOWN,LOCAL_8b04208d016e|LOCAL_4431c47c859d|LOCAL_03b4345dbe87
pany,Pany,Pany Pany,46.933802,9.760868,Grisons,https://www.bergfex.ch/pany/,1550,5,2,SKI_CLUSTER_239,confident,12.9,provisional_existing_listing_not_independent_domain,UNKNOWN,UNKNOWN,UNKNOWN,UNKNOWN,UNKNOWN,LOCAL_8b04208d016e|LOCAL_4431c47c859d|LOCAL_03b4345dbe87
parsenn_davos_klosters_parsenn,Parsenn Davos Klosters Parsenn,Parsenn Davos Klosters Parsenn,46.847571,9.820662,Grisons,https://www.bergfex.ch/davos-parsenn/,2844,101.5,19,SKI_CLUSTER_006,confident,64.8,provisional_existing_listing_not_independent_domain,UNKNOWN,UNKNOWN,UNKNOWN,UNKNOWN,UNKNOWN,LOCAL_8b04208d016e|LOCAL_4431c47c859d|LOCAL_03b4345dbe87
pian_cales_san_bernardino,Pian Cales San Bernardino,Pian Cales San Bernardino,46.462443,9.196994,Grisons,https://www.bergfex.ch/sanbernardino/,2525,40,11,SKI_CLUSTER_067,confident,2.0,provisional_existing_listing_not_independent_domain,UNKNOWN,UNKNOWN,UNKNOWN,UNKNOWN,UNKNOWN,LOCAL_8b04208d016e|LOCAL_4431c47c859d|LOCAL_03b4345dbe87
pischa_davos_pischa,Pischa Davos Pischa,Pischa Davos Pischa,46.807873,9.913616,Grisons,https://www.bergfex.ch/davos-pischa/,2483,30,1,SKI_CLUSTER_241,confident,2.7,provisional_existing_listing_not_independent_domain,UNKNOWN,UNKNOWN,UNKNOWN,UNKNOWN,UNKNOWN,LOCAL_8b04208d016e|LOCAL_4431c47c859d|LOCAL_03b4345dbe87
pradaschier_churwalden,Pradaschier - Churwalden,Pradaschier Pradaschier - Churwalden,46.782678,9.520105,Grisons,https://www.bergfex.ch/pradaschier/,2235,NA,3,SKI_CLUSTER_007,confident,39.2,provisional_existing_listing_not_independent_domain,UNKNOWN,UNKNOWN,UNKNOWN,UNKNOWN,UNKNOWN,LOCAL_8b04208d016e|LOCAL_4431c47c859d|LOCAL_03b4345dbe87
rinerhorn_davos_rinerhorn,Rinerhorn Davos Rinerhorn,Rinerhorn Davos Rinerhorn,46.745978,9.800406,Grisons,https://www.bergfex.ch/rinerhorn/,2490,51.5,7,SKI_CLUSTER_006,confident,117.6,provisional_existing_listing_not_independent_domain,UNKNOWN,UNKNOWN,UNKNOWN,UNKNOWN,UNKNOWN,LOCAL_8b04208d016e|LOCAL_4431c47c859d|LOCAL_03b4345dbe87
rossa,Rossa,Rossa Rossa,46.372306,9.128048,Grisons,https://www.bergfex.ch/rossa/,1150,0.4,2,SKI_CLUSTER_147,warning,5785.8,provisional_existing_listing_not_independent_domain,UNKNOWN,UNKNOWN,UNKNOWN,UNKNOWN,UNKNOWN,LOCAL_8b04208d016e|LOCAL_4431c47c859d|LOCAL_03b4345dbe87
samnaun_silvretta_arena_samnaun_ischgl,Samnaun Silvretta Arena Samnaun / Ischgl,Samnaun Silvretta Arena Samnaun / Ischgl,46.981189,10.374098,Grisons,https://www.bergfex.ch/samnaun/,2900,239,46,SKI_CLUSTER_011,confident,71.3,provisional_existing_listing_not_independent_domain,UNKNOWN,UNKNOWN,UNKNOWN,UNKNOWN,UNKNOWN,LOCAL_8b04208d016e|LOCAL_4431c47c859d|LOCAL_03b4345dbe87
sarn_heinzenberg,Sarn - Heinzenberg,Sarn Sarn - Heinzenberg,46.722506,9.395306,Grisons,https://www.bergfex.ch/sarn-heizenberg/,2075,20,4,SKI_CLUSTER_060,confident,73.6,provisional_existing_listing_not_independent_domain,UNKNOWN,UNKNOWN,UNKNOWN,UNKNOWN,UNKNOWN,LOCAL_8b04208d016e|LOCAL_4431c47c859d|LOCAL_03b4345dbe87
savognin,Savognin,Savognin Savognin,46.587300,9.555016,Grisons,https://www.bergfex.ch/savognin/,2713,80,12,SKI_CLUSTER_043,confident,33.5,provisional_existing_listing_not_independent_domain,UNKNOWN,UNKNOWN,UNKNOWN,UNKNOWN,UNKNOWN,LOCAL_8b04208d016e|LOCAL_4431c47c859d|LOCAL_03b4345dbe87
schatzalp_davos_schatzalp_strela,Schatzalp Davos Schatzalp - Strela,Schatzalp Davos Schatzalp - Strela,46.801235,9.814396,Grisons,https://www.bergfex.ch/schatzalp/,2353,9.7,4,SKI_CLUSTER_006,confident,81.5,provisional_existing_listing_not_independent_domain,UNKNOWN,UNKNOWN,UNKNOWN,UNKNOWN,UNKNOWN,LOCAL_8b04208d016e|LOCAL_4431c47c859d|LOCAL_03b4345dbe87
splugen_rheinwald,Splügen Rheinwald,Splügen Splügen / Rheinwald,46.530701,9.314003,Grisons,https://www.bergfex.ch/spluegen-rheinwald/,2215,30,4,SKI_CLUSTER_084,confident,2.2,provisional_existing_listing_not_independent_domain,UNKNOWN,UNKNOWN,UNKNOWN,UNKNOWN,UNKNOWN,LOCAL_8b04208d016e|LOCAL_4431c47c859d|LOCAL_03b4345dbe87
survih_samedan,Survih - Samedan,Survih Survih - Samedan,46.528848,9.862564,Grisons,https://www.bergfex.ch/survih-samedan/,1925,1.5,1,SKI_CLUSTER_022,confident,604.2,provisional_existing_listing_not_independent_domain,UNKNOWN,UNKNOWN,UNKNOWN,UNKNOWN,UNKNOWN,LOCAL_8b04208d016e|LOCAL_4431c47c859d|LOCAL_03b4345dbe87
tenna,Tenna,Tenna Tenna,46.751383,9.341305,Grisons,https://www.bergfex.ch/tenna/,1780,4.5,1,SKI_CLUSTER_060,confident,11.3,provisional_existing_listing_not_independent_domain,UNKNOWN,UNKNOWN,UNKNOWN,UNKNOWN,UNKNOWN,LOCAL_8b04208d016e|LOCAL_4431c47c859d|LOCAL_03b4345dbe87
tschappina_tschappina_urmein_heinzenberg,Tschappina Tschappina - Urmein - Heinzenberg,Tschappina Tschappina-Urmein-Heinzenberg,46.694844,9.362669,Grisons,https://www.bergfex.ch/tschappina-urmein-heinzenberg/,2180,25,8,SKI_CLUSTER_060,confident,300.9,provisional_existing_listing_not_independent_domain,UNKNOWN,UNKNOWN,UNKNOWN,UNKNOWN,UNKNOWN,LOCAL_8b04208d016e|LOCAL_4431c47c859d|LOCAL_03b4345dbe87
tschiertschen,Tschiertschen,Tschiertschen Tschiertschen,46.803827,9.589434,Grisons,https://www.bergfex.ch/tschiertschen/,2400,32,6,SKI_CLUSTER_098,confident,164.5,provisional_existing_listing_not_independent_domain,UNKNOWN,UNKNOWN,UNKNOWN,UNKNOWN,UNKNOWN,LOCAL_8b04208d016e|LOCAL_4431c47c859d|LOCAL_03b4345dbe87
vals,Vals,Vals Vals,46.605229,9.144316,Grisons,https://www.bergfex.ch/vals/,3000,25,5,SKI_CLUSTER_097,confident,31.6,provisional_existing_listing_not_independent_domain,UNKNOWN,UNKNOWN,UNKNOWN,UNKNOWN,UNKNOWN,LOCAL_8b04208d016e|LOCAL_4431c47c859d|LOCAL_03b4345dbe87
valtgeva_druni_kidsarena_sedrun,Valtgeva Druni KidsArena Sedrun,Valtgeva Valtgeva / Druni KidsArena Sedrun,46.681679,8.766299,Grisons,https://www.bergfex.ch/valtgeva-druni-kids-arena-sedrun/,1550,2,3,SKI_CLUSTER_017,confident,121.7,provisional_existing_listing_not_independent_domain,UNKNOWN,UNKNOWN,UNKNOWN,UNKNOWN,UNKNOWN,LOCAL_8b04208d016e|LOCAL_4431c47c859d|LOCAL_03b4345dbe87
zuoz,Zuoz,Zuoz Zuoz,46.611125,9.949408,Grisons,https://www.bergfex.ch/zuoz/,2340,32,5,SKI_CLUSTER_087,confident,58.2,provisional_existing_listing_not_independent_domain,UNKNOWN,UNKNOWN,UNKNOWN,UNKNOWN,UNKNOWN,LOCAL_8b04208d016e|LOCAL_4431c47c859d|LOCAL_03b4345dbe87
brot_plamboz,Brot - Plamboz,Brot-Plamboz Brot-Plamboz,46.971794,6.742194,Jura & Trois-Lacs,https://www.bergfex.ch/brot-plamboz/,1272,0.3,1,SKI_CLUSTER_157,warning,6260.7,provisional_existing_listing_not_independent_domain,UNKNOWN,UNKNOWN,UNKNOWN,UNKNOWN,UNKNOWN,LOCAL_8b04208d016e|LOCAL_4431c47c859d|LOCAL_03b4345dbe87
chapeau_rable_la_chaux_de_fonds,Chapeau Rablé La Chaux - de - Fonds,Chapeau Rablé Chapeau Rablé / La Chaux-de-Fonds,47.099517,6.803112,Jura & Trois-Lacs,https://www.bergfex.ch/la-chaux-de-fonds/,1250,3,1,SKI_CLUSTER_159,confident,27.4,provisional_existing_listing_not_independent_domain,UNKNOWN,UNKNOWN,UNKNOWN,UNKNOWN,UNKNOWN,LOCAL_8b04208d016e|LOCAL_4431c47c859d|LOCAL_03b4345dbe87
cret_meuron,Crêt - Meuron,Crêt-Meuron Crêt-Meuron,47.067509,6.859999,Jura & Trois-Lacs,https://www.bergfex.ch/cret-meuron/,1350,2,1,SKI_CLUSTER_126,confident,422.5,provisional_existing_listing_not_independent_domain,UNKNOWN,UNKNOWN,UNKNOWN,UNKNOWN,UNKNOWN,LOCAL_8b04208d016e|LOCAL_4431c47c859d|LOCAL_03b4345dbe87
cote_aux_fees_la_cote_aux_fees,Côte - aux - Fées La Côte - aux - Fées,Côte-aux-Fées La Côte-aux-Fées,46.865496,6.499678,Jura & Trois-Lacs,https://www.bergfex.ch/la-cote-aux-fees/,1150,2,1,SKI_CLUSTER_156,confident,6.6,provisional_existing_listing_not_independent_domain,UNKNOWN,UNKNOWN,UNKNOWN,UNKNOWN,UNKNOWN,LOCAL_8b04208d016e|LOCAL_4431c47c859d|LOCAL_03b4345dbe87
la_brevine,La Brévine,La Brévine La Brévine,46.978921,6.604262,Jura & Trois-Lacs,https://www.bergfex.ch/la-brevine/,1308,0.8,1,SKI_CLUSTER_102,review,11064.6,provisional_existing_listing_not_independent_domain,UNKNOWN,UNKNOWN,UNKNOWN,UNKNOWN,UNKNOWN,LOCAL_8b04208d016e|LOCAL_4431c47c859d|LOCAL_03b4345dbe87
la_corbatiere_la_roche_des_crocs,La Corbatière - La Roche - des - Crocs,La Corbatière La Corbatière - La Roche-des-Crocs,47.069157,6.842594,Jura & Trois-Lacs,https://www.bergfex.ch/la-corbatiere/,1350,4.5,3,SKI_CLUSTER_126,confident,9.2,provisional_existing_listing_not_independent_domain,UNKNOWN,UNKNOWN,UNKNOWN,UNKNOWN,UNKNOWN,LOCAL_8b04208d016e|LOCAL_4431c47c859d|LOCAL_03b4345dbe87
la_robella,La Robella,La Robella La Robella,46.874891,6.548667,Jura & Trois-Lacs,https://www.bergfex.ch/la-robella/,1457,20,4,SKI_CLUSTER_102,confident,104.3,provisional_existing_listing_not_independent_domain,UNKNOWN,UNKNOWN,UNKNOWN,UNKNOWN,UNKNOWN,LOCAL_8b04208d016e|LOCAL_4431c47c859d|LOCAL_03b4345dbe87
le_chaluet,Le Chaluet,Le Chaluet Le Chaluet,47.243110,7.388745,Jura & Trois-Lacs,https://www.bergfex.ch/le-chaluet/,740,0.2,1,SKI_CLUSTER_133,confident,2055.4,provisional_existing_listing_not_independent_domain,UNKNOWN,UNKNOWN,UNKNOWN,UNKNOWN,UNKNOWN,LOCAL_8b04208d016e|LOCAL_4431c47c859d|LOCAL_03b4345dbe87
le_paquier_cret_du_puy,Le Pâquier Crêt - du - Puy,Le Pâquier Le Pâquier / Crêt-du-Puy,47.091784,6.987315,Jura & Trois-Lacs,https://www.bergfex.ch/le-paquier/,1260,10,3,SKI_CLUSTER_042,confident,6.9,provisional_existing_listing_not_independent_domain,UNKNOWN,UNKNOWN,UNKNOWN,UNKNOWN,UNKNOWN,LOCAL_8b04208d016e|LOCAL_4431c47c859d|LOCAL_03b4345dbe87
les_breuleux,Les Breuleux,Les Breuleux Les Breuleux,47.194437,7.015157,Jura & Trois-Lacs,https://www.bergfex.ch/les-breuleux/,1250,10,2,SKI_CLUSTER_162,confident,28.3,provisional_existing_listing_not_independent_domain,UNKNOWN,UNKNOWN,UNKNOWN,UNKNOWN,UNKNOWN,LOCAL_8b04208d016e|LOCAL_4431c47c859d|LOCAL_03b4345dbe87
les_bugnenets_savagnieres,Les Bugnenets - Savagnières,Les Bugnenets Les Bugnenets - Savagnières,47.124286,7.018976,Jura & Trois-Lacs,https://www.bergfex.ch/bugnenets-savagnieres/,1440,30,8,SKI_CLUSTER_042,confident,139.7,provisional_existing_listing_not_independent_domain,UNKNOWN,UNKNOWN,UNKNOWN,UNKNOWN,UNKNOWN,LOCAL_8b04208d016e|LOCAL_4431c47c859d|LOCAL_03b4345dbe87
les_genevez,Les Genevez,Les Genevez Les Genevez,47.248737,7.136436,Jura & Trois-Lacs,https://www.bergfex.ch/les-genevez/,1147,4,2,SKI_CLUSTER_168,confident,35.3,provisional_existing_listing_not_independent_domain,UNKNOWN,UNKNOWN,UNKNOWN,UNKNOWN,UNKNOWN,LOCAL_8b04208d016e|LOCAL_4431c47c859d|LOCAL_03b4345dbe87
les_loges,Les Loges,Les Loges Les Loges,47.070038,6.871577,Jura & Trois-Lacs,https://www.bergfex.ch/les-loges/,1260,1,2,SKI_CLUSTER_126,confident,1319.7,provisional_existing_listing_not_independent_domain,UNKNOWN,UNKNOWN,UNKNOWN,UNKNOWN,UNKNOWN,LOCAL_8b04208d016e|LOCAL_4431c47c859d|LOCAL_03b4345dbe87
les_verrieres,Les Verrières,Les Verrières Les Verrières,46.899539,6.477439,Jura & Trois-Lacs,https://www.bergfex.ch/les-verrieres/,1000,1,2,SKI_CLUSTER_155,confident,0.1,provisional_existing_listing_not_independent_domain,UNKNOWN,UNKNOWN,UNKNOWN,UNKNOWN,UNKNOWN,LOCAL_8b04208d016e|LOCAL_4431c47c859d|LOCAL_03b4345dbe87
nods_chasseral,Nods - Chasseral,Nods-Chasseral Nods-Chasseral,47.118433,7.076930,Jura & Trois-Lacs,https://www.bergfex.ch/nods-chasseral/,1025,2,3,SKI_CLUSTER_166,confident,6.6,provisional_existing_listing_not_independent_domain,UNKNOWN,UNKNOWN,UNKNOWN,UNKNOWN,UNKNOWN,LOCAL_8b04208d016e|LOCAL_4431c47c859d|LOCAL_03b4345dbe87
pres_d_orvin_les_pres_d_orvin,Prés - d'Orvin Les Prés - d'Orvin,Prés-d'Orvin Les Prés-d'Orvin,47.145226,7.170349,Jura & Trois-Lacs,https://www.bergfex.ch/les-pres-d-orvin/,1230,5,6,SKI_CLUSTER_130,confident,40.5,provisional_existing_listing_not_independent_domain,UNKNOWN,UNKNOWN,UNKNOWN,UNKNOWN,UNKNOWN,LOCAL_8b04208d016e|LOCAL_4431c47c859d|LOCAL_03b4345dbe87
saint_imier_mont_soleil,Saint - Imier - Mont Soleil,Saint-Imier Saint-Imier - Mont Soleil,47.154704,6.994514,Jura & Trois-Lacs,https://www.bergfex.ch/saint-imier-mont-soleil/,1460,0.3,7,SKI_CLUSTER_161,warning,78.8,provisional_existing_listing_not_independent_domain,UNKNOWN,UNKNOWN,UNKNOWN,UNKNOWN,UNKNOWN,LOCAL_8b04208d016e|LOCAL_4431c47c859d|LOCAL_03b4345dbe87
sommartel_le_locle,Sommartel Le Locle,Sommartel Sommartel / Le Locle,47.033046,6.745563,Jura & Trois-Lacs,https://www.bergfex.ch/sommartel-le-locle/,1301,7,2,SKI_CLUSTER_157,confident,24.3,provisional_existing_listing_not_independent_domain,UNKNOWN,UNKNOWN,UNKNOWN,UNKNOWN,UNKNOWN,LOCAL_8b04208d016e|LOCAL_4431c47c859d|LOCAL_03b4345dbe87
sous_le_mont,Sous le Mont,Sous le Mont Sous le Mont,47.216310,7.217651,Jura & Trois-Lacs,https://www.bergfex.ch/sous-le-mont/,920,0.4,1,SKI_CLUSTER_170,confident,27.9,provisional_existing_listing_not_independent_domain,UNKNOWN,UNKNOWN,UNKNOWN,UNKNOWN,UNKNOWN,LOCAL_8b04208d016e|LOCAL_4431c47c859d|LOCAL_03b4345dbe87
tramelan,Tramelan,Tramelan Tramelan,47.209540,7.085334,Jura & Trois-Lacs,https://www.bergfex.ch/tramelan/,1200,14,2,SKI_CLUSTER_128,confident,80.3,provisional_existing_listing_not_independent_domain,UNKNOWN,UNKNOWN,UNKNOWN,UNKNOWN,UNKNOWN,LOCAL_8b04208d016e|LOCAL_4431c47c859d|LOCAL_03b4345dbe87
attinghausen_brusti_attinghausen,Attinghausen Brüsti - Attinghausen,Attinghausen Brüsti-Attinghausen,46.857234,8.622749,Lucerne - Lac des Quatre-Cantons,https://www.bergfex.ch/bruesti-attinghausen/,1593,0.5,3,SKI_CLUSTER_021,confident,4.7,provisional_existing_listing_not_independent_domain,UNKNOWN,UNKNOWN,UNKNOWN,UNKNOWN,UNKNOWN,LOCAL_8b04208d016e|LOCAL_4431c47c859d|LOCAL_03b4345dbe87
bennau_einsiedeln,Bennau Einsiedeln,Bennau Bennau / Einsiedeln,47.143675,8.731658,Lucerne - Lac des Quatre-Cantons,https://www.bergfex.ch/bennau-einsiedeln/,1020,NA,NA,SKI_CLUSTER_079,confident,4.4,provisional_existing_listing_not_independent_domain,UNKNOWN,UNKNOWN,UNKNOWN,UNKNOWN,UNKNOWN,LOCAL_8b04208d016e|LOCAL_4431c47c859d|LOCAL_03b4345dbe87
biel_kinzig,Biel - Kinzig,Biel-Kinzig Biel-Kinzig,46.901693,8.710227,Lucerne - Lac des Quatre-Cantons,https://www.bergfex.ch/biel-kinzig/,1930,7,5,SKI_CLUSTER_021,confident,177.8,provisional_existing_listing_not_independent_domain,UNKNOWN,UNKNOWN,UNKNOWN,UNKNOWN,UNKNOWN,LOCAL_8b04208d016e|LOCAL_4431c47c859d|LOCAL_03b4345dbe87
brunni_haggenegg,Brunni - Haggenegg,Brunni Brunni - Haggenegg,47.041001,8.705914,Lucerne - Lac des Quatre-Cantons,https://www.bergfex.ch/brunni/,1500,8,3,SKI_CLUSTER_013,confident,33.8,provisional_existing_listing_not_independent_domain,UNKNOWN,UNKNOWN,UNKNOWN,UNKNOWN,UNKNOWN,LOCAL_8b04208d016e|LOCAL_4431c47c859d|LOCAL_03b4345dbe87
brunni_brunni_bahnen_engelberg,Brunni Brunni - Bahnen Engelberg,Brunni Brunni-Bahnen Engelberg,46.831895,8.409519,Lucerne - Lac des Quatre-Cantons,https://www.bergfex.ch/brunni-engelberg/,2080,9.1,7,SKI_CLUSTER_003,confident,145.0,provisional_existing_listing_not_independent_domain,UNKNOWN,UNKNOWN,UNKNOWN,UNKNOWN,UNKNOWN,LOCAL_8b04208d016e|LOCAL_4431c47c859d|LOCAL_03b4345dbe87
brunni_skilift_brunni,Brunni Skilift Brunni,Brunni Skilift Brunni,47.031408,8.699369,Lucerne - Lac des Quatre-Cantons,https://www.bergfex.ch/brunni-alpthal/,1200,2,2,SKI_CLUSTER_013,confident,7.0,provisional_existing_listing_not_independent_domain,UNKNOWN,UNKNOWN,UNKNOWN,UNKNOWN,UNKNOWN,LOCAL_8b04208d016e|LOCAL_4431c47c859d|LOCAL_03b4345dbe87
dallenwil_wirzweli,Dallenwil - Wirzweli,Dallenwil Dallenwil - Wirzweli,46.914393,8.363085,Lucerne - Lac des Quatre-Cantons,https://www.bergfex.ch/dallenwil/,1600,2,4,SKI_CLUSTER_003,confident,314.5,provisional_existing_listing_not_independent_domain,UNKNOWN,UNKNOWN,UNKNOWN,UNKNOWN,UNKNOWN,LOCAL_8b04208d016e|LOCAL_4431c47c859d|LOCAL_03b4345dbe87
engelberg_titlis,Engelberg Titlis,Engelberg Engelberg Titlis,46.787191,8.410892,Lucerne - Lac des Quatre-Cantons,https://www.bergfex.ch/engelberg/,3028,82,24,SKI_CLUSTER_003,confident,81.9,provisional_existing_listing_not_independent_domain,UNKNOWN,UNKNOWN,UNKNOWN,UNKNOWN,UNKNOWN,LOCAL_8b04208d016e|LOCAL_4431c47c859d|LOCAL_03b4345dbe87
fluelen_eggberge_fluelen,Flüelen Eggberge / Flüelen,Flüelen Eggberge / Flüelen,46.902848,8.651910,Lucerne - Lac des Quatre-Cantons,https://www.bergfex.ch/eggberge/,1700,8,2,SKI_CLUSTER_021,confident,21.3,provisional_existing_listing_not_independent_domain,UNKNOWN,UNKNOWN,UNKNOWN,UNKNOWN,UNKNOWN,LOCAL_8b04208d016e|LOCAL_4431c47c859d|LOCAL_03b4345dbe87
friherrenberg_einsiedeln,Friherrenberg Einsiedeln,Friherrenberg Friherrenberg / Einsiedeln,47.127330,8.761940,Lucerne - Lac des Quatre-Cantons,https://www.bergfex.ch/friherrenberg-einsiedeln/,1115,2,3,SKI_CLUSTER_079,confident,4.7,provisional_existing_listing_not_independent_domain,UNKNOWN,UNKNOWN,UNKNOWN,UNKNOWN,UNKNOWN,LOCAL_8b04208d016e|LOCAL_4431c47c859d|LOCAL_03b4345dbe87
gemsstock_andermatt_gemsstock,Gemsstock Andermatt - Gemsstock,Gemsstock Andermatt - Gemsstock,46.612422,8.605814,Lucerne - Lac des Quatre-Cantons,https://www.bergfex.ch/andermatt-gemsstock/,2961,31,4,SKI_CLUSTER_017,confident,159.8,provisional_existing_listing_not_independent_domain,UNKNOWN,UNKNOWN,UNKNOWN,UNKNOWN,UNKNOWN,LOCAL_8b04208d016e|LOCAL_4431c47c859d|LOCAL_03b4345dbe87
gfellen_entlebuch_finsterwald,Gfellen Entlebuch - Finsterwald,Gfellen Gfellen / Entlebuch-Finsterwald,46.956442,8.127464,Lucerne - Lac des Quatre-Cantons,https://www.bergfex.ch/gfellen-entlebuch-finsterwald/,1250,4.5,2,SKI_CLUSTER_193,confident,20.2,provisional_existing_listing_not_independent_domain,UNKNOWN,UNKNOWN,UNKNOWN,UNKNOWN,UNKNOWN,LOCAL_8b04208d016e|LOCAL_4431c47c859d|LOCAL_03b4345dbe87
gitschenen_skilift_gitschenen,Gitschenen Skilift Gitschenen,Gitschenen Skilift Gitschenen,46.900566,8.502581,Lucerne - Lac des Quatre-Cantons,https://www.bergfex.ch/gitschenen/,1580,5,2,SKI_CLUSTER_003,confident,9.9,provisional_existing_listing_not_independent_domain,UNKNOWN,UNKNOWN,UNKNOWN,UNKNOWN,UNKNOWN,LOCAL_8b04208d016e|LOCAL_4431c47c859d|LOCAL_03b4345dbe87
hoch_ybrig,Hoch - Ybrig,Hoch-Ybrig Hoch-Ybrig,47.011221,8.784342,Lucerne - Lac des Quatre-Cantons,https://www.bergfex.ch/ybrig/,1820,50,14,SKI_CLUSTER_013,confident,63.0,provisional_existing_listing_not_independent_domain,UNKNOWN,UNKNOWN,UNKNOWN,UNKNOWN,UNKNOWN,LOCAL_8b04208d016e|LOCAL_4431c47c859d|LOCAL_03b4345dbe87
hochstuckli_sattel_hochstuckli,Hochstuckli Sattel Hochstuckli,Hochstuckli Sattel Hochstuckli,47.064568,8.653793,Lucerne - Lac des Quatre-Cantons,https://www.bergfex.ch/sattel-hochstuckli/,1600,6.5,4,SKI_CLUSTER_013,confident,172.6,provisional_existing_listing_not_independent_domain,UNKNOWN,UNKNOWN,UNKNOWN,UNKNOWN,UNKNOWN,LOCAL_8b04208d016e|LOCAL_4431c47c859d|LOCAL_03b4345dbe87
ibergeregg_skilifte_ibergeregg,Ibergeregg Skilifte Ibergeregg,Ibergeregg Skilifte Ibergeregg,47.022003,8.728863,Lucerne - Lac des Quatre-Cantons,https://www.bergfex.ch/ibergeregg/,1600,10,2,SKI_CLUSTER_013,confident,100.4,provisional_existing_listing_not_independent_domain,UNKNOWN,UNKNOWN,UNKNOWN,UNKNOWN,UNKNOWN,LOCAL_8b04208d016e|LOCAL_4431c47c859d|LOCAL_03b4345dbe87
kellerberg_skilift_kellerberg_haldi,Kellerberg Skilift Kellerberg / Haldi,Kellerberg Skilift Kellerberg / Haldi,46.853117,8.688415,Lucerne - Lac des Quatre-Cantons,https://www.bergfex.ch/kellerberg-haldi/,1390,0.7,2,SKI_CLUSTER_021,confident,14.5,provisional_existing_listing_not_independent_domain,UNKNOWN,UNKNOWN,UNKNOWN,UNKNOWN,UNKNOWN,LOCAL_8b04208d016e|LOCAL_4431c47c859d|LOCAL_03b4345dbe87
klewenalp_stockhutte,Klewenalp - Stockhütte,Klewenalp Klewenalp - Stockhütte,46.939305,8.479385,Lucerne - Lac des Quatre-Cantons,https://www.bergfex.ch/klewenalp/,2001,40,14,SKI_CLUSTER_003,confident,35.2,provisional_existing_listing_not_independent_domain,UNKNOWN,UNKNOWN,UNKNOWN,UNKNOWN,UNKNOWN,LOCAL_8b04208d016e|LOCAL_4431c47c859d|LOCAL_03b4345dbe87
langis_glaubenberg,Langis Glaubenberg,Langis Langis Glaubenberg,46.895185,8.118768,Lucerne - Lac des Quatre-Cantons,https://www.bergfex.ch/langis-glaubenberg/,1600,0.6,1,SKI_CLUSTER_191,confident,316.2,provisional_existing_listing_not_independent_domain,UNKNOWN,UNKNOWN,UNKNOWN,UNKNOWN,UNKNOWN,LOCAL_8b04208d016e|LOCAL_4431c47c859d|LOCAL_03b4345dbe87
lungern_turren_lungern_schonbuel,Lungern - Turren Lungern - Schönbüel,Lungern-Turren Lungern - Schönbüel,46.788748,8.129403,Lucerne - Lac des Quatre-Cantons,https://www.bergfex.ch/lungern/,2011,NA,1,SKI_CLUSTER_194,confident,69.2,provisional_existing_listing_not_independent_domain,UNKNOWN,UNKNOWN,UNKNOWN,UNKNOWN,UNKNOWN,LOCAL_8b04208d016e|LOCAL_4431c47c859d|LOCAL_03b4345dbe87
marchbachegg_marbach_marbachegg,Marchbachegg Marbach - Marbachegg,Marchbachegg Marbach - Marbachegg,46.840233,7.899685,Lucerne - Lac des Quatre-Cantons,https://www.bergfex.ch/marbachegg/,1500,10,5,SKI_CLUSTER_074,confident,193.1,provisional_existing_listing_not_independent_domain,UNKNOWN,UNKNOWN,UNKNOWN,UNKNOWN,UNKNOWN,LOCAL_8b04208d016e|LOCAL_4431c47c859d|LOCAL_03b4345dbe87
melchsee_frutt,Melchsee - Frutt,Melchsee Melchsee - Frutt,46.775788,8.278284,Lucerne - Lac des Quatre-Cantons,https://www.bergfex.ch/melchsee-frutt/,2255,36,16,SKI_CLUSTER_024,confident,507.7,provisional_existing_listing_not_independent_domain,UNKNOWN,UNKNOWN,UNKNOWN,UNKNOWN,UNKNOWN,LOCAL_8b04208d016e|LOCAL_4431c47c859d|LOCAL_03b4345dbe87
mythenregion,Mythenregion,Mythenregion Mythenregion,47.022968,8.710206,Lucerne - Lac des Quatre-Cantons,https://www.bergfex.ch/mythenregion/,1898,50,17,SKI_CLUSTER_013,confident,178.7,provisional_existing_listing_not_independent_domain,UNKNOWN,UNKNOWN,UNKNOWN,UNKNOWN,UNKNOWN,LOCAL_8b04208d016e|LOCAL_4431c47c859d|LOCAL_03b4345dbe87
morlialp,Mörlialp,Mörlialp Mörlialp,46.824379,8.108318,Lucerne - Lac des Quatre-Cantons,https://www.bergfex.ch/moerlialp/,1850,14,6,SKI_CLUSTER_075,confident,1.9,provisional_existing_listing_not_independent_domain,UNKNOWN,UNKNOWN,UNKNOWN,UNKNOWN,UNKNOWN,LOCAL_8b04208d016e|LOCAL_4431c47c859d|LOCAL_03b4345dbe87
neusell,Neusell,Neusell Neusell,47.091978,8.673921,Lucerne - Lac des Quatre-Cantons,https://www.bergfex.ch/neusell/,1330,10,3,SKI_CLUSTER_013,confident,4.8,provisional_existing_listing_not_independent_domain,UNKNOWN,UNKNOWN,UNKNOWN,UNKNOWN,UNKNOWN,LOCAL_8b04208d016e|LOCAL_4431c47c859d|LOCAL_03b4345dbe87
nollen_unterageri,Nollen - Unterägeri,Nollen Nollen - Unterägeri,47.125504,8.557481,Lucerne - Lac des Quatre-Cantons,https://www.bergfex.ch/nollen-unteraegeri/,1050,2,2,SKI_CLUSTER_141,confident,97.1,provisional_existing_listing_not_independent_domain,UNKNOWN,UNKNOWN,UNKNOWN,UNKNOWN,UNKNOWN,LOCAL_8b04208d016e|LOCAL_4431c47c859d|LOCAL_03b4345dbe87
oberiberg,Oberiberg,Oberiberg Oberiberg,47.038439,8.782257,Lucerne - Lac des Quatre-Cantons,https://www.bergfex.ch/oberiberg/,1350,3,2,SKI_CLUSTER_013,confident,31.6,provisional_existing_listing_not_independent_domain,UNKNOWN,UNKNOWN,UNKNOWN,UNKNOWN,UNKNOWN,LOCAL_8b04208d016e|LOCAL_4431c47c859d|LOCAL_03b4345dbe87
ratzi_spiringen,Ratzi Spiringen,Ratzi Ratzi / Spiringen,46.887880,8.731985,Lucerne - Lac des Quatre-Cantons,https://www.bergfex.ch/ratzi/,1840,5.4,2,SKI_CLUSTER_021,confident,20.7,provisional_existing_listing_not_independent_domain,UNKNOWN,UNKNOWN,UNKNOWN,UNKNOWN,UNKNOWN,LOCAL_8b04208d016e|LOCAL_4431c47c859d|LOCAL_03b4345dbe87
realp,Realp,Realp Realp,46.602162,8.497581,Lucerne - Lac des Quatre-Cantons,https://www.bergfex.ch/realp/,1680,1,1,SKI_CLUSTER_202,confident,385.2,provisional_existing_listing_not_independent_domain,UNKNOWN,UNKNOWN,UNKNOWN,UNKNOWN,UNKNOWN,LOCAL_8b04208d016e|LOCAL_4431c47c859d|LOCAL_03b4345dbe87
rigi,Rigi,Rigi Rigi,47.044393,8.499298,Lucerne - Lac des Quatre-Cantons,https://www.bergfex.ch/rigi/,1800,9,8,SKI_CLUSTER_040,confident,1189.5,provisional_existing_listing_not_independent_domain,UNKNOWN,UNKNOWN,UNKNOWN,UNKNOWN,UNKNOWN,LOCAL_8b04208d016e|LOCAL_4431c47c859d|LOCAL_03b4345dbe87
sattelegg_einsiedeln,Sattelegg Einsiedeln,Sattelegg Sattelegg / Einsiedeln,47.125487,8.848490,Lucerne - Lac des Quatre-Cantons,https://www.bergfex.ch/sattelegg/,1300,1,1,SKI_CLUSTER_144,confident,20.0,provisional_existing_listing_not_independent_domain,UNKNOWN,UNKNOWN,UNKNOWN,UNKNOWN,UNKNOWN,LOCAL_8b04208d016e|LOCAL_4431c47c859d|LOCAL_03b4345dbe87
schnabelsberg_einsiedeln,Schnabelsberg Einsiedeln,Schnabelsberg Schnabelsberg / Einsiedeln,47.141387,8.738143,Lucerne - Lac des Quatre-Cantons,https://www.bergfex.ch/schnabelsberg-einsiedeln/,1020,0.3,1,SKI_CLUSTER_079,confident,17.0,provisional_existing_listing_not_independent_domain,UNKNOWN,UNKNOWN,UNKNOWN,UNKNOWN,UNKNOWN,LOCAL_8b04208d016e|LOCAL_4431c47c859d|LOCAL_03b4345dbe87
schratten_fluhli,Schratten Flühli,Schratten Flühli Schratten Flühli,46.873193,8.007549,Lucerne - Lac des Quatre-Cantons,https://www.bergfex.ch/schratten-fluehli/,1235,3,NA,SKI_CLUSTER_190,confident,35.6,provisional_existing_listing_not_independent_domain,UNKNOWN,UNKNOWN,UNKNOWN,UNKNOWN,UNKNOWN,LOCAL_8b04208d016e|LOCAL_4431c47c859d|LOCAL_03b4345dbe87
seebodenalp_kussnacht_am_rigi,Seebodenalp - Küssnacht am Rigi,Seebodenalp Seebodenalp - Küssnacht am Rigi,47.068470,8.468099,Lucerne - Lac des Quatre-Cantons,https://www.bergfex.ch/kuessnacht-rigi-seebodenalp/,1225,5,3,SKI_CLUSTER_040,confident,197.7,provisional_existing_listing_not_independent_domain,UNKNOWN,UNKNOWN,UNKNOWN,UNKNOWN,UNKNOWN,LOCAL_8b04208d016e|LOCAL_4431c47c859d|LOCAL_03b4345dbe87
stoos,Stoos,Stoos Stoos,46.977851,8.658514,Lucerne - Lac des Quatre-Cantons,https://www.bergfex.ch/stoos/,1935,35,12,SKI_CLUSTER_013,confident,29.7,provisional_existing_listing_not_independent_domain,UNKNOWN,UNKNOWN,UNKNOWN,UNKNOWN,UNKNOWN,LOCAL_8b04208d016e|LOCAL_4431c47c859d|LOCAL_03b4345dbe87
sorenberg,Sörenberg,Sörenberg Sörenberg,46.809812,8.030405,Lucerne - Lac des Quatre-Cantons,https://www.bergfex.ch/soerenberg/,2350,43,16,SKI_CLUSTER_031,confident,31.5,provisional_existing_listing_not_independent_domain,UNKNOWN,UNKNOWN,UNKNOWN,UNKNOWN,UNKNOWN,LOCAL_8b04208d016e|LOCAL_4431c47c859d|LOCAL_03b4345dbe87
wagital_vorderthal,Wägital - Vorderthal,Wägital Wägital - Vorderthal,47.124317,8.893122,Lucerne - Lac des Quatre-Cantons,https://www.bergfex.ch/waegital-vorderthal/,1260,3,1,SKI_CLUSTER_144,confident,19.6,provisional_existing_listing_not_independent_domain,UNKNOWN,UNKNOWN,UNKNOWN,UNKNOWN,UNKNOWN,LOCAL_8b04208d016e|LOCAL_4431c47c859d|LOCAL_03b4345dbe87
adelboden,Adelboden,Adelboden Adelboden,46.493616,7.556920,Oberland bernois,https://www.bergfex.ch/adelboden/,2362,210,70,SKI_CLUSTER_014,confident,30.8,provisional_existing_listing_not_independent_domain,UNKNOWN,UNKNOWN,UNKNOWN,UNKNOWN,UNKNOWN,LOCAL_8b04208d016e|LOCAL_4431c47c859d|LOCAL_03b4345dbe87
aeschi,Aeschi,Aeschi Aeschi,46.646991,7.727723,Oberland bernois,https://www.bergfex.ch/aeschi/,1400,12,4,SKI_CLUSTER_110,confident,394.2,provisional_existing_listing_not_independent_domain,UNKNOWN,UNKNOWN,UNKNOWN,UNKNOWN,UNKNOWN,LOCAL_8b04208d016e|LOCAL_4431c47c859d|LOCAL_03b4345dbe87
axalp_brienz,Axalp Brienz,Axalp Axalp / Brienz,46.712855,8.042511,Oberland bernois,https://www.bergfex.ch/axalp/,2000,15,6,SKI_CLUSTER_095,confident,129.4,provisional_existing_listing_not_independent_domain,UNKNOWN,UNKNOWN,UNKNOWN,UNKNOWN,UNKNOWN,LOCAL_8b04208d016e|LOCAL_4431c47c859d|LOCAL_03b4345dbe87
beatenberg_niederhorn,Beatenberg - Niederhorn,Beatenberg Beatenberg - Niederhorn,46.703379,7.772655,Oberland bernois,https://www.bergfex.ch/beatenberg-niederhorn-hohwald/,1950,22,7,SKI_CLUSTER_046,confident,72.0,provisional_existing_listing_not_independent_domain,UNKNOWN,UNKNOWN,UNKNOWN,UNKNOWN,UNKNOWN,LOCAL_8b04208d016e|LOCAL_4431c47c859d|LOCAL_03b4345dbe87
eggiwil,Eggiwil,Eggiwil Eggiwil,46.891772,7.774790,Oberland bernois,https://www.bergfex.ch/eggiwil/,1000,3,1,SKI_CLUSTER_184,confident,15.3,provisional_existing_listing_not_independent_domain,UNKNOWN,UNKNOWN,UNKNOWN,UNKNOWN,UNKNOWN,LOCAL_8b04208d016e|LOCAL_4431c47c859d|LOCAL_03b4345dbe87
elsigenalp_metschalp_frutigen,Elsigenalp - Metschalp Frutigen,Elsigenalp Elsigenalp - Metschalp Frutigen,46.522139,7.623138,Oberland bernois,https://www.bergfex.ch/elsigen-metsch-frutigen/,2300,29,9,SKI_CLUSTER_053,confident,71.1,provisional_existing_listing_not_independent_domain,UNKNOWN,UNKNOWN,UNKNOWN,UNKNOWN,UNKNOWN,LOCAL_8b04208d016e|LOCAL_4431c47c859d|LOCAL_03b4345dbe87
engstligenalp_adelboden,Engstligenalp - Adelboden,Engstligenalp Engstligenalp - Adelboden,46.437739,7.570224,Oberland bernois,https://www.bergfex.ch/engstligenalp-adelboden/,2373,17,6,SKI_CLUSTER_014,confident,83.4,provisional_existing_listing_not_independent_domain,UNKNOWN,UNKNOWN,UNKNOWN,UNKNOWN,UNKNOWN,LOCAL_8b04208d016e|LOCAL_4431c47c859d|LOCAL_03b4345dbe87
eriz,Eriz,Eriz Eriz,46.781343,7.825141,Oberland bernois,https://www.bergfex.ch/eriz/,1400,6,7,SKI_CLUSTER_138,warning,56.6,provisional_existing_listing_not_independent_domain,UNKNOWN,UNKNOWN,UNKNOWN,UNKNOWN,UNKNOWN,LOCAL_8b04208d016e|LOCAL_4431c47c859d|LOCAL_03b4345dbe87
faltschen_reichenbach_im_kandertal,Faltschen - Reichenbach im Kandertal,Faltschen Faltschen - Reichenbach im Kandertal,46.630739,7.719454,Oberland bernois,https://www.bergfex.ch/faltschen-reichenbach-kandertal/,1360,2.2,2,SKI_CLUSTER_110,confident,29.6,provisional_existing_listing_not_independent_domain,UNKNOWN,UNKNOWN,UNKNOWN,UNKNOWN,UNKNOWN,LOCAL_8b04208d016e|LOCAL_4431c47c859d|LOCAL_03b4345dbe87
gadmen,Gadmen,Gadmen Gadmen,46.738742,8.351020,Oberland bernois,https://www.bergfex.ch/gadmen/,1300,0.5,1,SKI_CLUSTER_198,confident,1.0,provisional_existing_listing_not_independent_domain,UNKNOWN,UNKNOWN,UNKNOWN,UNKNOWN,UNKNOWN,LOCAL_8b04208d016e|LOCAL_4431c47c859d|LOCAL_03b4345dbe87
grimmialp_diemtigtal,Grimmialp Diemtigtal,Grimmialp Grimmialp / Diemtigtal,46.561575,7.481089,Oberland bernois,https://www.bergfex.ch/grimmialp/,1890,10,4,SKI_CLUSTER_107,confident,339.8,provisional_existing_listing_not_independent_domain,UNKNOWN,UNKNOWN,UNKNOWN,UNKNOWN,UNKNOWN,LOCAL_8b04208d016e|LOCAL_4431c47c859d|LOCAL_03b4345dbe87
gstaad,Gstaad,Gstaad Gstaad,46.491597,7.318869,Oberland bernois,https://www.bergfex.ch/gstaad/,3000,200,41,SKI_CLUSTER_016,confident,77.0,provisional_existing_listing_not_independent_domain,UNKNOWN,UNKNOWN,UNKNOWN,UNKNOWN,UNKNOWN,LOCAL_8b04208d016e|LOCAL_4431c47c859d|LOCAL_03b4345dbe87
habkern,Habkern,Habkern Habkern,46.727154,7.863808,Oberland bernois,https://www.bergfex.ch/habkern/,1485,8,2,SKI_CLUSTER_046,confident,555.9,provisional_existing_listing_not_independent_domain,UNKNOWN,UNKNOWN,UNKNOWN,UNKNOWN,UNKNOWN,LOCAL_8b04208d016e|LOCAL_4431c47c859d|LOCAL_03b4345dbe87
heiligenschwendi_hubelweid,Heiligenschwendi - Hubelweid,Heiligenschwendi Heiligenschwendi - Hubelweid,46.751028,7.684973,Oberland bernois,https://www.bergfex.ch/heiligenschwendi/,1150,0.3,1,SKI_CLUSTER_136,confident,1.5,provisional_existing_listing_not_independent_domain,UNKNOWN,UNKNOWN,UNKNOWN,UNKNOWN,UNKNOWN,LOCAL_8b04208d016e|LOCAL_4431c47c859d|LOCAL_03b4345dbe87
jaunpass,Jaunpass,Jaunpass Jaunpass,46.592276,7.338685,Oberland bernois,https://www.bergfex.ch/jaunpass/,1700,20,2,SKI_CLUSTER_132,confident,89.4,provisional_existing_listing_not_independent_domain,UNKNOWN,UNKNOWN,UNKNOWN,UNKNOWN,UNKNOWN,LOCAL_8b04208d016e|LOCAL_4431c47c859d|LOCAL_03b4345dbe87
kiental,Kiental,Kiental Kiental,46.580575,7.710857,Oberland bernois,https://www.bergfex.ch/kiental/,1411,7,2,SKI_CLUSTER_137,confident,4.6,provisional_existing_listing_not_independent_domain,UNKNOWN,UNKNOWN,UNKNOWN,UNKNOWN,UNKNOWN,LOCAL_8b04208d016e|LOCAL_4431c47c859d|LOCAL_03b4345dbe87
lenk,Lenk,Lenk Lenk,46.446255,7.431993,Oberland bernois,https://www.bergfex.ch/lenk/,2362,210,18,SKI_CLUSTER_014,confident,44.9,provisional_existing_listing_not_independent_domain,UNKNOWN,UNKNOWN,UNKNOWN,UNKNOWN,UNKNOWN,LOCAL_8b04208d016e|LOCAL_4431c47c859d|LOCAL_03b4345dbe87
meiringen_hasliberg,Meiringen - Hasliberg,Meiringen Meiringen - Hasliberg,46.747918,8.230219,Oberland bernois,https://www.bergfex.ch/meiringen-hasliberg/,2433,60,16,SKI_CLUSTER_024,confident,53.8,provisional_existing_listing_not_independent_domain,UNKNOWN,UNKNOWN,UNKNOWN,UNKNOWN,UNKNOWN,LOCAL_8b04208d016e|LOCAL_4431c47c859d|LOCAL_03b4345dbe87
riffenmatt,Riffenmatt,Riffenmatt Riffenmatt,46.763250,7.355116,Oberland bernois,https://www.bergfex.ch/riffenmatt/,1140,0.3,1,SKI_CLUSTER_051,confident,2871.1,provisional_existing_listing_not_independent_domain,UNKNOWN,UNKNOWN,UNKNOWN,UNKNOWN,UNKNOWN,LOCAL_8b04208d016e|LOCAL_4431c47c859d|LOCAL_03b4345dbe87
rossberg_oberwil,Rossberg - Oberwil,Rossberg Rossberg - Oberwil,46.639537,7.441950,Oberland bernois,https://www.bergfex.ch/rossberg/,1550,5,2,SKI_CLUSTER_176,confident,312.4,provisional_existing_listing_not_independent_domain,UNKNOWN,UNKNOWN,UNKNOWN,UNKNOWN,UNKNOWN,LOCAL_8b04208d016e|LOCAL_4431c47c859d|LOCAL_03b4345dbe87
schilthorn_jungfrau_ski_region_murren_schilthorn,Schilthorn Jungfrau Ski Region Mürren - Schilthorn,Schilthorn Jungfrau Ski Region Mürren - Schilthorn,46.561752,7.856255,Oberland bernois,https://www.bergfex.ch/muerren-schilthorn/,3000,56,16,SKI_CLUSTER_010,confident,30.7,provisional_existing_listing_not_independent_domain,UNKNOWN,UNKNOWN,UNKNOWN,UNKNOWN,UNKNOWN,LOCAL_8b04208d016e|LOCAL_4431c47c859d|LOCAL_03b4345dbe87
schwanden_sigriswil_thunersee,Schwanden - Sigriswil Thunersee,Schwanden Schwanden - Sigriswil / Thunersee,46.731449,7.744246,Oberland bernois,https://www.bergfex.ch/schwanden-sigriswil/,1440,20,2,SKI_CLUSTER_046,confident,54.9,provisional_existing_listing_not_independent_domain,UNKNOWN,UNKNOWN,UNKNOWN,UNKNOWN,UNKNOWN,LOCAL_8b04208d016e|LOCAL_4431c47c859d|LOCAL_03b4345dbe87
springenboden_diemtigtal,Springenboden Diemtigtal,Springenboden Springenboden / Diemtigtal,46.617905,7.572842,Oberland bernois,https://www.bergfex.ch/springenboden/,1540,6,3,SKI_CLUSTER_063,confident,1.9,provisional_existing_listing_not_independent_domain,UNKNOWN,UNKNOWN,UNKNOWN,UNKNOWN,UNKNOWN,LOCAL_8b04208d016e|LOCAL_4431c47c859d|LOCAL_03b4345dbe87
wengen_jungfrau_ski_region_grindelwald_wengen,Wengen Jungfrau Ski Region Grindelwald - Wengen,Wengen Jungfrau Ski Region Grindelwald - Wengen,46.612658,7.942171,Oberland bernois,https://www.bergfex.ch/jungfrau-grindelwald-wengen/,2500,160,26,SKI_CLUSTER_010,confident,74.8,provisional_existing_listing_not_independent_domain,UNKNOWN,UNKNOWN,UNKNOWN,UNKNOWN,UNKNOWN,LOCAL_8b04208d016e|LOCAL_4431c47c859d|LOCAL_03b4345dbe87
wiriehorn_diemtigtal,Wiriehorn Diemtigtal,Wiriehorn Wiriehorn / Diemtigtal,46.594923,7.530742,Oberland bernois,https://www.bergfex.ch/wiriehorn/,1725,11.2,5,SKI_CLUSTER_063,confident,4.3,provisional_existing_listing_not_independent_domain,UNKNOWN,UNKNOWN,UNKNOWN,UNKNOWN,UNKNOWN,LOCAL_8b04208d016e|LOCAL_4431c47c859d|LOCAL_03b4345dbe87
alpsteinblick_gonten,Alpsteinblick Gonten,Alpsteinblick Alpsteinblick / Gonten,47.317325,9.343958,Suisse orientale,https://www.bergfex.ch/alpsteinblick-gonten/,1190,4,2,SKI_CLUSTER_083,confident,13.1,provisional_existing_listing_not_independent_domain,UNKNOWN,UNKNOWN,UNKNOWN,UNKNOWN,UNKNOWN,LOCAL_8b04208d016e|LOCAL_4431c47c859d|LOCAL_03b4345dbe87
amden,Amden,Amden Amden,47.159431,9.146032,Suisse orientale,https://www.bergfex.ch/amden/,1684,20,6,SKI_CLUSTER_082,confident,19.8,provisional_existing_listing_not_independent_domain,UNKNOWN,UNKNOWN,UNKNOWN,UNKNOWN,UNKNOWN,LOCAL_8b04208d016e|LOCAL_4431c47c859d|LOCAL_03b4345dbe87
atzmannig,Atzmännig,Atzmännig Atzmännig,47.281732,9.003813,Suisse orientale,https://www.bergfex.ch/atzmaennig/,1200,8,5,SKI_CLUSTER_066,confident,23.4,provisional_existing_listing_not_independent_domain,UNKNOWN,UNKNOWN,UNKNOWN,UNKNOWN,UNKNOWN,LOCAL_8b04208d016e|LOCAL_4431c47c859d|LOCAL_03b4345dbe87
bildhaus_am_ricken,Bildhaus am Ricken,Bildhaus Bildhaus am Ricken,47.249310,9.034485,Suisse orientale,https://www.bergfex.ch/bildhaus-ricken/,860,0.6,2,SKI_CLUSTER_216,confident,0.5,provisional_existing_listing_not_independent_domain,UNKNOWN,UNKNOWN,UNKNOWN,UNKNOWN,UNKNOWN,LOCAL_8b04208d016e|LOCAL_4431c47c859d|LOCAL_03b4345dbe87
braunwald,Braunwald,Braunwald Braunwald,46.951258,8.990593,Suisse orientale,https://www.bergfex.ch/braunwald/,1901,30,9,SKI_CLUSTER_047,confident,163.7,provisional_existing_listing_not_independent_domain,UNKNOWN,UNKNOWN,UNKNOWN,UNKNOWN,UNKNOWN,LOCAL_8b04208d016e|LOCAL_4431c47c859d|LOCAL_03b4345dbe87
brulisau_brulisau_leugangen,Brülisau Brülisau - Leugangen,Brülisau Brülisau-Leugangen,47.296306,9.454561,Suisse orientale,https://www.bergfex.ch/bruelisau-leugangen/,1100,2.5,1,SKI_CLUSTER_055,confident,14.7,provisional_existing_listing_not_independent_domain,UNKNOWN,UNKNOWN,UNKNOWN,UNKNOWN,UNKNOWN,LOCAL_8b04208d016e|LOCAL_4431c47c859d|LOCAL_03b4345dbe87
buchserberg_skilift_buchserberg_malbun,Buchserberg Skilift Buchserberg - Malbun,Buchserberg Skilift Buchserberg-Malbun,47.146309,9.430776,Suisse orientale,https://www.bergfex.ch/buchserberg-malbun/,1475,1,1,SKI_CLUSTER_234,confident,18.4,provisional_existing_listing_not_independent_domain,UNKNOWN,UNKNOWN,UNKNOWN,UNKNOWN,UNKNOWN,LOCAL_8b04208d016e|LOCAL_4431c47c859d|LOCAL_03b4345dbe87
degersheim,Degersheim,Degersheim Degersheim,47.368843,9.197000,Suisse orientale,https://www.bergfex.ch/degersheim/,1034,3,3,SKI_CLUSTER_116,confident,105.3,provisional_existing_listing_not_independent_domain,UNKNOWN,UNKNOWN,UNKNOWN,UNKNOWN,UNKNOWN,LOCAL_8b04208d016e|LOCAL_4431c47c859d|LOCAL_03b4345dbe87
ebenalp_horn,Ebenalp - Horn,Ebenalp-Horn Ebenalp-Horn,47.284877,9.413481,Suisse orientale,https://www.bergfex.ch/ebenalp/,1726,10,7,SKI_CLUSTER_055,confident,1.2,provisional_existing_listing_not_independent_domain,UNKNOWN,UNKNOWN,UNKNOWN,UNKNOWN,UNKNOWN,LOCAL_8b04208d016e|LOCAL_4431c47c859d|LOCAL_03b4345dbe87
egg_hallau,Egg Hallau,Egg / Hallau Egg / Hallau,47.699047,8.438873,Suisse orientale,https://www.bergfex.ch/egg-hallau/,560,0.2,1,SKI_CLUSTER_200,review,24812.5,provisional_existing_listing_not_independent_domain,UNKNOWN,UNKNOWN,UNKNOWN,UNKNOWN,UNKNOWN,LOCAL_8b04208d016e|LOCAL_4431c47c859d|LOCAL_03b4345dbe87
elm,Elm,Elm Elm,46.920329,9.156890,Suisse orientale,https://www.bergfex.ch/elm/,2100,40,6,SKI_CLUSTER_081,confident,14.2,provisional_existing_listing_not_independent_domain,UNKNOWN,UNKNOWN,UNKNOWN,UNKNOWN,UNKNOWN,LOCAL_8b04208d016e|LOCAL_4431c47c859d|LOCAL_03b4345dbe87
flumserberg,Flumserberg,Flumserberg Flumserberg,47.078072,9.266882,Suisse orientale,https://www.bergfex.ch/flumserberg/,2222,65,17,SKI_CLUSTER_029,confident,183.9,provisional_existing_listing_not_independent_domain,UNKNOWN,UNKNOWN,UNKNOWN,UNKNOWN,UNKNOWN,LOCAL_8b04208d016e|LOCAL_4431c47c859d|LOCAL_03b4345dbe87
grub_kaien,Grub Kaien,Grub / Kaien Grub / Kaien,47.441069,9.503018,Suisse orientale,https://www.bergfex.ch/grub-kaien/,1065,6,1,SKI_CLUSTER_117,confident,50.4,provisional_existing_listing_not_independent_domain,UNKNOWN,UNKNOWN,UNKNOWN,UNKNOWN,UNKNOWN,LOCAL_8b04208d016e|LOCAL_4431c47c859d|LOCAL_03b4345dbe87
hamberg_gahwil,Hamberg - Gähwil,Hamberg Hamberg - Gähwil,47.395270,9.001708,Suisse orientale,https://www.bergfex.ch/hamberg-gaehwil/,905,0.8,1,SKI_CLUSTER_145,confident,16.0,provisional_existing_listing_not_independent_domain,UNKNOWN,UNKNOWN,UNKNOWN,UNKNOWN,UNKNOWN,LOCAL_8b04208d016e|LOCAL_4431c47c859d|LOCAL_03b4345dbe87
heiden_bischofsberg,Heiden Bischofsberg,Heiden Heiden / Bischofsberg,47.433732,9.533338,Suisse orientale,https://www.bergfex.ch/heiden-bischofsberg/,940,5,1,SKI_CLUSTER_117,confident,9.4,provisional_existing_listing_not_independent_domain,UNKNOWN,UNKNOWN,UNKNOWN,UNKNOWN,UNKNOWN,LOCAL_8b04208d016e|LOCAL_4431c47c859d|LOCAL_03b4345dbe87
hemberg,Hemberg,Hemberg Hemberg,47.281835,9.173477,Suisse orientale,https://www.bergfex.ch/hemberg/,1120,1.5,2,SKI_CLUSTER_228,confident,81.7,provisional_existing_listing_not_independent_domain,UNKNOWN,UNKNOWN,UNKNOWN,UNKNOWN,UNKNOWN,LOCAL_8b04208d016e|LOCAL_4431c47c859d|LOCAL_03b4345dbe87
hornli_schonengrund,Hörnli - Schönengrund,Hörnli Hörnli - Schönengrund,47.311824,9.211290,Suisse orientale,https://www.bergfex.ch/hoernli-schoenengrund/,970,0.4,1,SKI_CLUSTER_230,confident,4.1,provisional_existing_listing_not_independent_domain,UNKNOWN,UNKNOWN,UNKNOWN,UNKNOWN,UNKNOWN,LOCAL_8b04208d016e|LOCAL_4431c47c859d|LOCAL_03b4345dbe87
jakobsbad_kronberg,Jakobsbad - Kronberg,Jakobsbad Jakobsbad - Kronberg,47.320672,9.321728,Suisse orientale,https://www.bergfex.ch/jakobsbad-kronberg/,1663,NA,1,SKI_CLUSTER_083,confident,507.1,provisional_existing_listing_not_independent_domain,UNKNOWN,UNKNOWN,UNKNOWN,UNKNOWN,UNKNOWN,LOCAL_8b04208d016e|LOCAL_4431c47c859d|LOCAL_03b4345dbe87
kerenzerberg,Kerenzerberg,Kerenzerberg Kerenzerberg,47.105537,9.125776,Suisse orientale,https://www.bergfex.ch/kerenzerberg/,1280,7,1,SKI_CLUSTER_226,confident,49.0,provisional_existing_listing_not_independent_domain,UNKNOWN,UNKNOWN,UNKNOWN,UNKNOWN,UNKNOWN,LOCAL_8b04208d016e|LOCAL_4431c47c859d|LOCAL_03b4345dbe87
klausenbohl_gais_klausenbohl,Klausenböhl Gais / Klausenböhl,Klausenböhl Gais / Klausenböhl,47.365886,9.459887,Suisse orientale,https://www.bergfex.ch/gais-klausenboehl/,1025,1,1,SKI_CLUSTER_235,confident,2.6,provisional_existing_listing_not_independent_domain,UNKNOWN,UNKNOWN,UNKNOWN,UNKNOWN,UNKNOWN,LOCAL_8b04208d016e|LOCAL_4431c47c859d|LOCAL_03b4345dbe87
oberegg_st_anton,Oberegg St. Anton,Oberegg Oberegg / St. Anton,47.416692,9.550193,Suisse orientale,https://www.bergfex.ch/oberegg-sankt-anton/,1110,3.5,1,SKI_CLUSTER_117,confident,3.2,provisional_existing_listing_not_independent_domain,UNKNOWN,UNKNOWN,UNKNOWN,UNKNOWN,UNKNOWN,LOCAL_8b04208d016e|LOCAL_4431c47c859d|LOCAL_03b4345dbe87
oberhelfenschwil,Oberhelfenschwil,Oberhelfenschwil Oberhelfenschwil,47.353619,9.114499,Suisse orientale,https://www.bergfex.ch/oberhelfenschwil/,866,0.4,1,SKI_CLUSTER_225,confident,2.2,provisional_existing_listing_not_independent_domain,UNKNOWN,UNKNOWN,UNKNOWN,UNKNOWN,UNKNOWN,LOCAL_8b04208d016e|LOCAL_4431c47c859d|LOCAL_03b4345dbe87
opfershofen_skilift_stich_opfertshofen,Opfershofen Skilift Stich / Opfertshofen,Opfershofen Skilift Stich / Opfertshofen,47.773517,8.657243,Suisse orientale,https://www.bergfex.ch/stich-opfertshofen/,665,0.4,1,SKI_CLUSTER_200,review,37204.2,provisional_existing_listing_not_independent_domain,UNKNOWN,UNKNOWN,UNKNOWN,UNKNOWN,UNKNOWN,LOCAL_8b04208d016e|LOCAL_4431c47c859d|LOCAL_03b4345dbe87
osteregg_urnasch_osteregg,Osteregg Urnäsch / Osteregg,Osteregg Urnäsch / Osteregg,47.310331,9.285523,Suisse orientale,https://www.bergfex.ch/urnaesch-osteregg/,1080,2,2,SKI_CLUSTER_083,confident,2.3,provisional_existing_listing_not_independent_domain,UNKNOWN,UNKNOWN,UNKNOWN,UNKNOWN,UNKNOWN,LOCAL_8b04208d016e|LOCAL_4431c47c859d|LOCAL_03b4345dbe87
pizol_bad_ragaz_wangs,Pizol - Bad Ragaz - Wangs,Pizol Pizol - Bad Ragaz - Wangs,46.985464,9.437256,Suisse orientale,https://www.bergfex.ch/pizol/,2250,50,12,SKI_CLUSTER_038,confident,539.3,provisional_existing_listing_not_independent_domain,UNKNOWN,UNKNOWN,UNKNOWN,UNKNOWN,UNKNOWN,LOCAL_8b04208d016e|LOCAL_4431c47c859d|LOCAL_03b4345dbe87
schilt_mollis,Schilt Mollis,Schilt Schilt / Mollis,47.078625,9.093751,Suisse orientale,https://www.bergfex.ch/schilt/,1600,6,3,SKI_CLUSTER_146,confident,29.2,provisional_existing_listing_not_independent_domain,UNKNOWN,UNKNOWN,UNKNOWN,UNKNOWN,UNKNOWN,LOCAL_8b04208d016e|LOCAL_4431c47c859d|LOCAL_03b4345dbe87
schwellbrunn,Schwellbrunn,Schwellbrunn Schwellbrunn,47.344767,9.227399,Suisse orientale,https://www.bergfex.ch/schwellbrunn/,1084,3,1,SKI_CLUSTER_116,confident,1.9,provisional_existing_listing_not_independent_domain,UNKNOWN,UNKNOWN,UNKNOWN,UNKNOWN,UNKNOWN,LOCAL_8b04208d016e|LOCAL_4431c47c859d|LOCAL_03b4345dbe87
tannenberg_skiarena_tannenberg_waldkirch,Tannenberg Skiarena Tannenberg / Waldkirch,Tannenberg Skiarena Tannenberg / Waldkirch,47.453682,9.302073,Suisse orientale,https://www.bergfex.ch/skiarena-tannenberg/,820,0.3,1,SKI_CLUSTER_232,warning,7318.9,provisional_existing_listing_not_independent_domain,UNKNOWN,UNKNOWN,UNKNOWN,UNKNOWN,UNKNOWN,LOCAL_8b04208d016e|LOCAL_4431c47c859d|LOCAL_03b4345dbe87
tanzboden_ebnat_kappel,Tanzboden Ebnat - Kappel,Tanzboden Tanzboden / Ebnat-Kappel,47.246950,9.109672,Suisse orientale,https://www.bergfex.ch/tanzboden-ebnat-kappel/,1181,3.5,2,SKI_CLUSTER_224,confident,61.4,provisional_existing_listing_not_independent_domain,UNKNOWN,UNKNOWN,UNKNOWN,UNKNOWN,UNKNOWN,LOCAL_8b04208d016e|LOCAL_4431c47c859d|LOCAL_03b4345dbe87
toggenburg_chaserrugg_alt_st_johann_unterwasser,Toggenburg - Chäserrugg Alt St. Johann Unterwasser,Toggenburg Toggenburg - Chäserrugg / Alt St. Johann / Unterwasser,47.176269,9.311752,Suisse orientale,https://www.bergfex.ch/toggenburg-chaeserrugg/,2262,50,14,SKI_CLUSTER_030,confident,18.2,provisional_existing_listing_not_independent_domain,UNKNOWN,UNKNOWN,UNKNOWN,UNKNOWN,UNKNOWN,LOCAL_8b04208d016e|LOCAL_4431c47c859d|LOCAL_03b4345dbe87
toggenburg_wildhaus,Toggenburg Wildhaus,Toggenburg Toggenburg / Wildhaus,47.179207,9.341204,Suisse orientale,https://www.bergfex.ch/toggenburg/,2076,23,6,SKI_CLUSTER_030,confident,19.6,provisional_existing_listing_not_independent_domain,UNKNOWN,UNKNOWN,UNKNOWN,UNKNOWN,UNKNOWN,LOCAL_8b04208d016e|LOCAL_4431c47c859d|LOCAL_03b4345dbe87
tristeli_st_margarethenberg,Tristeli St. Margarethenberg,Tristeli Tristeli / St. Margarethenberg,46.980926,9.507916,Suisse orientale,https://www.bergfex.ch/tristeli-st-margarethenberg/,1450,1,1,SKI_CLUSTER_038,confident,2.7,provisional_existing_listing_not_independent_domain,UNKNOWN,UNKNOWN,UNKNOWN,UNKNOWN,UNKNOWN,LOCAL_8b04208d016e|LOCAL_4431c47c859d|LOCAL_03b4345dbe87
vogelinsegg_speicher,Vögelinsegg Speicher,Vögelinsegg Vögelinsegg / Speicher,47.415607,9.434850,Suisse orientale,https://www.bergfex.ch/voegelsinsegg-speicher/,1030,NA,1,SKI_CLUSTER_233,confident,1.3,provisional_existing_listing_not_independent_domain,UNKNOWN,UNKNOWN,UNKNOWN,UNKNOWN,UNKNOWN,LOCAL_8b04208d016e|LOCAL_4431c47c859d|LOCAL_03b4345dbe87
wolzenalp_krummenau,Wolzenalp Krummenau,Wolzenalp Wolzenalp / Krummenau,47.234402,9.161954,Suisse orientale,https://www.bergfex.ch/wolzenalp-krummenau/,1500,13,6,SKI_CLUSTER_115,confident,179.3,provisional_existing_listing_not_independent_domain,UNKNOWN,UNKNOWN,UNKNOWN,UNKNOWN,UNKNOWN,LOCAL_8b04208d016e|LOCAL_4431c47c859d|LOCAL_03b4345dbe87
airolo_luina,Airolo - Lüina,Airolo Airolo - Lüina,46.531174,8.607874,Tessin,https://www.bergfex.ch/airolo-luina/,1280,2,2,SKI_CLUSTER_059,confident,500.2,provisional_existing_listing_not_independent_domain,UNKNOWN,UNKNOWN,UNKNOWN,UNKNOWN,UNKNOWN,LOCAL_8b04208d016e|LOCAL_4431c47c859d|LOCAL_03b4345dbe87
airolo_pescium_airolo_pescium,Airolo - Pesciüm Airolo - Pesciüm,Airolo-Pesciüm Airolo - Pesciüm,46.523792,8.603840,Tessin,https://www.bergfex.ch/airolo/,2250,30,9,SKI_CLUSTER_059,confident,102.8,provisional_existing_listing_not_independent_domain,UNKNOWN,UNKNOWN,UNKNOWN,UNKNOWN,UNKNOWN,LOCAL_8b04208d016e|LOCAL_4431c47c859d|LOCAL_03b4345dbe87
alpe_di_neggia,Alpe di Neggia,Alpe di Neggia Alpe di Neggia,46.111627,8.838201,Tessin,https://www.bergfex.ch/alpe-di-neggia/,1600,1,1,SKI_CLUSTER_208,confident,127.0,provisional_existing_listing_not_independent_domain,UNKNOWN,UNKNOWN,UNKNOWN,UNKNOWN,UNKNOWN,LOCAL_8b04208d016e|LOCAL_4431c47c859d|LOCAL_03b4345dbe87
bedea_novaggio,Bedea Novaggio,Bedea Novaggio Bedea Novaggio,46.009597,8.862062,Tessin,https://www.bergfex.ch/bedea-novaggio/,660,0.4,1,SKI_CLUSTER_209,confident,12.2,provisional_existing_listing_not_independent_domain,UNKNOWN,UNKNOWN,UNKNOWN,UNKNOWN,UNKNOWN,LOCAL_8b04208d016e|LOCAL_4431c47c859d|LOCAL_03b4345dbe87
bedrina_dalpe,Bedrina Dalpe,Bedrina Dalpe Bedrina Dalpe,46.471723,8.775826,Tessin,https://www.bergfex.ch/bedrina-dalpe/,1250,0.5,1,SKI_CLUSTER_206,confident,994.0,provisional_existing_listing_not_independent_domain,UNKNOWN,UNKNOWN,UNKNOWN,UNKNOWN,UNKNOWN,LOCAL_8b04208d016e|LOCAL_4431c47c859d|LOCAL_03b4345dbe87
bosco_gurin,Bosco Gurin,Bosco Gurin Bosco Gurin,46.316644,8.467541,Tessin,https://www.bergfex.ch/bosco-gurin/,2400,30,6,SKI_CLUSTER_077,confident,16.1,provisional_existing_listing_not_independent_domain,UNKNOWN,UNKNOWN,UNKNOWN,UNKNOWN,UNKNOWN,LOCAL_8b04208d016e|LOCAL_4431c47c859d|LOCAL_03b4345dbe87
campo_blenio_ghirone,Campo Blenio - Ghirone,Campo Blenio Campo Blenio - Ghirone,46.556234,8.936605,Tessin,https://www.bergfex.ch/campo-blenio/,1650,2,4,SKI_CLUSTER_114,confident,229.8,provisional_existing_listing_not_independent_domain,UNKNOWN,UNKNOWN,UNKNOWN,UNKNOWN,UNKNOWN,LOCAL_8b04208d016e|LOCAL_4431c47c859d|LOCAL_03b4345dbe87
cardada_cimetta_locarno,Cardada Cimetta Locarno,Cardada Cimetta Cardada Cimetta / Locarno,46.196795,8.788161,Tessin,https://www.bergfex.ch/locarno-orselina-cardada/,1670,NA,2,SKI_CLUSTER_142,confident,104.8,provisional_existing_listing_not_independent_domain,UNKNOWN,UNKNOWN,UNKNOWN,UNKNOWN,UNKNOWN,LOCAL_8b04208d016e|LOCAL_4431c47c859d|LOCAL_03b4345dbe87
cari,Carì,Carì Carì,46.503709,8.818052,Tessin,https://www.bergfex.ch/cari/,2280,20,2,SKI_CLUSTER_143,confident,19.4,provisional_existing_listing_not_independent_domain,UNKNOWN,UNKNOWN,UNKNOWN,UNKNOWN,UNKNOWN,LOCAL_8b04208d016e|LOCAL_4431c47c859d|LOCAL_03b4345dbe87
cioss_prato_bedretto,Cioss Prato Bedretto,Cioss Prato Cioss Prato / Bedretto,46.491341,8.484889,Tessin,https://www.bergfex.ch/cioss-prato-bedretto/,1620,0.5,1,SKI_CLUSTER_201,confident,30.9,provisional_existing_listing_not_independent_domain,UNKNOWN,UNKNOWN,UNKNOWN,UNKNOWN,UNKNOWN,LOCAL_8b04208d016e|LOCAL_4431c47c859d|LOCAL_03b4345dbe87
mogno,Mogno,Mogno Mogno,46.428061,8.661765,Tessin,https://www.bergfex.ch/mogno/,1275,1.5,1,SKI_CLUSTER_205,confident,13.4,provisional_existing_listing_not_independent_domain,UNKNOWN,UNKNOWN,UNKNOWN,UNKNOWN,UNKNOWN,LOCAL_8b04208d016e|LOCAL_4431c47c859d|LOCAL_03b4345dbe87
nara_leontica_cancori,Nara Leontica - Cancorì,Nara Nara / Leontica-Cancorì,46.460122,8.898282,Tessin,https://www.bergfex.ch/nara-leontica-cancori/,2153,30,7,SKI_CLUSTER_080,confident,2.7,provisional_existing_listing_not_independent_domain,UNKNOWN,UNKNOWN,UNKNOWN,UNKNOWN,UNKNOWN,LOCAL_8b04208d016e|LOCAL_4431c47c859d|LOCAL_03b4345dbe87
piano_di_peccia,Piano di Peccia,Piano di Peccia Piano di Peccia,46.410422,8.610607,Tessin,https://www.bergfex.ch/piano-di-peccia/,1050,0.4,2,SKI_CLUSTER_205,warning,4325.7,provisional_existing_listing_not_independent_domain,UNKNOWN,UNKNOWN,UNKNOWN,UNKNOWN,UNKNOWN,LOCAL_8b04208d016e|LOCAL_4431c47c859d|LOCAL_03b4345dbe87
prato_leventina,Prato Leventina,Prato Leventina Prato Leventina,46.481156,8.757745,Tessin,https://www.bergfex.ch/prato-leventina/,1300,5,2,SKI_CLUSTER_206,confident,0.6,provisional_existing_listing_not_independent_domain,UNKNOWN,UNKNOWN,UNKNOWN,UNKNOWN,UNKNOWN,LOCAL_8b04208d016e|LOCAL_4431c47c859d|LOCAL_03b4345dbe87
aletsch_arena_riederalp_bettmeralp_fiesch_eggishorn,Aletsch Arena Riederalp - Bettmeralp - Fiesch - Eggishorn,Aletsch Arena Aletsch Arena / Riederalp - Bettmeralp - Fiesch-Eggishorn,46.416381,8.099413,Valais,https://www.bergfex.ch/aletsch-arena/,2869,104,35,SKI_CLUSTER_009,confident,47.9,provisional_existing_listing_not_independent_domain,UNKNOWN,UNKNOWN,UNKNOWN,UNKNOWN,UNKNOWN,LOCAL_8b04208d016e|LOCAL_4431c47c859d|LOCAL_03b4345dbe87
anzere,Anzère,Anzère Anzère,46.312909,7.397490,Valais,https://www.bergfex.ch/anzere/,2420,58,14,SKI_CLUSTER_020,confident,265.3,provisional_existing_listing_not_independent_domain,UNKNOWN,UNKNOWN,UNKNOWN,UNKNOWN,UNKNOWN,LOCAL_8b04208d016e|LOCAL_4431c47c859d|LOCAL_03b4345dbe87
arolla,Arolla,Arolla Arolla,46.027482,7.469587,Valais,https://www.bergfex.ch/arolla/,3000,47,6,SKI_CLUSTER_070,confident,810.2,provisional_existing_listing_not_independent_domain,UNKNOWN,UNKNOWN,UNKNOWN,UNKNOWN,UNKNOWN,LOCAL_8b04208d016e|LOCAL_4431c47c859d|LOCAL_03b4345dbe87
avoriaz_1800_portes_du_soleil,Avoriaz 1800 Portes du Soleil,Avoriaz 1800 Avoriaz 1800 / Portes du Soleil,46.178671,6.778607,Valais,https://www.bergfex.ch/avoriaz/,2276,79,34,SKI_CLUSTER_001,confident,4.2,provisional_existing_listing_not_independent_domain,UNKNOWN,UNKNOWN,UNKNOWN,UNKNOWN,UNKNOWN,LOCAL_8b04208d016e|LOCAL_4431c47c859d|LOCAL_03b4345dbe87
belalp,Belalp,Belalp Belalp,46.379149,7.977705,Valais,https://www.bergfex.ch/belalp/,3118,57.6,12,SKI_CLUSTER_009,confident,10.7,provisional_existing_listing_not_independent_domain,UNKNOWN,UNKNOWN,UNKNOWN,UNKNOWN,UNKNOWN,LOCAL_8b04208d016e|LOCAL_4431c47c859d|LOCAL_03b4345dbe87
bellwald,Bellwald,Bellwald Bellwald,46.441347,8.166790,Valais,https://www.bergfex.ch/bellwald/,2560,20,5,SKI_CLUSTER_009,confident,0.3,provisional_existing_listing_not_independent_domain,UNKNOWN,UNKNOWN,UNKNOWN,UNKNOWN,UNKNOWN,LOCAL_8b04208d016e|LOCAL_4431c47c859d|LOCAL_03b4345dbe87
bruson_verbier,Bruson - Verbier,Bruson Bruson - Verbier,46.059832,7.199478,Valais,https://www.bergfex.ch/bruson/,2220,40,4,SKI_CLUSTER_002,confident,159.9,provisional_existing_listing_not_independent_domain,UNKNOWN,UNKNOWN,UNKNOWN,UNKNOWN,UNKNOWN,LOCAL_8b04208d016e|LOCAL_4431c47c859d|LOCAL_03b4345dbe87
champex_lac,Champex - Lac,Champex - Lac Champex - Lac,46.027661,7.104979,Valais,https://www.bergfex.ch/champex/,2194,15,4,SKI_CLUSTER_090,confident,22.7,provisional_existing_listing_not_independent_domain,UNKNOWN,UNKNOWN,UNKNOWN,UNKNOWN,UNKNOWN,LOCAL_8b04208d016e|LOCAL_4431c47c859d|LOCAL_03b4345dbe87
champery_les_crosets_champoussin_morgins_portes_du_soleil,Champéry - Les Crosets - Champoussin - Morgins Portes du Soleil,Champéry Champéry - Les Crosets - Champoussin - Morgins / Portes du Soleil,46.206567,6.849031,Valais,https://www.bergfex.ch/champery/,2450,100,35,SKI_CLUSTER_001,confident,186.2,provisional_existing_listing_not_independent_domain,UNKNOWN,UNKNOWN,UNKNOWN,UNKNOWN,UNKNOWN,LOCAL_8b04208d016e|LOCAL_4431c47c859d|LOCAL_03b4345dbe87
chapelle_abondance_la_chapelle_d_abondance_portes_du_soleil,Chapelle Abondance La Chapelle d'Abondance / Portes du Soleil,Chapelle Abondance La Chapelle d'Abondance / Portes du Soleil,46.284582,6.776779,Valais,https://www.bergfex.ch/la-chapelle-dabondance/,1800,35,10,SKI_CLUSTER_001,confident,41.9,provisional_existing_listing_not_independent_domain,UNKNOWN,UNKNOWN,UNKNOWN,UNKNOWN,UNKNOWN,LOCAL_8b04208d016e|LOCAL_4431c47c859d|LOCAL_03b4345dbe87
chatel_portes_du_soleil,Châtel Portes du Soleil,Châtel Châtel / Portes du Soleil,46.267685,6.858344,Valais,https://www.bergfex.ch/chatel/,2466,82.6,39,SKI_CLUSTER_001,confident,33.4,provisional_existing_listing_not_independent_domain,UNKNOWN,UNKNOWN,UNKNOWN,UNKNOWN,UNKNOWN,LOCAL_8b04208d016e|LOCAL_4431c47c859d|LOCAL_03b4345dbe87
crans_montana_crans_montana,Crans - Montana Crans - Montana,Crans-Montana Crans - Montana,46.336084,7.479029,Valais,https://www.bergfex.ch/crans-montana/,3000,140,24,SKI_CLUSTER_020,confident,34.3,provisional_existing_listing_not_independent_domain,UNKNOWN,UNKNOWN,UNKNOWN,UNKNOWN,UNKNOWN,LOCAL_8b04208d016e|LOCAL_4431c47c859d|LOCAL_03b4345dbe87
eischoll_sportbahnen_eischoll,Eischoll Sportbahnen Eischoll,Eischoll Sportbahnen Eischoll,46.277000,7.767677,Valais,https://www.bergfex.ch/sportbahnen-eischoll/,2200,15,3,SKI_CLUSTER_012,confident,491.3,provisional_existing_listing_not_independent_domain,UNKNOWN,UNKNOWN,UNKNOWN,UNKNOWN,UNKNOWN,LOCAL_8b04208d016e|LOCAL_4431c47c859d|LOCAL_03b4345dbe87
evolene,Evolène,Evolène Evolène,46.121738,7.465553,Valais,https://www.bergfex.ch/evolene/,2600,42,4,SKI_CLUSTER_106,confident,50.3,provisional_existing_listing_not_independent_domain,UNKNOWN,UNKNOWN,UNKNOWN,UNKNOWN,UNKNOWN,LOCAL_8b04208d016e|LOCAL_4431c47c859d|LOCAL_03b4345dbe87
gampel_jeizinen_jeizinen_feselalpe_gampel,Gampel - Jeizinen Jeizinen - Feselalpe / Gampel,Gampel-Jeizinen Jeizinen - Feselalpe / Gampel,46.328142,7.722965,Valais,https://www.bergfex.ch/jeizinen-engersch-gampel/,2200,10,5,SKI_CLUSTER_072,confident,172.6,provisional_existing_listing_not_independent_domain,UNKNOWN,UNKNOWN,UNKNOWN,UNKNOWN,UNKNOWN,LOCAL_8b04208d016e|LOCAL_4431c47c859d|LOCAL_03b4345dbe87
grimentz_zinal_grimentz_zinal,Grimentz/Zinal Grimentz - Zinal,Grimentz/​Zinal Grimentz - Zinal,46.180841,7.556791,Valais,https://www.bergfex.ch/grimentz-zinal/,2900,115,20,SKI_CLUSTER_028,confident,91.2,provisional_existing_listing_not_independent_domain,UNKNOWN,UNKNOWN,UNKNOWN,UNKNOWN,UNKNOWN,LOCAL_8b04208d016e|LOCAL_4431c47c859d|LOCAL_03b4345dbe87
grachen,Grächen,Grächen Grächen,46.193973,7.852221,Valais,https://www.bergfex.ch/graechen/,2868,44,13,SKI_CLUSTER_012,confident,660.9,provisional_existing_listing_not_independent_domain,UNKNOWN,UNKNOWN,UNKNOWN,UNKNOWN,UNKNOWN,LOCAL_8b04208d016e|LOCAL_4431c47c859d|LOCAL_03b4345dbe87
hohsaas_saas_grund_hohsaas,Hohsaas Saas Grund - Hohsaas,Hohsaas Saas Grund - Hohsaas,46.138512,7.965088,Valais,https://www.bergfex.ch/hohsaas-saas-grund/,3142,32.3,9,SKI_CLUSTER_015,confident,3.4,provisional_existing_listing_not_independent_domain,UNKNOWN,UNKNOWN,UNKNOWN,UNKNOWN,UNKNOWN,LOCAL_8b04208d016e|LOCAL_4431c47c859d|LOCAL_03b4345dbe87
la_forclaz,La Forclaz,La Forclaz La Forclaz,46.091229,7.526180,Valais,https://www.bergfex.ch/laforclaz/,2204,NA,5,SKI_CLUSTER_134,confident,171.5,provisional_existing_listing_not_independent_domain,UNKNOWN,UNKNOWN,UNKNOWN,UNKNOWN,UNKNOWN,LOCAL_8b04208d016e|LOCAL_4431c47c859d|LOCAL_03b4345dbe87
la_lorette_bourg_saint_pierre,La Lorette Bourg - Saint - Pierre,La Lorette La Lorette / Bourg-Saint-Pierre,45.954811,7.206459,Valais,https://www.bergfex.ch/la-lorette-bourg-saint-pierre/,2800,NA,1,SKI_CLUSTER_169,confident,550.0,provisional_existing_listing_not_independent_domain,UNKNOWN,UNKNOWN,UNKNOWN,UNKNOWN,UNKNOWN,LOCAL_8b04208d016e|LOCAL_4431c47c859d|LOCAL_03b4345dbe87
la_tzoumaz_mayens_de_riddes,La Tzoumaz - Mayens de Riddes,La Tzoumaz La Tzoumaz - Mayens de Riddes,46.130363,7.224455,Valais,https://www.bergfex.ch/latzoumaz/,3300,410,16,SKI_CLUSTER_002,confident,39.5,provisional_existing_listing_not_independent_domain,UNKNOWN,UNKNOWN,UNKNOWN,UNKNOWN,UNKNOWN,LOCAL_8b04208d016e|LOCAL_4431c47c859d|LOCAL_03b4345dbe87
lauchernalp_lotschental,Lauchernalp - Lötschental,Lauchernalp Lauchernalp - Lötschental,46.416677,7.770939,Valais,https://www.bergfex.ch/lauchernalp/,3100,40,6,SKI_CLUSTER_073,confident,238.7,provisional_existing_listing_not_independent_domain,UNKNOWN,UNKNOWN,UNKNOWN,UNKNOWN,UNKNOWN,LOCAL_8b04208d016e|LOCAL_4431c47c859d|LOCAL_03b4345dbe87
les_marecottes,Les Marécottes,Les Marécottes Les Marécottes,46.111683,7.004299,Valais,https://www.bergfex.ch/les-marecottes/,2220,25,4,SKI_CLUSTER_103,confident,70.7,provisional_existing_listing_not_independent_domain,UNKNOWN,UNKNOWN,UNKNOWN,UNKNOWN,UNKNOWN,LOCAL_8b04208d016e|LOCAL_4431c47c859d|LOCAL_03b4345dbe87
leukerbad,Leukerbad,Leukerbad Leukerbad,46.368653,7.649295,Valais,https://www.bergfex.ch/leukerbad/,2610,53.5,14,SKI_CLUSTER_045,confident,61.8,provisional_existing_listing_not_independent_domain,UNKNOWN,UNKNOWN,UNKNOWN,UNKNOWN,UNKNOWN,LOCAL_8b04208d016e|LOCAL_4431c47c859d|LOCAL_03b4345dbe87
mont_noble_nax,Mont - Noble Nax,Mont-Noble Mont-Noble / Nax,46.211817,7.474308,Valais,https://www.bergfex.ch/mont-noble-nax/,2640,35,6,SKI_CLUSTER_071,confident,206.2,provisional_existing_listing_not_independent_domain,UNKNOWN,UNKNOWN,UNKNOWN,UNKNOWN,UNKNOWN,LOCAL_8b04208d016e|LOCAL_4431c47c859d|LOCAL_03b4345dbe87
moosalpregion,Moosalpregion,Moosalpregion Moosalpregion,46.251225,7.826857,Valais,https://www.bergfex.ch/moosalpregion/,2550,25,8,SKI_CLUSTER_012,confident,204.5,provisional_existing_listing_not_independent_domain,UNKNOWN,UNKNOWN,UNKNOWN,UNKNOWN,UNKNOWN,LOCAL_8b04208d016e|LOCAL_4431c47c859d|LOCAL_03b4345dbe87
nendaz_4_vallees,Nendaz 4 Vallées,Nendaz Nendaz / 4 Vallées,46.132848,7.308655,Valais,https://www.bergfex.ch/nendaz-4-vallees/,3330,420,78,SKI_CLUSTER_002,confident,428.9,provisional_existing_listing_not_independent_domain,UNKNOWN,UNKNOWN,UNKNOWN,UNKNOWN,UNKNOWN,LOCAL_8b04208d016e|LOCAL_4431c47c859d|LOCAL_03b4345dbe87
obergoms_goms,Obergoms Goms,Obergoms Obergoms / Goms,46.491440,8.267781,Valais,https://www.bergfex.ch/obergoms/,1568,4,5,SKI_CLUSTER_140,confident,62.8,provisional_existing_listing_not_independent_domain,UNKNOWN,UNKNOWN,UNKNOWN,UNKNOWN,UNKNOWN,LOCAL_8b04208d016e|LOCAL_4431c47c859d|LOCAL_03b4345dbe87
ovronnaz,Ovronnaz,Ovronnaz Ovronnaz,46.203537,7.139568,Valais,https://www.bergfex.ch/ovronnaz/,2500,30,7,SKI_CLUSTER_057,confident,95.5,provisional_existing_listing_not_independent_domain,UNKNOWN,UNKNOWN,UNKNOWN,UNKNOWN,UNKNOWN,LOCAL_8b04208d016e|LOCAL_4431c47c859d|LOCAL_03b4345dbe87
rosswald,Rosswald,Rosswald Rosswald,46.304490,8.043537,Valais,https://www.bergfex.ch/rosswald/,2536,25,6,SKI_CLUSTER_058,confident,33.1,provisional_existing_listing_not_independent_domain,UNKNOWN,UNKNOWN,UNKNOWN,UNKNOWN,UNKNOWN,LOCAL_8b04208d016e|LOCAL_4431c47c859d|LOCAL_03b4345dbe87
rothwald_wasenalp_am_simplon,Rothwald - Wasenalp am Simplon,Rothwald Rothwald - Wasenalp am Simplon,46.279877,8.038130,Valais,https://www.bergfex.ch/rothwald-wasenalp-simplon/,2300,25,2,SKI_CLUSTER_058,confident,9.5,provisional_existing_listing_not_independent_domain,UNKNOWN,UNKNOWN,UNKNOWN,UNKNOWN,UNKNOWN,LOCAL_8b04208d016e|LOCAL_4431c47c859d|LOCAL_03b4345dbe87
saas_almagell,Saas Almagell,Saas Almagell Saas Almagell,46.092244,7.957824,Valais,https://www.bergfex.ch/saas-almagell/,2400,12,7,SKI_CLUSTER_015,confident,4.2,provisional_existing_listing_not_independent_domain,UNKNOWN,UNKNOWN,UNKNOWN,UNKNOWN,UNKNOWN,LOCAL_8b04208d016e|LOCAL_4431c47c859d|LOCAL_03b4345dbe87
saas_fee,Saas - Fee,Saas-Fee Saas-Fee,46.089067,7.919168,Valais,https://www.bergfex.ch/saas-fee/,3600,150,23,SKI_CLUSTER_015,confident,39.8,provisional_existing_listing_not_independent_domain,UNKNOWN,UNKNOWN,UNKNOWN,UNKNOWN,UNKNOWN,LOCAL_8b04208d016e|LOCAL_4431c47c859d|LOCAL_03b4345dbe87
st_luc_chandolin,St - Luc Chandolin,St-Luc St-Luc / Chandolin,46.237981,7.614641,Valais,https://www.bergfex.ch/funiluc/,3000,60,15,SKI_CLUSTER_036,confident,112.5,provisional_existing_listing_not_independent_domain,UNKNOWN,UNKNOWN,UNKNOWN,UNKNOWN,UNKNOWN,LOCAL_8b04208d016e|LOCAL_4431c47c859d|LOCAL_03b4345dbe87
staldenried_gspon,Staldenried - Gspon,Staldenried Staldenried - Gspon,46.229491,7.889643,Valais,https://www.bergfex.ch/staldenried-gspon/,2900,5,3,SKI_CLUSTER_012,confident,149.7,provisional_existing_listing_not_independent_domain,UNKNOWN,UNKNOWN,UNKNOWN,UNKNOWN,UNKNOWN,LOCAL_8b04208d016e|LOCAL_4431c47c859d|LOCAL_03b4345dbe87
thyon_4_vallees,Thyon 4 Vallées,Thyon Thyon / 4 Vallées,46.177914,7.379164,Valais,https://www.bergfex.ch/thyon-4-vallees/,2450,420,78,SKI_CLUSTER_002,confident,128.9,provisional_existing_listing_not_independent_domain,UNKNOWN,UNKNOWN,UNKNOWN,UNKNOWN,UNKNOWN,LOCAL_8b04208d016e|LOCAL_4431c47c859d|LOCAL_03b4345dbe87
torgon_portes_du_soleil,Torgon Portes du Soleil,Torgon Torgon / Portes du Soleil,46.313146,6.866755,Valais,https://www.bergfex.ch/torgon/,1980,50,32,SKI_CLUSTER_001,confident,78.0,provisional_existing_listing_not_independent_domain,UNKNOWN,UNKNOWN,UNKNOWN,UNKNOWN,UNKNOWN,LOCAL_8b04208d016e|LOCAL_4431c47c859d|LOCAL_03b4345dbe87
unterbach_brandalp,Unterbäch - Brandalp,Unterbäch Unterbäch - Brandalp,46.269970,7.787590,Valais,https://www.bergfex.ch/unterbaech/,2500,20,7,SKI_CLUSTER_012,confident,93.3,provisional_existing_listing_not_independent_domain,UNKNOWN,UNKNOWN,UNKNOWN,UNKNOWN,UNKNOWN,LOCAL_8b04208d016e|LOCAL_4431c47c859d|LOCAL_03b4345dbe87
val_ferret_la_fouly,Val Ferret - La Fouly,Val Ferret Val Ferret - La Fouly,45.930617,7.103475,Valais,https://www.bergfex.ch/la-fouly/,2200,20,3,SKI_CLUSTER_104,confident,7.2,provisional_existing_listing_not_independent_domain,UNKNOWN,UNKNOWN,UNKNOWN,UNKNOWN,UNKNOWN,LOCAL_8b04208d016e|LOCAL_4431c47c859d|LOCAL_03b4345dbe87
verbier_4_vallees,Verbier 4 Vallées,Verbier Verbier / 4 Vallées,46.097460,7.274752,Valais,https://www.bergfex.ch/verbier/,3330,202,78,SKI_CLUSTER_002,confident,4.6,provisional_existing_listing_not_independent_domain,UNKNOWN,UNKNOWN,UNKNOWN,UNKNOWN,UNKNOWN,LOCAL_8b04208d016e|LOCAL_4431c47c859d|LOCAL_03b4345dbe87
vercorin,Vercorin,Vercorin Vercorin,46.238277,7.528897,Valais,https://www.bergfex.ch/vercorin/,2300,35,9,SKI_CLUSTER_052,confident,128.5,provisional_existing_listing_not_independent_domain,UNKNOWN,UNKNOWN,UNKNOWN,UNKNOWN,UNKNOWN,LOCAL_8b04208d016e|LOCAL_4431c47c859d|LOCAL_03b4345dbe87
veysonnaz_4_vallees,Veysonnaz 4 Vallées,Veysonnaz Veysonnaz / 4 Vallées,46.188209,7.354145,Valais,https://www.bergfex.ch/veysonnaz-4-vallees/,2700,400,78,SKI_CLUSTER_002,confident,2.4,provisional_existing_listing_not_independent_domain,UNKNOWN,UNKNOWN,UNKNOWN,UNKNOWN,UNKNOWN,LOCAL_8b04208d016e|LOCAL_4431c47c859d|LOCAL_03b4345dbe87
vicheres_liddes_vicheres,Vichères Liddes - Vichères,Vichères Liddes - Vichères,45.989445,7.155556,Valais,https://www.bergfex.ch/vicheres/,2267,17,3,SKI_CLUSTER_105,confident,164.1,provisional_existing_listing_not_independent_domain,UNKNOWN,UNKNOWN,UNKNOWN,UNKNOWN,UNKNOWN,LOCAL_8b04208d016e|LOCAL_4431c47c859d|LOCAL_03b4345dbe87
visperterminen,Visperterminen,Visperterminen Visperterminen,46.259111,7.902603,Valais,https://www.bergfex.ch/visperterminen/,2338,20.5,5,SKI_CLUSTER_012,confident,160.1,provisional_existing_listing_not_independent_domain,UNKNOWN,UNKNOWN,UNKNOWN,UNKNOWN,UNKNOWN,LOCAL_8b04208d016e|LOCAL_4431c47c859d|LOCAL_03b4345dbe87
zermatt,Zermatt,Zermatt Zermatt,46.017112,7.770081,Valais,https://www.bergfex.ch/zermatt/,3883,360,54,SKI_CLUSTER_005,confident,29.2,provisional_existing_listing_not_independent_domain,UNKNOWN,UNKNOWN,UNKNOWN,UNKNOWN,UNKNOWN,LOCAL_8b04208d016e|LOCAL_4431c47c859d|LOCAL_03b4345dbe87
glacier_3000_les_diablerets,Glacier 3000 - Les Diablerets,Glacier 3000 Glacier 3000 - Les Diablerets,46.318303,7.212782,Vaud / Région lémanique,https://www.bergfex.ch/diablerets/,3000,31,10,SKI_CLUSTER_039,confident,56.2,provisional_existing_listing_not_independent_domain,UNKNOWN,UNKNOWN,UNKNOWN,UNKNOWN,UNKNOWN,LOCAL_8b04208d016e|LOCAL_4431c47c859d|LOCAL_03b4345dbe87
la_dole_jura_sur_leman,La Dôle Jura sur Léman,La Dôle Jura sur Léman,46.433480,6.093979,Vaud / Région lémanique,https://www.bergfex.ch/jura-sur-leman/,1678,34.4,22,SKI_CLUSTER_041,confident,263.7,provisional_existing_listing_not_independent_domain,UNKNOWN,UNKNOWN,UNKNOWN,UNKNOWN,UNKNOWN,LOCAL_8b04208d016e|LOCAL_4431c47c859d|LOCAL_03b4345dbe87
les_diablerets_glacier_3000,Les Diablerets - Glacier 3000,Les Diablerets Les Diablerets - Glacier 3000,46.341773,7.140170,Vaud / Région lémanique,https://www.bergfex.ch/les-diablerets/,3200,84,25,SKI_CLUSTER_008,confident,389.2,provisional_existing_listing_not_independent_domain,UNKNOWN,UNKNOWN,UNKNOWN,UNKNOWN,UNKNOWN,LOCAL_8b04208d016e|LOCAL_4431c47c859d|LOCAL_03b4345dbe87
les_pleiades,Les Pléiades,Les Pléiades Les Pléiades,46.495024,6.915979,Vaud / Région lémanique,https://www.bergfex.ch/les-pleiades/,1397,8,7,SKI_CLUSTER_023,confident,55.4,provisional_existing_listing_not_independent_domain,UNKNOWN,UNKNOWN,UNKNOWN,UNKNOWN,UNKNOWN,LOCAL_8b04208d016e|LOCAL_4431c47c859d|LOCAL_03b4345dbe87
les_prevondes,Les Prévondes,Les Prévondes Les Prévondes,46.458319,6.933703,Vaud / Région lémanique,https://www.bergfex.ch/les-prevondes/,1011,0.4,1,SKI_CLUSTER_089,confident,437.6,provisional_existing_listing_not_independent_domain,UNKNOWN,UNKNOWN,UNKNOWN,UNKNOWN,UNKNOWN,LOCAL_8b04208d016e|LOCAL_4431c47c859d|LOCAL_03b4345dbe87
leysin_les_mosses_la_lecherette,Leysin - Les Mosses - La Lécherette,Leysin Leysin - Les Mosses - La Lécherette,46.358421,7.009964,Vaud / Région lémanique,https://www.bergfex.ch/leysin-mosses-lecherette/,2331,100,26,SKI_CLUSTER_008,confident,321.7,provisional_existing_listing_not_independent_domain,UNKNOWN,UNKNOWN,UNKNOWN,UNKNOWN,UNKNOWN,LOCAL_8b04208d016e|LOCAL_4431c47c859d|LOCAL_03b4345dbe87
rochers_de_naye_haut_de_caux_dent_de_jaman,Rochers de Naye - Haut de Caux - Dent de Jaman,Rochers de Naye Rochers de Naye - Haut de Caux - Dent de Jaman,46.431587,6.978421,Vaud / Région lémanique,https://www.bergfex.ch/rochers-de-naye/,2045,7.5,6,SKI_CLUSTER_089,confident,117.7,provisional_existing_listing_not_independent_domain,UNKNOWN,UNKNOWN,UNKNOWN,UNKNOWN,UNKNOWN,LOCAL_8b04208d016e|LOCAL_4431c47c859d|LOCAL_03b4345dbe87
rougemont_rougemont_la_videmanette,Rougemont Rougemont - La Videmanette,Rougemont Rougemont-La Videmanette,46.454889,7.226973,Vaud / Région lémanique,https://www.bergfex.ch/rougemont-la-videmanette/,2100,NA,8,SKI_CLUSTER_016,confident,13.3,provisional_existing_listing_not_independent_domain,UNKNOWN,UNKNOWN,UNKNOWN,UNKNOWN,UNKNOWN,LOCAL_8b04208d016e|LOCAL_4431c47c859d|LOCAL_03b4345dbe87
saint_george_saint_george,Saint George Saint - George,Saint George Saint-George,46.515628,6.257503,Vaud / Région lémanique,https://www.bergfex.ch/saint-george/,1140,2,2,SKI_CLUSTER_124,confident,12.7,provisional_existing_listing_not_independent_domain,UNKNOWN,UNKNOWN,UNKNOWN,UNKNOWN,UNKNOWN,LOCAL_8b04208d016e|LOCAL_4431c47c859d|LOCAL_03b4345dbe87
sainte_croix_les_rasses,Sainte Croix - Les Rasses,Sainte Croix Sainte Croix - Les Rasses,46.840057,6.528625,Vaud / Région lémanique,https://www.bergfex.ch/sainte-croix/,1583,20,9,SKI_CLUSTER_050,confident,199.4,provisional_existing_listing_not_independent_domain,UNKNOWN,UNKNOWN,UNKNOWN,UNKNOWN,UNKNOWN,LOCAL_8b04208d016e|LOCAL_4431c47c859d|LOCAL_03b4345dbe87
st_cergue,St. Cergue,St. Cergue St. Cergue,46.444289,6.150305,Vaud / Région lémanique,https://www.bergfex.ch/saint-cergue/,1220,3,3,SKI_CLUSTER_100,confident,19.4,provisional_existing_listing_not_independent_domain,UNKNOWN,UNKNOWN,UNKNOWN,UNKNOWN,UNKNOWN,LOCAL_8b04208d016e|LOCAL_4431c47c859d|LOCAL_03b4345dbe87
trelasse_la_trelasse,Trelasse La Trélasse,Trelasse La Trélasse,46.451521,6.105243,Vaud / Région lémanique,https://www.bergfex.ch/trelasse/,1230,NA,1,SKI_CLUSTER_041,confident,16.7,provisional_existing_listing_not_independent_domain,UNKNOWN,UNKNOWN,UNKNOWN,UNKNOWN,UNKNOWN,LOCAL_8b04208d016e|LOCAL_4431c47c859d|LOCAL_03b4345dbe87
vallee_de_joux,Vallée de Joux,Vallée de Joux Vallée de Joux,46.594702,6.247745,Vaud / Région lémanique,https://www.bergfex.ch/vallee-de-joux/,1445,42,8,SKI_CLUSTER_101,confident,108.0,provisional_existing_listing_not_independent_domain,UNKNOWN,UNKNOWN,UNKNOWN,UNKNOWN,UNKNOWN,LOCAL_8b04208d016e|LOCAL_4431c47c859d|LOCAL_03b4345dbe87
villars_gryon_villars_gryon_les_diablerets,Villars - Gryon Villars - Gryon - Les Diablerets,Villars-Gryon Villars - Gryon - Les Diablerets,46.321504,7.064209,Vaud / Région lémanique,https://www.bergfex.ch/villars/,3000,84,25,SKI_CLUSTER_008,confident,14.3,provisional_existing_listing_not_independent_domain,UNKNOWN,UNKNOWN,UNKNOWN,UNKNOWN,UNKNOWN,LOCAL_8b04208d016e|LOCAL_4431c47c859d|LOCAL_03b4345dbe87
dicki_weisslingen,Dicki - Weisslingen,Dicki Dicki - Weisslingen,47.434103,8.760052,Zurich et région,https://www.bergfex.ch/dicki-weisslingen/,620,0.2,1,SKI_CLUSTER_210,review,12658.4,provisional_existing_listing_not_independent_domain,UNKNOWN,UNKNOWN,UNKNOWN,UNKNOWN,UNKNOWN,LOCAL_8b04208d016e|LOCAL_4431c47c859d|LOCAL_03b4345dbe87
ghoch,Ghöch,Ghöch Ghöch,47.333543,8.902917,Zurich et région,https://www.bergfex.ch/ghoech/,1060,1,2,SKI_CLUSTER_065,confident,116.5,provisional_existing_listing_not_independent_domain,UNKNOWN,UNKNOWN,UNKNOWN,UNKNOWN,UNKNOWN,LOCAL_8b04208d016e|LOCAL_4431c47c859d|LOCAL_03b4345dbe87
oberholz_farner,Oberholz - Farner,Oberholz-Farner Oberholz-Farner,47.287597,8.942528,Zurich et région,https://www.bergfex.ch/oberholz-farner/,1155,NA,3,SKI_CLUSTER_066,confident,3.5,provisional_existing_listing_not_independent_domain,UNKNOWN,UNKNOWN,UNKNOWN,UNKNOWN,UNKNOWN,LOCAL_8b04208d016e|LOCAL_4431c47c859d|LOCAL_03b4345dbe87
oberwangen,Oberwangen,Oberwangen Oberwangen,47.420394,8.986676,Zurich et région,https://www.bergfex.ch/oberwangen/,765,0.8,2,SKI_CLUSTER_145,confident,92.3,provisional_existing_listing_not_independent_domain,UNKNOWN,UNKNOWN,UNKNOWN,UNKNOWN,UNKNOWN,LOCAL_8b04208d016e|LOCAL_4431c47c859d|LOCAL_03b4345dbe87
regensberg_im_buck,Regensberg - Im Buck,Regensberg Regensberg - Im Buck,47.473696,8.429014,Zurich et région,https://www.bergfex.ch/regensberg/,666,0.3,1,SKI_CLUSTER_200,confident,23.6,provisional_existing_listing_not_independent_domain,UNKNOWN,UNKNOWN,UNKNOWN,UNKNOWN,UNKNOWN,LOCAL_8b04208d016e|LOCAL_4431c47c859d|LOCAL_03b4345dbe87
rohrenmoos_dietikon,Röhrenmoos Dietikon,Röhrenmoos Röhrenmoos / Dietikon,47.400898,8.380101,Zurich et région,https://www.bergfex.ch/roehrenmoos-dietikon/,490,0.3,1,SKI_CLUSTER_200,review,8914.6,provisional_existing_listing_not_independent_domain,UNKNOWN,UNKNOWN,UNKNOWN,UNKNOWN,UNKNOWN,LOCAL_8b04208d016e|LOCAL_4431c47c859d|LOCAL_03b4345dbe87
schafbuel_wildberg,Schafbüel - Wildberg,Schafbüel Schafbüel - Wildberg,47.421584,8.815370,Zurich et région,https://www.bergfex.ch/schafbuel-wildberg/,710,0.2,1,SKI_CLUSTER_210,review,8301.7,provisional_existing_listing_not_independent_domain,UNKNOWN,UNKNOWN,UNKNOWN,UNKNOWN,UNKNOWN,LOCAL_8b04208d016e|LOCAL_4431c47c859d|LOCAL_03b4345dbe87
sitzberg,Sitzberg,Sitzberg Sitzberg,47.426313,8.913517,Zurich et région,https://www.bergfex.ch/sitzberg/,800,0.2,1,SKI_CLUSTER_210,warning,4476.9,provisional_existing_listing_not_independent_domain,UNKNOWN,UNKNOWN,UNKNOWN,UNKNOWN,UNKNOWN,LOCAL_8b04208d016e|LOCAL_4431c47c859d|LOCAL_03b4345dbe87
steg_im_tosstal,Steg im Tösstal,Steg im Tösstal Steg im Tösstal,47.343247,8.936402,Zurich et région,https://www.bergfex.ch/steg/,1023,2.9,2,SKI_CLUSTER_065,confident,6.8,provisional_existing_listing_not_independent_domain,UNKNOWN,UNKNOWN,UNKNOWN,UNKNOWN,UNKNOWN,LOCAL_8b04208d016e|LOCAL_4431c47c859d|LOCAL_03b4345dbe87
steig_baretswill_steig_baretswil,Steig - Bäretswill Steig - Bäretswil,Steig-Bäretswill Steig - Bäretswil,47.340218,8.859047,Zurich et région,https://www.bergfex.ch/steig-baeretswil/,835,3,3,SKI_CLUSTER_065,confident,279.7,provisional_existing_listing_not_independent_domain,UNKNOWN,UNKNOWN,UNKNOWN,UNKNOWN,UNKNOWN,LOCAL_8b04208d016e|LOCAL_4431c47c859d|LOCAL_03b4345dbe87
sternenberg,Sternenberg,Sternenberg Sternenberg,47.386108,8.912187,Zurich et région,https://www.bergfex.ch/sternenberg/,884,0.3,1,SKI_CLUSTER_210,confident,7.9,provisional_existing_listing_not_independent_domain,UNKNOWN,UNKNOWN,UNKNOWN,UNKNOWN,UNKNOWN,LOCAL_8b04208d016e|LOCAL_4431c47c859d|LOCAL_03b4345dbe87
