resort_id,point_longitude,point_latitude,point_municipality_bfs_id,point_municipality_name,point_municipality_canton,boundary_reference_year,selection_status,current_polygon_candidates,relationship_type,assignment_method,assignment_confidence,tourism_exposure_interpretation,bfs_hotel_universe,bfs_hotel_municipality_name,hotel_panel_name_present,source_id,query_source_id,source_sha256
adelboden,7.55692,46.493616,561,Adelboden,BE,2026,unique_current_polygon,1,coordinate_container_only,geo.admin.ch point identify,high_for_coordinate_container_only,not_established,True,Adelboden,True,GEOADMIN_MUNICIPALITY_IDENTIFY,GEO_POINT_879dc5385003,bcb3e1fa9c194d7b29f98e1f996f7e6c2fa070d4e9fd0d73c43ee2004773c5e1
aela_maloja,9.704447,46.396348,3792,Bregaglia,GR,2026,unique_current_polygon,1,coordinate_container_only,geo.admin.ch point identify,high_for_coordinate_container_only,not_established,True,Bregaglia,True,GEOADMIN_MUNICIPALITY_IDENTIFY,GEO_POINT_a132e179e44b,ff77411df8499a51f4d648aa665dbca0b7da94305621e80f06dc757d1bf7b211
aeschi,7.727723,46.646991,562,Aeschi bei Spiez,BE,2026,unique_current_polygon,1,coordinate_container_only,geo.admin.ch point identify,high_for_coordinate_container_only,not_established,True,Aeschi bei Spiez,True,GEOADMIN_MUNICIPALITY_IDENTIFY,GEO_POINT_c03fcb7c3600,71b4a77ff1886611bb6bfb2404b107b1f55fc3a3b50a06d34c2eb414c3beca55
airolo_luina,8.607874,46.531174,5061,Airolo,TI,2026,unique_current_polygon,1,coordinate_container_only,geo.admin.ch point identify,high_for_coordinate_container_only,not_established,False,,False,GEOADMIN_MUNICIPALITY_IDENTIFY,GEO_POINT_3d28d091acc8,a494c2a17f54aef8173116f86ecaa624a2b6f81842d1e81746c691b13b708571
airolo_pescium_airolo_pescium,8.60384,46.523792,5061,Airolo,TI,2026,unique_current_polygon,1,coordinate_container_only,geo.admin.ch point identify,high_for_coordinate_container_only,not_established,False,,False,GEOADMIN_MUNICIPALITY_IDENTIFY,GEO_POINT_2c9f7c9d4761,a494c2a17f54aef8173116f86ecaa624a2b6f81842d1e81746c691b13b708571
aletsch_arena_riederalp_bettmeralp_fiesch_eggishorn,8.099413,46.416381,6057,Fiesch,VS,2026,unique_current_polygon,1,coordinate_container_only,geo.admin.ch point identify,high_for_coordinate_container_only,not_established,False,,False,GEOADMIN_MUNICIPALITY_IDENTIFY,GEO_POINT_3127af4bdfa9,5750aa6c5561fe86c58a7566ab6ba3cb7b4a552b2f2127b2906c0b40bb39f68e
alpe_di_neggia,8.838201,46.111627,5398,Gambarogno,TI,2026,unique_current_polygon,1,coordinate_container_only,geo.admin.ch point identify,high_for_coordinate_container_only,not_established,False,,False,GEOADMIN_MUNICIPALITY_IDENTIFY,GEO_POINT_c0c76b9b3ed6,4dd1d292dd1523e86e7a7144cb2f2870c97694fb48cec9dec8e15464a9959fbf
alpsteinblick_gonten,9.343958,47.317325,3102,Gonten,AI,2026,unique_current_polygon,1,coordinate_container_only,geo.admin.ch point identify,high_for_coordinate_container_only,not_established,True,Gonten,True,GEOADMIN_MUNICIPALITY_IDENTIFY,GEO_POINT_dd90a5b36212,0f87032de4675234d785234eeb542a50182a7935000ee53f9b615bb606a39628
amden,9.146032,47.159431,3311,Amden,SG,2026,unique_current_polygon,1,coordinate_container_only,geo.admin.ch point identify,high_for_coordinate_container_only,not_established,True,Amden,True,GEOADMIN_MUNICIPALITY_IDENTIFY,GEO_POINT_542522074a01,af85ea901f6c30979c26fba0d8241a5faa30f18cef79d136bb2aaaac46c2cd1f
andermatt_oberalp_sedrun,8.711815,46.667286,3986,Tujetsch,GR,2026,unique_current_polygon,1,coordinate_container_only,geo.admin.ch point identify,high_for_coordinate_container_only,not_established,True,Tujetsch,True,GEOADMIN_MUNICIPALITY_IDENTIFY,GEO_POINT_fc960b04ffce,c6e3f4b6e5d7fd3b5698ad48948f2d5a126e0b156afa714eb45002b9164bdc02
anzere,7.39749,46.312909,6082,Ayent,VS,2026,unique_current_polygon,1,coordinate_container_only,geo.admin.ch point identify,high_for_coordinate_container_only,not_established,False,,False,GEOADMIN_MUNICIPALITY_IDENTIFY,GEO_POINT_d5b9ca029376,08f135a6ccab807008f855287c183d028ba1053f9a3edf34dd534b6d8f50222c
arolla,7.469587,46.027482,6083,Evolène,VS,2026,unique_current_polygon,1,coordinate_container_only,geo.admin.ch point identify,high_for_coordinate_container_only,not_established,True,Evolène,True,GEOADMIN_MUNICIPALITY_IDENTIFY,GEO_POINT_048fa16e902a,8eef54923e721c56d51a9f5af63207563c1229c8cd182c86b13ed4bac04865d6
arosa_lenzerheide,9.607973,46.764619,3901,Chur,GR,2026,unique_current_polygon,1,coordinate_container_only,geo.admin.ch point identify,high_for_coordinate_container_only,not_established,True,Chur,True,GEOADMIN_MUNICIPALITY_IDENTIFY,GEO_POINT_07e9b92348ae,8d6e21f0da7e8052f4187492b0ae734a7dd24d28dd8df7f523e4c47d551ca736
attinghausen_brusti_attinghausen,8.622749,46.857234,1203,Attinghausen,UR,2026,unique_current_polygon,1,coordinate_container_only,geo.admin.ch point identify,high_for_coordinate_container_only,not_established,False,,False,GEOADMIN_MUNICIPALITY_IDENTIFY,GEO_POINT_e6971e5556d5,7d83263a5064ba02d2b3685686df80dfab8d7c6ab7685940bcba6b8a61e96f7c
atzmannig,9.003813,47.281732,3342,Eschenbach (SG),SG,2026,unique_current_polygon,1,coordinate_container_only,geo.admin.ch point identify,high_for_coordinate_container_only,not_established,True,Eschenbach (SG),True,GEOADMIN_MUNICIPALITY_IDENTIFY,GEO_POINT_8144e0b8a17c,19e22ac1d0da8fed9e68ae26f151dbf471e89baacd6d0767d4702f157638cda4
avers,9.539695,46.445427,3681,Avers,GR,2026,unique_current_polygon,1,coordinate_container_only,geo.admin.ch point identify,high_for_coordinate_container_only,not_established,False,,False,GEOADMIN_MUNICIPALITY_IDENTIFY,GEO_POINT_5b8792716c33,a902d25b3cea2dddb0cbb78046862f0665356ce7bbf4f5f45f49706aeb60fa9d
avoriaz_1800_portes_du_soleil,6.778607,46.178671,,,,,outside_swiss_current_municipality_layer,0,coordinate_container_only,geo.admin.ch point identify,unresolved,not_established,False,,False,GEOADMIN_MUNICIPALITY_IDENTIFY,GEO_POINT_9771a5709f19,6cecb20c79fa62eb775e45270a3cb9f2ca33c6a540c960ca88bb7a1d3700dcb5
axalp_brienz,8.042511,46.712855,573,Brienz (BE),BE,2026,unique_current_polygon,1,coordinate_container_only,geo.admin.ch point identify,high_for_coordinate_container_only,not_established,True,Brienz (BE),True,GEOADMIN_MUNICIPALITY_IDENTIFY,GEO_POINT_c8eedc463b01,e6f771fbfc9f99ff6c908e3fe55beb94a4cbf71ff21c507b2a1bce2655111132
balmberg,7.539282,47.261175,2541,Balm bei Günsberg,SO,2026,unique_current_polygon,1,coordinate_container_only,geo.admin.ch point identify,high_for_coordinate_container_only,not_established,False,,False,GEOADMIN_MUNICIPALITY_IDENTIFY,GEO_POINT_0b3984b933ae,e0895ee40c156dc8bfcd35c5ac92354c41f695b6f38f3812c444dc94880dcdef
beatenberg_niederhorn,7.772655,46.703379,571,Beatenberg,BE,2026,unique_current_polygon,1,coordinate_container_only,geo.admin.ch point identify,high_for_coordinate_container_only,not_established,True,Beatenberg,True,GEOADMIN_MUNICIPALITY_IDENTIFY,GEO_POINT_5a4071d489d0,9a7d1a32c1ab035235da6b79e878712024802be2ac81f6033eee43b919cce65c
bedea_novaggio,8.862062,46.009597,5395,Lema,TI,2026,unique_current_polygon,1,coordinate_container_only,geo.admin.ch point identify,high_for_coordinate_container_only,not_established,False,,False,GEOADMIN_MUNICIPALITY_IDENTIFY,GEO_POINT_0bf38a1e1c3b,24f5ad7df71d547c3ec0b36b3ad91970122531d65e2a1ea3125cc27a75e07120
bedrina_dalpe,8.775826,46.471723,5071,Dalpe,TI,2026,unique_current_polygon,1,coordinate_container_only,geo.admin.ch point identify,high_for_coordinate_container_only,not_established,False,,False,GEOADMIN_MUNICIPALITY_IDENTIFY,GEO_POINT_deb870980231,a41418385d0dfb7a607efb8fdd26cc2b7f342b804a9d67efab9e981b53f4f501
belalp,7.977705,46.379149,6007,Naters,VS,2026,unique_current_polygon,1,coordinate_container_only,geo.admin.ch point identify,high_for_coordinate_container_only,not_established,False,,False,GEOADMIN_MUNICIPALITY_IDENTIFY,GEO_POINT_5009e72be1ae,6f5d81fef8097c7b4c8c7e2450637b57a8694c60a01fd45ddb70263063033d59
bellwald,8.16679,46.441347,6052,Bellwald,VS,2026,unique_current_polygon,1,coordinate_container_only,geo.admin.ch point identify,high_for_coordinate_container_only,not_established,False,,False,GEOADMIN_MUNICIPALITY_IDENTIFY,GEO_POINT_93efdfee95ce,01de1cd7695d3f8cbf160f2b62f59ab8b76e5a4913ae9ef43b0468371384f7a5
bennau_einsiedeln,8.731658,47.143675,1301,Einsiedeln,SZ,2026,unique_current_polygon,1,coordinate_container_only,geo.admin.ch point identify,high_for_coordinate_container_only,not_established,True,Einsiedeln,True,GEOADMIN_MUNICIPALITY_IDENTIFY,GEO_POINT_05e779cc13a8,b75f622d9cc0a92903ef67e23e216528aa2d84938281d65c08fb9b255236f520
bergun_filisur_bergun_filisur_darlux,9.771051,46.623299,3544,Bergün Filisur,GR,2026,unique_current_polygon,1,coordinate_container_only,geo.admin.ch point identify,high_for_coordinate_container_only,not_established,False,,False,GEOADMIN_MUNICIPALITY_IDENTIFY,GEO_POINT_88bd8ee99c20,96a8209e2a9caf671de50b8867eb7315c24a6f20b8fca401aab7c7de6b8f47aa
biel_kinzig,8.710227,46.901693,1205,Bürglen (UR),UR,2026,unique_current_polygon,1,coordinate_container_only,geo.admin.ch point identify,high_for_coordinate_container_only,not_established,False,,False,GEOADMIN_MUNICIPALITY_IDENTIFY,GEO_POINT_d3f31b20dad2,632f7b3e6452682eebd6b44b9758360dea8528540f175aa3bee0561beff61684
bildhaus_am_ricken,9.034485,47.24931,3341,Gommiswald,SG,2026,unique_current_polygon,1,coordinate_container_only,geo.admin.ch point identify,high_for_coordinate_container_only,not_established,False,,False,GEOADMIN_MUNICIPALITY_IDENTIFY,GEO_POINT_85910ef9aa7e,2714ad8de46401ff262a925ccebcaa35a8a2040741a806bd4b25ab6de984a080
bivio,9.650717,46.46902,3543,Surses,GR,2026,unique_current_polygon,1,coordinate_container_only,geo.admin.ch point identify,high_for_coordinate_container_only,not_established,True,Surses,True,GEOADMIN_MUNICIPALITY_IDENTIFY,GEO_POINT_94d3a2c6b821,65fdb440e1b32249a8a41b248cc7ee5aff709ab9c97dffee6079dcbb36e6f511
bosco_gurin,8.467541,46.316644,5304,Bosco/Gurin,TI,2026,unique_current_polygon,1,coordinate_container_only,geo.admin.ch point identify,high_for_coordinate_container_only,not_established,False,,False,GEOADMIN_MUNICIPALITY_IDENTIFY,GEO_POINT_ad2a1792ba87,6ae03e5821d80f972728a1bc8c2d94f5e2ae9ad76e80997931f81cb7f0695cfd
brambruesch_chur_brambruesch,9.516478,46.82937,3911,Churwalden,GR,2026,unique_current_polygon,1,coordinate_container_only,geo.admin.ch point identify,high_for_coordinate_container_only,not_established,False,,False,GEOADMIN_MUNICIPALITY_IDENTIFY,GEO_POINT_37598883699a,e41718d64c05d139e1bdc3a19094020f0a7f76634be89063d007d974ed518f7c
braunwald,8.990593,46.951258,1631,Glarus Süd,GL,2026,unique_current_polygon,1,coordinate_container_only,geo.admin.ch point identify,high_for_coordinate_container_only,not_established,True,Glarus Süd,True,GEOADMIN_MUNICIPALITY_IDENTIFY,GEO_POINT_aa265d6e190a,037ff78fff4dd45a1b8302901a7c831f1ffbd196119ca4b2a3a0651365edb123
brigels_waltensburg_andiast,9.075394,46.795006,3981,Breil/Brigels,GR,2026,unique_current_polygon,1,coordinate_container_only,geo.admin.ch point identify,high_for_coordinate_container_only,not_established,True,Breil/Brigels,True,GEOADMIN_MUNICIPALITY_IDENTIFY,GEO_POINT_1ae78c48f0c9,27f7bbc720f214b5c55d05ab60c5c346e4286b031fc8a6950d517542d6093a61
brot_plamboz,6.742194,46.971794,6433,Brot-Plamboz,NE,2026,unique_current_polygon,1,coordinate_container_only,geo.admin.ch point identify,high_for_coordinate_container_only,not_established,False,,False,GEOADMIN_MUNICIPALITY_IDENTIFY,GEO_POINT_c599f3b6cd95,9b3d49d464136bf24542b2a6c5c22aab5537633d00158e355254c904d4a75334
brulisau_brulisau_leugangen,9.454561,47.296306,3112,Schwende-Rüte,AI,2026,unique_current_polygon,1,coordinate_container_only,geo.admin.ch point identify,high_for_coordinate_container_only,not_established,False,,False,GEOADMIN_MUNICIPALITY_IDENTIFY,GEO_POINT_8d01ef7e8f8b,d6d3d48473ec6292ed4533e93085b2ad232b4427ec5c08978610de98ede96f0e
brunni_brunni_bahnen_engelberg,8.409519,46.831895,1402,Engelberg,OW,2026,unique_current_polygon,1,coordinate_container_only,geo.admin.ch point identify,high_for_coordinate_container_only,not_established,True,Engelberg,True,GEOADMIN_MUNICIPALITY_IDENTIFY,GEO_POINT_7b5ed17ef463,f12fc2b17268b57105bb30527f47cfabc37ff97ccaf8e310f5e4be6d2aa54c58
brunni_haggenegg,8.705914,47.041001,1361,Alpthal,SZ,2026,unique_current_polygon,1,coordinate_container_only,geo.admin.ch point identify,high_for_coordinate_container_only,not_established,False,,False,GEOADMIN_MUNICIPALITY_IDENTIFY,GEO_POINT_dc94d888df52,431d5e57eab0ff62df02833cc153805fbf208ae6738a5601cf90b0947263334c
brunni_skilift_brunni,8.699369,47.031408,1361,Alpthal,SZ,2026,unique_current_polygon,1,coordinate_container_only,geo.admin.ch point identify,high_for_coordinate_container_only,not_established,False,,False,GEOADMIN_MUNICIPALITY_IDENTIFY,GEO_POINT_2c161a60b980,431d5e57eab0ff62df02833cc153805fbf208ae6738a5601cf90b0947263334c
bruson_verbier,7.199478,46.059832,6037,Val de Bagnes,VS,2026,unique_current_polygon,1,coordinate_container_only,geo.admin.ch point identify,high_for_coordinate_container_only,not_established,True,Val de Bagnes,True,GEOADMIN_MUNICIPALITY_IDENTIFY,GEO_POINT_ff83f29dd57f,8e28f31d9c2e7319da355740dd006c1f692965443901ab7ff7a45444cdf74436
buchserberg_skilift_buchserberg_malbun,9.430776,47.146309,3271,Buchs (SG),SG,2026,unique_current_polygon,1,coordinate_container_only,geo.admin.ch point identify,high_for_coordinate_container_only,not_established,True,Buchs (SG),True,GEOADMIN_MUNICIPALITY_IDENTIFY,GEO_POINT_539c9e91aa23,3d68647bae570b51b8a4d39751aec9df72651ab8d50770d65b6889a3d2d1feb7
bugls_s_chanf,9.997939,46.613038,3788,S-chanf,GR,2026,unique_current_polygon,1,coordinate_container_only,geo.admin.ch point identify,high_for_coordinate_container_only,not_established,False,,False,GEOADMIN_MUNICIPALITY_IDENTIFY,GEO_POINT_2bd7913eb283,9ee7807071e37a0875d58e82b5c84e17e23add82eb3364d88d824087315e9266
bulle_la_chia,7.055197,46.618141,2125,Bulle,FR,2026,unique_current_polygon,1,coordinate_container_only,geo.admin.ch point identify,high_for_coordinate_container_only,not_established,True,Bulle,True,GEOADMIN_MUNICIPALITY_IDENTIFY,GEO_POINT_f33241203388,5f1e366b8152767241fdfc7d9a71be32e6fc51b7cdf634f7fed2ae213d0b2e60
bumbach_schangnau,7.887497,46.806787,906,Schangnau,BE,2026,unique_current_polygon,1,coordinate_container_only,geo.admin.ch point identify,high_for_coordinate_container_only,not_established,True,Schangnau,True,GEOADMIN_MUNICIPALITY_IDENTIFY,GEO_POINT_781acd296fbb,b5d889c7254b8ca77d601127d9e84f6750d27f959c7838832305e409b60f0140
campo_blenio_ghirone,8.936605,46.556234,5049,Blenio,TI,2026,unique_current_polygon,1,coordinate_container_only,geo.admin.ch point identify,high_for_coordinate_container_only,not_established,False,,False,GEOADMIN_MUNICIPALITY_IDENTIFY,GEO_POINT_a013fec007d0,022b473730a39dae866cad892fa9226db411ea7ef17f79ba7d017d706d33aa90
cardada_cimetta_locarno,8.788161,46.196795,5324,Avegno Gordevio,TI,2026,unique_current_polygon,1,coordinate_container_only,geo.admin.ch point identify,high_for_coordinate_container_only,not_established,False,,False,GEOADMIN_MUNICIPALITY_IDENTIFY,GEO_POINT_e8b35455a904,9a2797372829d09baaaa3f362f41fd471c7e4132875a2a13d467fc543526a131
cari,8.818052,46.503709,5072,Faido,TI,2026,unique_current_polygon,1,coordinate_container_only,geo.admin.ch point identify,high_for_coordinate_container_only,not_established,False,,False,GEOADMIN_MUNICIPALITY_IDENTIFY,GEO_POINT_9b0d94643185,c5b264de89634667123b16100227095fd783011c64fd5b72c843445a3a2aaad6
champery_les_crosets_champoussin_morgins_portes_du_soleil,6.849031,46.206567,6157,Val-d'Illiez,VS,2026,unique_current_polygon,1,coordinate_container_only,geo.admin.ch point identify,high_for_coordinate_container_only,not_established,False,,False,GEOADMIN_MUNICIPALITY_IDENTIFY,GEO_POINT_733ecab3af60,71756fa28c88466f02f001081283e781e04cfe06f1b74084e26430da71597041
champex_lac,7.104979,46.027661,6034,Orsières,VS,2026,unique_current_polygon,1,coordinate_container_only,geo.admin.ch point identify,high_for_coordinate_container_only,not_established,True,Orsières,True,GEOADMIN_MUNICIPALITY_IDENTIFY,GEO_POINT_0f684ff70359,052ae0e3e33a6f0e8d458e610f43eece62cae7bbcee84618f3a8df3d5abaaee2
chapeau_rable_la_chaux_de_fonds,6.803112,47.099517,6421,La Chaux-de-Fonds,NE,2026,unique_current_polygon,1,coordinate_container_only,geo.admin.ch point identify,high_for_coordinate_container_only,not_established,True,La Chaux-de-Fonds,True,GEOADMIN_MUNICIPALITY_IDENTIFY,GEO_POINT_944ff84db238,f4254d29e99aa375a668b1447d867a106156738ecb503c58752dc31b14b934fb
chapelle_abondance_la_chapelle_d_abondance_portes_du_soleil,6.776779,46.284582,,,,,outside_swiss_current_municipality_layer,0,coordinate_container_only,geo.admin.ch point identify,unresolved,not_established,False,,False,GEOADMIN_MUNICIPALITY_IDENTIFY,GEO_POINT_c5bf631c341f,6cecb20c79fa62eb775e45270a3cb9f2ca33c6a540c960ca88bb7a1d3700dcb5
charmey,7.206259,46.626158,2163,Val-de-Charmey,FR,2026,unique_current_polygon,1,coordinate_container_only,geo.admin.ch point identify,high_for_coordinate_container_only,not_established,False,,False,GEOADMIN_MUNICIPALITY_IDENTIFY,GEO_POINT_c86bcb8d15ce,e213c268ae872c905c0d1b5a8f7179407a15c5d4020aa9aef8459b67f162546a
chatel_portes_du_soleil,6.858344,46.267685,,,,,outside_swiss_current_municipality_layer,0,coordinate_container_only,geo.admin.ch point identify,unresolved,not_established,False,,False,GEOADMIN_MUNICIPALITY_IDENTIFY,GEO_POINT_76409f9c3da1,6cecb20c79fa62eb775e45270a3cb9f2ca33c6a540c960ca88bb7a1d3700dcb5
chuderhusi,7.7209,46.874583,904,Röthenbach im Emmental,BE,2026,unique_current_polygon,1,coordinate_container_only,geo.admin.ch point identify,high_for_coordinate_container_only,not_established,False,,False,GEOADMIN_MUNICIPALITY_IDENTIFY,GEO_POINT_93cc064eae7c,7d60e03dfaaef4da1d37907f0f86ab22ac4ef26a8b27343328a3af9109dfe57c
cioss_prato_bedretto,8.484889,46.491341,5063,Bedretto,TI,2026,unique_current_polygon,1,coordinate_container_only,geo.admin.ch point identify,high_for_coordinate_container_only,not_established,False,,False,GEOADMIN_MUNICIPALITY_IDENTIFY,GEO_POINT_2a1372d3aeb4,260185beb89ef392c48d6d6af8f7eb127c7208624757ac954034bd1f59dddd72
corvatsch_furtschellas,9.823236,46.432119,3790,Silvaplana,GR,2026,unique_current_polygon,1,coordinate_container_only,geo.admin.ch point identify,high_for_coordinate_container_only,not_established,False,,False,GEOADMIN_MUNICIPALITY_IDENTIFY,GEO_POINT_810d350d7116,f8994b325e575515eeae1f999070f3aff26e36bd89c9a9944a84883bf73640b5
corviglia_st_moritz,9.818344,46.513102,3782,Celerina/Schlarigna,GR,2026,unique_current_polygon,1,coordinate_container_only,geo.admin.ch point identify,high_for_coordinate_container_only,not_established,True,Celerina/Schlarigna,True,GEOADMIN_MUNICIPALITY_IDENTIFY,GEO_POINT_ab1284fa6eb2,786b960d75f44c569327c18233c99d855462bf42a40d498ebff20192ff642edf
cote_aux_fees_la_cote_aux_fees,6.499678,46.865496,6504,La Côte-aux-Fées,NE,2026,unique_current_polygon,1,coordinate_container_only,geo.admin.ch point identify,high_for_coordinate_container_only,not_established,False,,False,GEOADMIN_MUNICIPALITY_IDENTIFY,GEO_POINT_2a9b2d59fe92,fab57b3e9d3a04543db09cf2bcd8c285ce6bbc67402491f95afd840ff14c25db
crans_montana_crans_montana,7.479029,46.336084,6253,Crans-Montana,VS,2026,unique_current_polygon,1,coordinate_container_only,geo.admin.ch point identify,high_for_coordinate_container_only,not_established,True,Crans-Montana,True,GEOADMIN_MUNICIPALITY_IDENTIFY,GEO_POINT_9ac7d1db1e69,fb0372f878e7a95dd35515fd8639759508fac017fa1a27261ff1c091e17f02a5
cret_meuron,6.859999,47.067509,6487,Val-de-Ruz,NE,2026,unique_current_polygon,1,coordinate_container_only,geo.admin.ch point identify,high_for_coordinate_container_only,not_established,False,,False,GEOADMIN_MUNICIPALITY_IDENTIFY,GEO_POINT_daeb67f4e97a,6c32eaf2d5e40dc693850543a7964028010c229b7209673f1b15ced742871475
dallenwil_wirzweli,8.363085,46.914393,1503,Dallenwil,NW,2026,unique_current_polygon,1,coordinate_container_only,geo.admin.ch point identify,high_for_coordinate_container_only,not_established,False,,False,GEOADMIN_MUNICIPALITY_IDENTIFY,GEO_POINT_94f60322373e,c3dd816c05558e3aa676f41abc149e1d2b07d6c50da81e84d084040db67e57f0
degersheim,9.197,47.368843,3401,Degersheim,SG,2026,unique_current_polygon,1,coordinate_container_only,geo.admin.ch point identify,high_for_coordinate_container_only,not_established,False,,False,GEOADMIN_MUNICIPALITY_IDENTIFY,GEO_POINT_be4526efecd0,8cf2e6bc8208c07dc8bbeecb395469d80b389c6bb3e08c4c67d2c2a241b41d08
diavolezza_lagalb,9.966389,46.413612,3784,Pontresina,GR,2026,unique_current_polygon,1,coordinate_container_only,geo.admin.ch point identify,high_for_coordinate_container_only,not_established,True,Pontresina,True,GEOADMIN_MUNICIPALITY_IDENTIFY,GEO_POINT_c29dbe81704d,bd04f25ec1c23e6b35cfa1d9109fb84a657f0eee704d954c8c1aaf061b7c6cfb
dicki_weisslingen,8.760052,47.434103,180,Weisslingen,ZH,2026,unique_current_polygon,1,coordinate_container_only,geo.admin.ch point identify,high_for_coordinate_container_only,not_established,False,,False,GEOADMIN_MUNICIPALITY_IDENTIFY,GEO_POINT_72eef9212c30,aaa2415e2e4e9022c272c3e419dcf524ba8d5ed6825ef6d00149776e39cc7bb2
disentis,8.814468,46.704321,3982,Disentis/Mustér,GR,2026,unique_current_polygon,1,coordinate_container_only,geo.admin.ch point identify,high_for_coordinate_container_only,not_established,False,,False,GEOADMIN_MUNICIPALITY_IDENTIFY,GEO_POINT_11829cea0b19,55ab637d518257f83551e228fc0c0c72acab90b9f4b3ef9e652198bcd31ac144
ebenalp_horn,9.413481,47.284877,3112,Schwende-Rüte,AI,2026,unique_current_polygon,1,coordinate_container_only,geo.admin.ch point identify,high_for_coordinate_container_only,not_established,False,,False,GEOADMIN_MUNICIPALITY_IDENTIFY,GEO_POINT_f0c37cb9adef,d6d3d48473ec6292ed4533e93085b2ad232b4427ec5c08978610de98ede96f0e
egg_hallau,8.438873,47.699047,2971,Hallau,SH,2026,unique_current_polygon,1,coordinate_container_only,geo.admin.ch point identify,high_for_coordinate_container_only,not_established,False,,False,GEOADMIN_MUNICIPALITY_IDENTIFY,GEO_POINT_1043a24d086d,ae931e98f8d2514615a43a4a4d74273a512eff5dc80a9fab9fb00d8a5aab0262
eggiwil,7.77479,46.891772,901,Eggiwil,BE,2026,unique_current_polygon,1,coordinate_container_only,geo.admin.ch point identify,high_for_coordinate_container_only,not_established,False,,False,GEOADMIN_MUNICIPALITY_IDENTIFY,GEO_POINT_19f197f6eb61,d9b638dc62031c0ced6d2f5fa20b9f45d63feb750de62147c1983ffb03175138
eischoll_sportbahnen_eischoll,7.767677,46.277,6194,Eischoll,VS,2026,unique_current_polygon,1,coordinate_container_only,geo.admin.ch point identify,high_for_coordinate_container_only,not_established,False,,False,GEOADMIN_MUNICIPALITY_IDENTIFY,GEO_POINT_c7e9f1722ed7,55bbd72edb2e10090460c82cc95f28317ec5d200f850a805390a71c999c0d8a4
elm,9.15689,46.920329,1631,Glarus Süd,GL,2026,unique_current_polygon,1,coordinate_container_only,geo.admin.ch point identify,high_for_coordinate_container_only,not_established,True,Glarus Süd,True,GEOADMIN_MUNICIPALITY_IDENTIFY,GEO_POINT_0e895d2158b3,dad54e40d5ce9612bcbcc119d686e1988ae919b49e7144fd741a904782b1ae7e
elsigenalp_metschalp_frutigen,7.623138,46.522139,563,Frutigen,BE,2026,unique_current_polygon,1,coordinate_container_only,geo.admin.ch point identify,high_for_coordinate_container_only,not_established,False,,False,GEOADMIN_MUNICIPALITY_IDENTIFY,GEO_POINT_78b0b228d6f2,822238659bbc76db37f271d8ddbcdda2024988cb537205d86568ce6b34caf58b
engelberg_titlis,8.410892,46.787191,1511,Wolfenschiessen,NW,2026,unique_current_polygon,1,coordinate_container_only,geo.admin.ch point identify,high_for_coordinate_container_only,not_established,False,,False,GEOADMIN_MUNICIPALITY_IDENTIFY,GEO_POINT_e105fe9c6a91,2ce1b3f768fd620e1ccac89f0a9226ac46ab014da39fc20bc73c1a0af9395fe2
engstligenalp_adelboden,7.570224,46.437739,561,Adelboden,BE,2026,unique_current_polygon,1,coordinate_container_only,geo.admin.ch point identify,high_for_coordinate_container_only,not_established,True,Adelboden,True,GEOADMIN_MUNICIPALITY_IDENTIFY,GEO_POINT_8f4d4e6942e9,bcb3e1fa9c194d7b29f98e1f996f7e6c2fa070d4e9fd0d73c43ee2004773c5e1
eriz,7.825141,46.781343,932,Horrenbach-Buchen,BE,2026,unique_current_polygon,1,coordinate_container_only,geo.admin.ch point identify,high_for_coordinate_container_only,not_established,False,,False,GEOADMIN_MUNICIPALITY_IDENTIFY,GEO_POINT_9232351acfdc,5ba822ec8e1c5c797ea1b43ac118cb3667d150f4edba0b703231ca7605909f49
evolene,7.465553,46.121738,6083,Evolène,VS,2026,unique_current_polygon,1,coordinate_container_only,geo.admin.ch point identify,high_for_coordinate_container_only,not_established,True,Evolène,True,GEOADMIN_MUNICIPALITY_IDENTIFY,GEO_POINT_e64c0fd83f0f,8eef54923e721c56d51a9f5af63207563c1229c8cd182c86b13ed4bac04865d6
faltschen_reichenbach_im_kandertal,7.719454,46.630739,567,Reichenbach im Kandertal,BE,2026,unique_current_polygon,1,coordinate_container_only,geo.admin.ch point identify,high_for_coordinate_container_only,not_established,True,Reichenbach im Kandertal,True,GEOADMIN_MUNICIPALITY_IDENTIFY,GEO_POINT_576b343c9ee6,b56eda10bd4c29b863074a04602136bfa84d27a353b0e1797356802641bf0552
feldis,9.441891,46.79386,3673,Domleschg,GR,2026,unique_current_polygon,1,coordinate_container_only,geo.admin.ch point identify,high_for_coordinate_container_only,not_established,False,,False,GEOADMIN_MUNICIPALITY_IDENTIFY,GEO_POINT_be0a253bd142,bd20e36ec27db0015ea3788f4b067dce5618b0867767147abb39a11ca96492c5
fluelen_eggberge_fluelen,8.65191,46.902848,1201,Altdorf (UR),UR,2026,unique_current_polygon,1,coordinate_container_only,geo.admin.ch point identify,high_for_coordinate_container_only,not_established,False,,False,GEOADMIN_MUNICIPALITY_IDENTIFY,GEO_POINT_c5240e5fc307,851efdccd5686734adae19e8b45815f1a1f948e8d3b914622688ccc35f4b2abd
flumserberg,9.266882,47.078072,3295,Quarten,SG,2026,unique_current_polygon,1,coordinate_container_only,geo.admin.ch point identify,high_for_coordinate_container_only,not_established,True,Quarten,True,GEOADMIN_MUNICIPALITY_IDENTIFY,GEO_POINT_13645f1848e2,34f7c1763fcf8c19ede9f4813a474c9fca1171c791aecb201f7e4d405d4e842b
friherrenberg_einsiedeln,8.76194,47.12733,1301,Einsiedeln,SZ,2026,unique_current_polygon,1,coordinate_container_only,geo.admin.ch point identify,high_for_coordinate_container_only,not_established,True,Einsiedeln,True,GEOADMIN_MUNICIPALITY_IDENTIFY,GEO_POINT_06b6efd2808a,4432d2302230baaa9561a39e9a6b7a97ca48e0efbaeafa3da45ecb8e67aef6d8
gadmen,8.35102,46.738742,784,Innertkirchen,BE,2026,unique_current_polygon,1,coordinate_container_only,geo.admin.ch point identify,high_for_coordinate_container_only,not_established,True,Innertkirchen,True,GEOADMIN_MUNICIPALITY_IDENTIFY,GEO_POINT_ba34e974d503,3811bcf1cba08135a08bdf24503b9ad730f4b286cdeecde093b42ab7bd395c2f
gampel_jeizinen_jeizinen_feselalpe_gampel,7.722965,46.328142,6118,Gampel-Bratsch,VS,2026,unique_current_polygon,1,coordinate_container_only,geo.admin.ch point identify,high_for_coordinate_container_only,not_established,False,,False,GEOADMIN_MUNICIPALITY_IDENTIFY,GEO_POINT_13f259f5288b,c8fd6933a01300a9de728cf512c0e98c59788e297037381bbcafd931bfef1e17
gantrisch_gurnigel,7.45328,46.724344,880,Rüeggisberg,BE,2026,unique_current_polygon,1,coordinate_container_only,geo.admin.ch point identify,high_for_coordinate_container_only,not_established,False,,False,GEOADMIN_MUNICIPALITY_IDENTIFY,GEO_POINT_022fd6670488,708342213e7bbb9653cedee2c66b2a2e51c69f5a219fd47a463e9a372867f12e
gemsstock_andermatt_gemsstock,8.605814,46.612422,1202,Andermatt,UR,2026,unique_current_polygon,1,coordinate_container_only,geo.admin.ch point identify,high_for_coordinate_container_only,not_established,True,Andermatt,True,GEOADMIN_MUNICIPALITY_IDENTIFY,GEO_POINT_6e472f9dd37f,c24f952e1eea2b02fcd270b7cabeb9d6a58bb7a1a33fcf610ea7e0c65f325d0e
gfellen_entlebuch_finsterwald,8.127464,46.956442,1002,Entlebuch,LU,2026,unique_current_polygon,1,coordinate_container_only,geo.admin.ch point identify,high_for_coordinate_container_only,not_established,False,,False,GEOADMIN_MUNICIPALITY_IDENTIFY,GEO_POINT_d69995a32661,24ceaba0559e43f9d603519621975046be176686fb8519b28065848c952fc265
ghoch,8.902917,47.333543,111,Bäretswil,ZH,2026,unique_current_polygon,1,coordinate_container_only,geo.admin.ch point identify,high_for_coordinate_container_only,not_established,False,,False,GEOADMIN_MUNICIPALITY_IDENTIFY,GEO_POINT_456be8432080,a611aa3b8088169e8e20a86dfe4183f68f7ad27723aae7d8cfef88287abb655d
gitschenen_skilift_gitschenen,8.502581,46.900566,1211,Isenthal,UR,2026,unique_current_polygon,1,coordinate_container_only,geo.admin.ch point identify,high_for_coordinate_container_only,not_established,False,,False,GEOADMIN_MUNICIPALITY_IDENTIFY,GEO_POINT_073f0b4f4030,bcbbbf93b43c848ddb1c35ef64ac18f9ad794bce80dfea224b972e1c5d756ec0
glacier_3000_les_diablerets,7.212782,46.318303,6265,Savièse,VS,2026,unique_current_polygon,1,coordinate_container_only,geo.admin.ch point identify,high_for_coordinate_container_only,not_established,False,,False,GEOADMIN_MUNICIPALITY_IDENTIFY,GEO_POINT_5ed5c3b1b18b,d725939a44795be80717a8e8c029c858aecb7fd4bbd8b0853edb0134838cc576
grachen,7.852221,46.193973,6285,Grächen,VS,2026,unique_current_polygon,1,coordinate_container_only,geo.admin.ch point identify,high_for_coordinate_container_only,not_established,False,,False,GEOADMIN_MUNICIPALITY_IDENTIFY,GEO_POINT_9e818caaa9d9,1f7e6ec6213fc05fa6cbac22170409bc94043e7ebe72244e3b1255b14fb2dff2
grimentz_zinal_grimentz_zinal,7.556791,46.180841,6252,Anniviers,VS,2026,unique_current_polygon,1,coordinate_container_only,geo.admin.ch point identify,high_for_coordinate_container_only,not_established,True,Anniviers,True,GEOADMIN_MUNICIPALITY_IDENTIFY,GEO_POINT_f5a9cd6bad72,1657c9bf7a15700b4b6078b08ac84e75d396c1baa000411ba241f7eb612d557b
grimmialp_diemtigtal,7.481089,46.561575,762,Diemtigen,BE,2026,unique_current_polygon,1,coordinate_container_only,geo.admin.ch point identify,high_for_coordinate_container_only,not_established,True,Diemtigen,True,GEOADMIN_MUNICIPALITY_IDENTIFY,GEO_POINT_00850049e3ce,0aee72a9fa4bba2bb0218858c5f5ac4a516a732743820f90fb33f460dc7765a7
grub_kaien,9.503018,47.441069,3031,Grub (AR),AR,2026,unique_current_polygon,1,coordinate_container_only,geo.admin.ch point identify,high_for_coordinate_container_only,not_established,False,,False,GEOADMIN_MUNICIPALITY_IDENTIFY,GEO_POINT_55700cf17fc0,6b864745b1fe0305431e0fe46b11adea76d760a407b51e27f0ba27602449f360
grusch_danusa,9.634493,46.961045,3961,Grüsch,GR,2026,unique_current_polygon,1,coordinate_container_only,geo.admin.ch point identify,high_for_coordinate_container_only,not_established,False,,False,GEOADMIN_MUNICIPALITY_IDENTIFY,GEO_POINT_a264b280639e,033a615b2f23a1410612fae36f17c36b7afbabd25be860ffc6a7f6f276c904c0
gstaad,7.318869,46.491597,843,Saanen,BE,2026,unique_current_polygon,1,coordinate_container_only,geo.admin.ch point identify,high_for_coordinate_container_only,not_established,True,Saanen,True,GEOADMIN_MUNICIPALITY_IDENTIFY,GEO_POINT_e0df63cbf0c8,3b8c5f64468b79d0353cce3ff6cfba459380e69e048d27e703dcc885f1755bab
gurten_bern,7.440187,46.918543,355,Köniz,BE,2026,unique_current_polygon,1,coordinate_container_only,geo.admin.ch point identify,high_for_coordinate_container_only,not_established,True,Köniz,True,GEOADMIN_MUNICIPALITY_IDENTIFY,GEO_POINT_c5ab3d183f3d,9b8894106016a9715433dfaaabe1fd91be67f521eb656a8bfb57874760e91b03
habkern,7.863808,46.727154,579,Habkern,BE,2026,unique_current_polygon,1,coordinate_container_only,geo.admin.ch point identify,high_for_coordinate_container_only,not_established,False,,False,GEOADMIN_MUNICIPALITY_IDENTIFY,GEO_POINT_aaa0470d1da2,e6285bdf1a3a7f81bd54976d3ca984e83ec40eb08b858a4154ef1a171426b17a
hamberg_gahwil,9.001708,47.39527,3392,Kirchberg (SG),SG,2026,unique_current_polygon,1,coordinate_container_only,geo.admin.ch point identify,high_for_coordinate_container_only,not_established,False,,False,GEOADMIN_MUNICIPALITY_IDENTIFY,GEO_POINT_0d197db59bc7,00da985d7246ae46f024634c3a34faa078179194b79c4feabcbcf358335962c2
hapfere_plaffeien,7.280062,46.730875,2299,Plaffeien,FR,2026,unique_current_polygon,1,coordinate_container_only,geo.admin.ch point identify,high_for_coordinate_container_only,not_established,True,Plaffeien,True,GEOADMIN_MUNICIPALITY_IDENTIFY,GEO_POINT_768442058cc0,88185048ea7beec0f229b50ca93d9c38b138a074d6044f0e5606adeeaeb8526f
heiden_bischofsberg,9.533338,47.433732,3032,Heiden,AR,2026,unique_current_polygon,1,coordinate_container_only,geo.admin.ch point identify,high_for_coordinate_container_only,not_established,True,Heiden,True,GEOADMIN_MUNICIPALITY_IDENTIFY,GEO_POINT_bcb3dc79bdfe,93b46efb3cfc7067276db2b4d5c2e573cc63602f54c70ce9dbdeeb9ed140f4e4
heiligenschwendi_hubelweid,7.684973,46.751028,927,Heiligenschwendi,BE,2026,unique_current_polygon,1,coordinate_container_only,geo.admin.ch point identify,high_for_coordinate_container_only,not_established,False,,False,GEOADMIN_MUNICIPALITY_IDENTIFY,GEO_POINT_bf190d7d83cd,0fbc71fbd21a83c6155b956a1b7a56f208fc929d45d351e852d236da9d39f29e
heimenschwand_buchholterberg,7.681117,46.825759,923,Buchholterberg,BE,2026,unique_current_polygon,1,coordinate_container_only,geo.admin.ch point identify,high_for_coordinate_container_only,not_established,False,,False,GEOADMIN_MUNICIPALITY_IDENTIFY,GEO_POINT_8d5e58641fc6,f2a6bbaa6bea10b73dadcaff1da52dd5b2db0378472a31f69a09c284bd0b608e
hemberg,9.173477,47.281835,3396,Neckertal,SG,2026,unique_current_polygon,1,coordinate_container_only,geo.admin.ch point identify,high_for_coordinate_container_only,not_established,True,Neckertal,True,GEOADMIN_MUNICIPALITY_IDENTIFY,GEO_POINT_3165699dfc37,de69616fc496715daff4e1fc1c9c39a1ab3aa75b521b2b5e2238f43b15556d9f
heuberge_fideriser_heuberge,9.724874,46.866294,3861,Fideris,GR,2026,unique_current_polygon,1,coordinate_container_only,geo.admin.ch point identify,high_for_coordinate_container_only,not_established,False,,False,GEOADMIN_MUNICIPALITY_IDENTIFY,GEO_POINT_a840cf4e1b4b,e8f00460ba067f7cb652eedfc3aac9c1e97404220b78b45ac1d7d3d6e947a65f
hoch_ybrig,8.784342,47.011221,1368,Oberiberg,SZ,2026,unique_current_polygon,1,coordinate_container_only,geo.admin.ch point identify,high_for_coordinate_container_only,not_established,False,,False,GEOADMIN_MUNICIPALITY_IDENTIFY,GEO_POINT_76cd0c3414e9,ed768187122b0c8d9f3474d71be0694f8fe5189610835a80fa2a6ce8352f5995
hochstuckli_sattel_hochstuckli,8.653793,47.064568,1372,Schwyz,SZ,2026,unique_current_polygon,1,coordinate_container_only,geo.admin.ch point identify,high_for_coordinate_container_only,not_established,True,Schwyz,True,GEOADMIN_MUNICIPALITY_IDENTIFY,GEO_POINT_d6f0ef9e6c8e,6283b804c1fdba4c165a6059173f9cf49078c2ca466e1e45f21f171dea062622
hochwang,9.648889,46.840557,3921,Arosa,GR,2026,unique_current_polygon,1,coordinate_container_only,geo.admin.ch point identify,high_for_coordinate_container_only,not_established,True,Arosa,True,GEOADMIN_MUNICIPALITY_IDENTIFY,GEO_POINT_4c40dad448bc,036770c5839d8c063c78cf702032ee839518061dcac5182589d9d386e5cc0775
hohe_winde_beinwil,7.594085,47.346791,2612,Beinwil (SO),SO,2026,unique_current_polygon,1,coordinate_container_only,geo.admin.ch point identify,high_for_coordinate_container_only,not_established,False,,False,GEOADMIN_MUNICIPALITY_IDENTIFY,GEO_POINT_d89d7be79f82,7e3acbabc6691254ede3549b97b74f11427e84c523268c494ec9b33d4831d9e4
hohsaas_saas_grund_hohsaas,7.965088,46.138512,6291,Saas-Grund,VS,2026,unique_current_polygon,1,coordinate_container_only,geo.admin.ch point identify,high_for_coordinate_container_only,not_established,True,Saas-Grund,True,GEOADMIN_MUNICIPALITY_IDENTIFY,GEO_POINT_a7fbc0358b88,b3e86cc8f0c34249d36c95b1b782ec4f05f452a23d1cdf725ef240cb55bfc02f
homberg_skilift_dreiligass_winteregg,7.677759,46.770492,931,Homberg,BE,2026,unique_current_polygon,1,coordinate_container_only,geo.admin.ch point identify,high_for_coordinate_container_only,not_established,False,,False,GEOADMIN_MUNICIPALITY_IDENTIFY,GEO_POINT_66997aced7a5,539b7a10bca5eeef0a0d13c3d4443b9b575024430ec7faacda4b5c20c5a28931
hornli_schonengrund,9.21129,47.311824,3396,Neckertal,SG,2026,unique_current_polygon,1,coordinate_container_only,geo.admin.ch point identify,high_for_coordinate_container_only,not_established,True,Neckertal,True,GEOADMIN_MUNICIPALITY_IDENTIFY,GEO_POINT_555de83d08d1,8b2e5729dddfdab5105513613c8600120939f60f0d0874ddc19d44b4f5d25688
ibergeregg_skilifte_ibergeregg,8.728863,47.022003,1372,Schwyz,SZ,2026,unique_current_polygon,1,coordinate_container_only,geo.admin.ch point identify,high_for_coordinate_container_only,not_established,True,Schwyz,True,GEOADMIN_MUNICIPALITY_IDENTIFY,GEO_POINT_bf42264ee62b,6283b804c1fdba4c165a6059173f9cf49078c2ca466e1e45f21f171dea062622
jakobsbad_kronberg,9.321728,47.320672,3102,Gonten,AI,2026,unique_current_polygon,1,coordinate_container_only,geo.admin.ch point identify,high_for_coordinate_container_only,not_established,True,Gonten,True,GEOADMIN_MUNICIPALITY_IDENTIFY,GEO_POINT_d20d0c0dde84,c5478c40b69d9e35379f8bec9d9236c6874a5bacbaf856f7f0c62d9914aa3e23
jakobshorn_davos_jakobshorn,9.83654,46.774495,3851,Davos,GR,2026,unique_current_polygon,1,coordinate_container_only,geo.admin.ch point identify,high_for_coordinate_container_only,not_established,True,Davos,True,GEOADMIN_MUNICIPALITY_IDENTIFY,GEO_POINT_1288a2562c9a,53735db23a0b62a480b294109be1dc961d3831ac4ed999f9db7d892c97c34c8f
jaun_gastlosen,7.276211,46.610653,2138,Jaun,FR,2026,unique_current_polygon,1,coordinate_container_only,geo.admin.ch point identify,high_for_coordinate_container_only,not_established,False,,False,GEOADMIN_MUNICIPALITY_IDENTIFY,GEO_POINT_9fa3918dbd3c,4c431af1c9be8cd2850053a2cdd6af95c21cb4a1c7c580dd1e4f846dd23b2988
jaunpass,7.338685,46.592276,791,Boltigen,BE,2026,unique_current_polygon,1,coordinate_container_only,geo.admin.ch point identify,high_for_coordinate_container_only,not_established,False,,False,GEOADMIN_MUNICIPALITY_IDENTIFY,GEO_POINT_3fbcaeda60e8,81da04050d22b8dd4e43820cf62476c8f9d01511816e4c4e3432ffea9e3b59c7
junker_st_antonien,9.803253,46.971446,3891,Luzein,GR,2026,unique_current_polygon,1,coordinate_container_only,geo.admin.ch point identify,high_for_coordinate_container_only,not_established,False,,False,GEOADMIN_MUNICIPALITY_IDENTIFY,GEO_POINT_f5bee26e04f6,338cd07be0c54690ecc3282273324e9b2cd466ec9b315604efaefea2fa9c512a
kellerberg_skilift_kellerberg_haldi,8.688415,46.853117,1213,Schattdorf,UR,2026,unique_current_polygon,1,coordinate_container_only,geo.admin.ch point identify,high_for_coordinate_container_only,not_established,False,,False,GEOADMIN_MUNICIPALITY_IDENTIFY,GEO_POINT_f4168d2b2960,bdd35477a0fbe1082ae4369d399a3cadb5eb1aabc40d937ebe36af2ac95a4799
kerenzerberg,9.125776,47.105537,1630,Glarus Nord,GL,2026,unique_current_polygon,1,coordinate_container_only,geo.admin.ch point identify,high_for_coordinate_container_only,not_established,True,Glarus Nord,True,GEOADMIN_MUNICIPALITY_IDENTIFY,GEO_POINT_85e4a88d2053,77b0bc1bbf0822d2cd5edbd06a2b12bc8a7a4357e6a9e1ecc8fd1d398fe4ddf6
kiental,7.710857,46.580575,567,Reichenbach im Kandertal,BE,2026,unique_current_polygon,1,coordinate_container_only,geo.admin.ch point identify,high_for_coordinate_container_only,not_established,True,Reichenbach im Kandertal,True,GEOADMIN_MUNICIPALITY_IDENTIFY,GEO_POINT_18f499b1f357,63db5f818c53548eebf14b9c1789b8e40f93a6d7a0bb5f7614a81c0dfbca41de
klausenbohl_gais_klausenbohl,9.459887,47.365886,3022,Gais,AR,2026,unique_current_polygon,1,coordinate_container_only,geo.admin.ch point identify,high_for_coordinate_container_only,not_established,True,Gais,True,GEOADMIN_MUNICIPALITY_IDENTIFY,GEO_POINT_884dc84b9bc2,8381638e64116c366e87b683d811ae74a8443f91783ea86884f610dfbcb49cbc
klewenalp_stockhutte,8.479385,46.939305,1501,Beckenried,NW,2026,unique_current_polygon,1,coordinate_container_only,geo.admin.ch point identify,high_for_coordinate_container_only,not_established,True,Beckenried,True,GEOADMIN_MUNICIPALITY_IDENTIFY,GEO_POINT_dcd5cac0c8ee,a7fa293fecf22bc6ac68952d1191893280fcf3e0b339fdb3584396f34eeced69
la_berra_la_roche,7.175961,46.676091,2149,La Roche,FR,2026,unique_current_polygon,1,coordinate_container_only,geo.admin.ch point identify,high_for_coordinate_container_only,not_established,False,,False,GEOADMIN_MUNICIPALITY_IDENTIFY,GEO_POINT_d1826cd6a9dc,6c2ab022bdcb2216146f758f96224dd09d38cc88407a784a461dc929e7be5253
la_brevine,6.604262,46.978921,6432,La Brévine,NE,2026,unique_current_polygon,1,coordinate_container_only,geo.admin.ch point identify,high_for_coordinate_container_only,not_established,False,,False,GEOADMIN_MUNICIPALITY_IDENTIFY,GEO_POINT_a320f1c08564,5773dd2804cb8381e4be07dc77315a86cc96257af5a785938ba132bb30f0fa25
la_corbatiere_la_roche_des_crocs,6.842594,47.069157,6421,La Chaux-de-Fonds,NE,2026,unique_current_polygon,1,coordinate_container_only,geo.admin.ch point identify,high_for_coordinate_container_only,not_established,True,La Chaux-de-Fonds,True,GEOADMIN_MUNICIPALITY_IDENTIFY,GEO_POINT_87b5ff58f38a,e49f0073a5ce34fdebae03ade716ccd60d10bce43113d36a6e19f37f72f503bb
la_dole_jura_sur_leman,6.093979,46.43348,5719,Gingins,VD,2026,unique_current_polygon,1,coordinate_container_only,geo.admin.ch point identify,high_for_coordinate_container_only,not_established,False,,False,GEOADMIN_MUNICIPALITY_IDENTIFY,GEO_POINT_96ccdafca199,8a1f56aabc530184696391fdc541e410460e6255d64c244324f8e0368069b27b
la_forclaz,7.52618,46.091229,6083,Evolène,VS,2026,unique_current_polygon,1,coordinate_container_only,geo.admin.ch point identify,high_for_coordinate_container_only,not_established,True,Evolène,True,GEOADMIN_MUNICIPALITY_IDENTIFY,GEO_POINT_bf558902bf90,efc7c2a312b465c696e7b39676c1ed21934a90da314cd588f43bfc57efed378b
la_lorette_bourg_saint_pierre,7.206459,45.954811,6032,Bourg-Saint-Pierre,VS,2026,unique_current_polygon,1,coordinate_container_only,geo.admin.ch point identify,high_for_coordinate_container_only,not_established,False,,False,GEOADMIN_MUNICIPALITY_IDENTIFY,GEO_POINT_492a27f13b72,6ba0328e5c8ae64450a341cf7625050506c2deead5764378cf1e5012558e8f11
la_robella,6.548667,46.874891,6512,Val-de-Travers,NE,2026,unique_current_polygon,1,coordinate_container_only,geo.admin.ch point identify,high_for_coordinate_container_only,not_established,False,,False,GEOADMIN_MUNICIPALITY_IDENTIFY,GEO_POINT_c0ee2e8d89ac,f65d529be0bc66260d5bbf735a2cee6cc8159622f35dd19f195e6e70db000f6a
la_tzoumaz_mayens_de_riddes,7.224455,46.130363,6139,Riddes,VS,2026,unique_current_polygon,1,coordinate_container_only,geo.admin.ch point identify,high_for_coordinate_container_only,not_established,False,,False,GEOADMIN_MUNICIPALITY_IDENTIFY,GEO_POINT_c59fd006a9a1,74af880fe1738b0d7f6d6e384de1a019b210c16bfd6cb1f3e0c4d1d721c8561a
laax_flims_laax_falera,9.217186,46.847979,3575,Laax,GR,2026,unique_current_polygon,1,coordinate_container_only,geo.admin.ch point identify,high_for_coordinate_container_only,not_established,True,Laax,True,GEOADMIN_MUNICIPALITY_IDENTIFY,GEO_POINT_c446edacc494,c100c8529b94767bbcecc4e4379195383d8f9dff4df092bfdc6736497663d354
langenbruck,7.763203,47.34501,2888,Langenbruck,BL,2026,unique_current_polygon,1,coordinate_container_only,geo.admin.ch point identify,high_for_coordinate_container_only,not_established,False,,False,GEOADMIN_MUNICIPALITY_IDENTIFY,GEO_POINT_ae714c379fce,32f4383b615012d0e26ea6ec309b0ef425dd30e771d3e0a71334b462ef41c8cb
langis_glaubenberg,8.118768,46.895185,1407,Sarnen,OW,2026,unique_current_polygon,1,coordinate_container_only,geo.admin.ch point identify,high_for_coordinate_container_only,not_established,True,Sarnen,True,GEOADMIN_MUNICIPALITY_IDENTIFY,GEO_POINT_fd5fee4b9d59,384c58e41c950d56e67bb64eb4fbfa9168bff7048deaff57dbe04ae43213531c
languard_pontresina,9.907554,46.491566,3784,Pontresina,GR,2026,unique_current_polygon,1,coordinate_container_only,geo.admin.ch point identify,high_for_coordinate_container_only,not_established,True,Pontresina,True,GEOADMIN_MUNICIPALITY_IDENTIFY,GEO_POINT_1f7f7337f9cb,bd04f25ec1c23e6b35cfa1d9109fb84a657f0eee704d954c8c1aaf061b7c6cfb
lauchernalp_lotschental,7.770939,46.416677,6202,Wiler (Lötschen),VS,2026,unique_current_polygon,1,coordinate_container_only,geo.admin.ch point identify,high_for_coordinate_container_only,not_established,False,,False,GEOADMIN_MUNICIPALITY_IDENTIFY,GEO_POINT_1bff468a1441,42beec3107d8d5dde38134a72d8982ee94d4527527c60af408230351938fab66
le_chaluet,7.388745,47.24311,690,Court,BE,2026,unique_current_polygon,1,coordinate_container_only,geo.admin.ch point identify,high_for_coordinate_container_only,not_established,False,,False,GEOADMIN_MUNICIPALITY_IDENTIFY,GEO_POINT_d914d47ff12e,b8047d1107962dfc1e6bc118778aa94ed7522e30233f55449eed71e229f4235e
le_paquier_cret_du_puy,6.987315,47.091784,6487,Val-de-Ruz,NE,2026,unique_current_polygon,1,coordinate_container_only,geo.admin.ch point identify,high_for_coordinate_container_only,not_established,False,,False,GEOADMIN_MUNICIPALITY_IDENTIFY,GEO_POINT_336b44ad5ebe,f517ec9eb96c6358a25c7906c13c91c66df7365cad78338ec9b09d719681523c
lenk,7.431993,46.446255,792,Lenk,BE,2026,unique_current_polygon,1,coordinate_container_only,geo.admin.ch point identify,high_for_coordinate_container_only,not_established,True,Lenk,True,GEOADMIN_MUNICIPALITY_IDENTIFY,GEO_POINT_e7aa087ef186,8cd49a231b43ed380a9c01f440a8af0d47e5aa34b1b1183e818e2a205ba17f78
les_breuleux,7.015157,47.194437,448,Villeret,BE,2026,unique_current_polygon,1,coordinate_container_only,geo.admin.ch point identify,high_for_coordinate_container_only,not_established,False,,False,GEOADMIN_MUNICIPALITY_IDENTIFY,GEO_POINT_5e9493661666,4a256676f3ac42cfb30b1d3129746aa9a0d351f2fdd924f3f1e491e021136226
les_bugnenets_savagnieres,7.018976,47.124286,443,Saint-Imier,BE,2026,unique_current_polygon,1,coordinate_container_only,geo.admin.ch point identify,high_for_coordinate_container_only,not_established,False,,False,GEOADMIN_MUNICIPALITY_IDENTIFY,GEO_POINT_c6411ca26bf3,8f9f46347d5b836648e3c69f21fd25b13b4bd3eda5fe83c9b3d5f15f90d0b49d
les_diablerets_glacier_3000,7.14017,46.341773,5411,Ormont-Dessus,VD,2026,unique_current_polygon,1,coordinate_container_only,geo.admin.ch point identify,high_for_coordinate_container_only,not_established,True,Ormont-Dessus,True,GEOADMIN_MUNICIPALITY_IDENTIFY,GEO_POINT_4d7924945835,7d6c132ca20ba4c977caa12361aa300e986328fe2c1e33f8002ad35779351a07
les_genevez,7.136436,47.248737,6748,Les Genevez (JU),JU,2026,unique_current_polygon,1,coordinate_container_only,geo.admin.ch point identify,high_for_coordinate_container_only,not_established,False,,False,GEOADMIN_MUNICIPALITY_IDENTIFY,GEO_POINT_1e43e7af6ae9,b4cb8ee90d449623f68e47d8cb80ae27ff31f330525e95cdd7902c958a302c8d
les_loges,6.871577,47.070038,6487,Val-de-Ruz,NE,2026,unique_current_polygon,1,coordinate_container_only,geo.admin.ch point identify,high_for_coordinate_container_only,not_established,False,,False,GEOADMIN_MUNICIPALITY_IDENTIFY,GEO_POINT_8dbf73e45e47,6c32eaf2d5e40dc693850543a7964028010c229b7209673f1b15ced742871475
les_marecottes,7.004299,46.111683,6218,Salvan,VS,2026,unique_current_polygon,1,coordinate_container_only,geo.admin.ch point identify,high_for_coordinate_container_only,not_established,False,,False,GEOADMIN_MUNICIPALITY_IDENTIFY,GEO_POINT_2bdc161fa71a,5b42393c593202758f881db6d74fde5cdb3e6149438b9365de8e6d4269c86265
les_paccots_chatel_saint_denis,6.947823,46.521312,2325,Châtel-Saint-Denis,FR,2026,unique_current_polygon,1,coordinate_container_only,geo.admin.ch point identify,high_for_coordinate_container_only,not_established,False,,False,GEOADMIN_MUNICIPALITY_IDENTIFY,GEO_POINT_59b6098fda6d,3b3494636b166bd026607c95ff76dc5ca906c0d6b6a260c7573a429a8e494a96
les_pleiades,6.915979,46.495024,5892,Blonay - Saint-Légier,VD,2026,unique_current_polygon,1,coordinate_container_only,geo.admin.ch point identify,high_for_coordinate_container_only,not_established,True,Blonay - Saint-Légier,True,GEOADMIN_MUNICIPALITY_IDENTIFY,GEO_POINT_39daa6a93148,556e66e8c4949548f70c62555442a2dad3f00753d6d4ba5751da0d099cbca251
les_prevondes,6.933703,46.458319,5886,Montreux,VD,2026,unique_current_polygon,1,coordinate_container_only,geo.admin.ch point identify,high_for_coordinate_container_only,not_established,True,Montreux,True,GEOADMIN_MUNICIPALITY_IDENTIFY,GEO_POINT_145ed6337049,e988356f350f4993b5f93f53dba8a3d2ef391acca148bec4ff7d88cdbffcb593
les_verrieres,6.477439,46.899539,6511,Les Verrières,NE,2026,unique_current_polygon,1,coordinate_container_only,geo.admin.ch point identify,high_for_coordinate_container_only,not_established,False,,False,GEOADMIN_MUNICIPALITY_IDENTIFY,GEO_POINT_f0b89c0ce88c,4f30917ef31e2c4312c1324f644f1af42f6d2d24aebc520a2bec84194e051581
leukerbad,7.649295,46.368653,6102,Albinen,VS,2026,unique_current_polygon,1,coordinate_container_only,geo.admin.ch point identify,high_for_coordinate_container_only,not_established,False,,False,GEOADMIN_MUNICIPALITY_IDENTIFY,GEO_POINT_cbf88fb3041f,fa90ca2b0869e1e3e089cb2ab6ae2edc4e4a7d611d259673927037adb4121956
leysin_les_mosses_la_lecherette,7.009964,46.358421,5407,Leysin,VD,2026,unique_current_polygon,1,coordinate_container_only,geo.admin.ch point identify,high_for_coordinate_container_only,not_established,True,Leysin,True,GEOADMIN_MUNICIPALITY_IDENTIFY,GEO_POINT_07f2678bfcd4,ce4c26ca44230d91819a1084ca19ac9c549baa0d721cdbe7611addb4ca246e64
linden_skilift_linden,7.677598,46.838971,614,Linden,BE,2026,unique_current_polygon,1,coordinate_container_only,geo.admin.ch point identify,high_for_coordinate_container_only,not_established,False,,False,GEOADMIN_MUNICIPALITY_IDENTIFY,GEO_POINT_0c42da5e03cb,2b977de5657a7fc3a0edff4bca19935cb40f22365bfc13182e893feb387fb48d
lungern_turren_lungern_schonbuel,8.129403,46.788748,1405,Lungern,OW,2026,unique_current_polygon,1,coordinate_container_only,geo.admin.ch point identify,high_for_coordinate_container_only,not_established,False,,False,GEOADMIN_MUNICIPALITY_IDENTIFY,GEO_POINT_a5bd80925a32,af970106c91e6ff5209f374309ef0211f63c866b7355718948833d7efd952b2b
madrisa_klosters_madrisa,9.867868,46.897446,3871,Klosters,GR,2026,unique_current_polygon,1,coordinate_container_only,geo.admin.ch point identify,high_for_coordinate_container_only,not_established,True,Klosters,True,GEOADMIN_MUNICIPALITY_IDENTIFY,GEO_POINT_328e5ddaacd6,6fbb36bbc8098e44e0096f48efbc36dc0c49001500d5cd387c9f1b15bacfd979
marchbachegg_marbach_marbachegg,7.899685,46.840233,1010,Escholzmatt-Marbach,LU,2026,unique_current_polygon,1,coordinate_container_only,geo.admin.ch point identify,high_for_coordinate_container_only,not_established,False,,False,GEOADMIN_MUNICIPALITY_IDENTIFY,GEO_POINT_25c84441d994,574a77bf39fd6fd93b2ef1639343d431602ebdc62569149ea4b21975cd313f46
mastrils_skilift_mastrils,9.538779,46.967238,3955,Landquart,GR,2026,unique_current_polygon,1,coordinate_container_only,geo.admin.ch point identify,high_for_coordinate_container_only,not_established,False,,False,GEOADMIN_MUNICIPALITY_IDENTIFY,GEO_POINT_37b8b6e96a7b,d80122a677b90e9709713092fb1710536971502636634e8721b30c7f0ec2b683
meiringen_hasliberg,8.230219,46.747918,783,Hasliberg,BE,2026,unique_current_polygon,1,coordinate_container_only,geo.admin.ch point identify,high_for_coordinate_container_only,not_established,True,Hasliberg,True,GEOADMIN_MUNICIPALITY_IDENTIFY,GEO_POINT_4d12ef9b7d8d,4ab1f38f822c6d2d9c20fb2968ad3e9df0fbb346375de4adb78510613237d293
melchsee_frutt,8.278284,46.775788,1404,Kerns,OW,2026,unique_current_polygon,1,coordinate_container_only,geo.admin.ch point identify,high_for_coordinate_container_only,not_established,False,,False,GEOADMIN_MUNICIPALITY_IDENTIFY,GEO_POINT_e9698c927a1a,439b2adb784b585d331e5eb9052edf6ea2def68994bae4980602e33fc546bd6a
minschuns_val_mustair,10.332212,46.647256,3847,Val Müstair,GR,2026,unique_current_polygon,1,coordinate_container_only,geo.admin.ch point identify,high_for_coordinate_container_only,not_established,True,Val Müstair,True,GEOADMIN_MUNICIPALITY_IDENTIFY,GEO_POINT_0f5e200f3661,c1d93719017ce34ddb9537ae090b0a80ada61a6ed30489b32bee2d378036b118
mogno,8.661765,46.428061,5323,Lavizzara,TI,2026,unique_current_polygon,1,coordinate_container_only,geo.admin.ch point identify,high_for_coordinate_container_only,not_established,False,,False,GEOADMIN_MUNICIPALITY_IDENTIFY,GEO_POINT_f1c5b8863d50,17e6a6d7950588238455db85c4ed74f97ef94f7b97d666950cf637499eddbe0b
moleson_la_gruyere,7.0205,46.550568,2135,Gruyères,FR,2026,unique_current_polygon,1,coordinate_container_only,geo.admin.ch point identify,high_for_coordinate_container_only,not_established,True,Gruyères,True,GEOADMIN_MUNICIPALITY_IDENTIFY,GEO_POINT_fc0b623fc7f4,556d8a2429823c2048d7ad664922967d78e3037b9d2dcd6f64b41f9cae103820
mont_gibloux,7.037687,46.686425,2236,Gibloux,FR,2026,unique_current_polygon,1,coordinate_container_only,geo.admin.ch point identify,high_for_coordinate_container_only,not_established,False,,False,GEOADMIN_MUNICIPALITY_IDENTIFY,GEO_POINT_533bd954a2e2,7bf7b69d1d573fadab5fc165d2dcbca46d55a51072d0e40b849cf7286f5ca320
mont_noble_nax,7.474308,46.211817,6090,Mont-Noble,VS,2026,unique_current_polygon,1,coordinate_container_only,geo.admin.ch point identify,high_for_coordinate_container_only,not_established,False,,False,GEOADMIN_MUNICIPALITY_IDENTIFY,GEO_POINT_d572755fec09,2ac12163991985b343b7230e1512f545a5d8edb9c635d455759f0ba12ce735ed
moosalpregion,7.826857,46.251225,6296,Törbel,VS,2026,unique_current_polygon,1,coordinate_container_only,geo.admin.ch point identify,high_for_coordinate_container_only,not_established,False,,False,GEOADMIN_MUNICIPALITY_IDENTIFY,GEO_POINT_6bf683ddc9b4,8df31f8bac8a202594c0e762eff3a18a4ddd266d2a43c1147a0e337a6a74ee06
morlialp,8.108318,46.824379,1403,Giswil,OW,2026,unique_current_polygon,1,coordinate_container_only,geo.admin.ch point identify,high_for_coordinate_container_only,not_established,False,,False,GEOADMIN_MUNICIPALITY_IDENTIFY,GEO_POINT_786eea966153,c6cb025baae47090196f80a4a120f91e6b3e250dfa7bbd5fe2c860e99e64def2
motta_naluns_scuol_motta_naluns,10.261745,46.818447,3762,Scuol,GR,2026,unique_current_polygon,1,coordinate_container_only,geo.admin.ch point identify,high_for_coordinate_container_only,not_established,True,Scuol,True,GEOADMIN_MUNICIPALITY_IDENTIFY,GEO_POINT_b0ff8d81a860,e821dcdd5661444a4d0fd675231799e047c0fa65635830c880f89533b5fd4355
muottas_muragl,9.89705,46.518654,3786,Samedan,GR,2026,unique_current_polygon,1,coordinate_container_only,geo.admin.ch point identify,high_for_coordinate_container_only,not_established,True,Samedan,True,GEOADMIN_MUNICIPALITY_IDENTIFY,GEO_POINT_43a21962ae09,1d1a338cf310491b6f4965c40873e6a0a3487c5302b61d9211ef8d609df5d623
musella_la_punt_musella,9.930184,46.571481,3785,La Punt Chamues-ch,GR,2026,unique_current_polygon,1,coordinate_container_only,geo.admin.ch point identify,high_for_coordinate_container_only,not_established,False,,False,GEOADMIN_MUNICIPALITY_IDENTIFY,GEO_POINT_832369badb57,fffb19a5f322434433f8f68934b0c912843b15a3ad76dd1333f1f0df66848ec8
mythenregion,8.710206,47.022968,1361,Alpthal,SZ,2026,unique_current_polygon,1,coordinate_container_only,geo.admin.ch point identify,high_for_coordinate_container_only,not_established,False,,False,GEOADMIN_MUNICIPALITY_IDENTIFY,GEO_POINT_bc2d3b7b2d30,431d5e57eab0ff62df02833cc153805fbf208ae6738a5601cf90b0947263334c
nara_leontica_cancori,8.898282,46.460122,5048,Acquarossa,TI,2026,unique_current_polygon,1,coordinate_container_only,geo.admin.ch point identify,high_for_coordinate_container_only,not_established,False,,False,GEOADMIN_MUNICIPALITY_IDENTIFY,GEO_POINT_0ba0c4d6e822,c257e6541b6a8f5cc631e01eef4c5e7b18daed5ba30af185ddcc1674653bae0b
nendaz_4_vallees,7.308655,46.132848,6024,Nendaz,VS,2026,unique_current_polygon,1,coordinate_container_only,geo.admin.ch point identify,high_for_coordinate_container_only,not_established,True,Nendaz,True,GEOADMIN_MUNICIPALITY_IDENTIFY,GEO_POINT_9e560b3a4eaa,a476d81c012f9dcb8b4e4d44dc4af12b6ca809e8acfa0e36f7057d103c98c9d6
neusell,8.673921,47.091978,1370,Rothenthurm,SZ,2026,unique_current_polygon,1,coordinate_container_only,geo.admin.ch point identify,high_for_coordinate_container_only,not_established,False,,False,GEOADMIN_MUNICIPALITY_IDENTIFY,GEO_POINT_2b9643428296,a74ec0d52ee086e29b55a85b82dd380b3f15d42ce8a1673f34c94aea8cd85573
nods_chasseral,7.07693,47.118433,724,Nods,BE,2026,unique_current_polygon,1,coordinate_container_only,geo.admin.ch point identify,high_for_coordinate_container_only,not_established,False,,False,GEOADMIN_MUNICIPALITY_IDENTIFY,GEO_POINT_3649a9dde89d,82d42bf49c341aec72940119084dd67096811c0d1832041645c8ab1a0673d407
nollen_unterageri,8.557481,47.125504,1709,Unterägeri,ZG,2026,unique_current_polygon,1,coordinate_container_only,geo.admin.ch point identify,high_for_coordinate_container_only,not_established,True,Unterägeri,True,GEOADMIN_MUNICIPALITY_IDENTIFY,GEO_POINT_742ddaa08db7,28e6d7bbd76aa0a9c4a9969e9084e6a02912b117f33709d4e6e6c377c5915ded
oberegg_st_anton,9.550193,47.416692,3111,Oberegg,AI,2026,unique_current_polygon,1,coordinate_container_only,geo.admin.ch point identify,high_for_coordinate_container_only,not_established,False,,False,GEOADMIN_MUNICIPALITY_IDENTIFY,GEO_POINT_2ee6e5eaa152,819f192cfa79f6799bc795f7b1b607e8cb634ae816735f178f34fef35cbbeff4
obergoms_goms,8.267781,46.49144,6077,Goms,VS,2026,unique_current_polygon,1,coordinate_container_only,geo.admin.ch point identify,high_for_coordinate_container_only,not_established,True,Goms,True,GEOADMIN_MUNICIPALITY_IDENTIFY,GEO_POINT_b1c40c952682,92d119e93f3913161f7a7af1124c9a213c029a7b0ec711a913b5c39c582ea9f8
oberhelfenschwil,9.114499,47.353619,3396,Neckertal,SG,2026,unique_current_polygon,1,coordinate_container_only,geo.admin.ch point identify,high_for_coordinate_container_only,not_established,True,Neckertal,True,GEOADMIN_MUNICIPALITY_IDENTIFY,GEO_POINT_7417c201f76f,2fb6696c92be95a5963e615db609b51635d275f5ae4fc0572438dc60b856ca69
oberholz_farner,8.942528,47.287597,3342,Eschenbach (SG),SG,2026,unique_current_polygon,1,coordinate_container_only,geo.admin.ch point identify,high_for_coordinate_container_only,not_established,True,Eschenbach (SG),True,GEOADMIN_MUNICIPALITY_IDENTIFY,GEO_POINT_4cc38fea8d37,1f3a6f93da5bcd0045034172eb86b02d3d67c1e2af3ab741e4da77ba0c290001
oberiberg,8.782257,47.038439,1368,Oberiberg,SZ,2026,unique_current_polygon,1,coordinate_container_only,geo.admin.ch point identify,high_for_coordinate_container_only,not_established,False,,False,GEOADMIN_MUNICIPALITY_IDENTIFY,GEO_POINT_656864b9fe37,4f76fb17aabe0a70d6d2620c5591d2ea6e97cd248519736c1edfb11c02ecf80c
obermutten_mutten_obermutten,9.487853,46.672336,3668,Thusis,GR,2026,unique_current_polygon,1,coordinate_container_only,geo.admin.ch point identify,high_for_coordinate_container_only,not_established,False,,False,GEOADMIN_MUNICIPALITY_IDENTIFY,GEO_POINT_ecf6f05153ea,5127ebbb37d1c201a76f86039fb43879a6daf99050dfa8f3b30df8545a5bf475
obersaxen_mundaun,9.119854,46.736331,3988,Obersaxen Mundaun,GR,2026,unique_current_polygon,1,coordinate_container_only,geo.admin.ch point identify,high_for_coordinate_container_only,not_established,False,,False,GEOADMIN_MUNICIPALITY_IDENTIFY,GEO_POINT_e650105ee6e2,8453cdc7c8092d1ca19ad0b64269c675772a6819e9daf73f82762a7dff5c2e72
oberwangen,8.986676,47.420394,4726,Fischingen,TG,2026,unique_current_polygon,1,coordinate_container_only,geo.admin.ch point identify,high_for_coordinate_container_only,not_established,False,,False,GEOADMIN_MUNICIPALITY_IDENTIFY,GEO_POINT_30452d304447,7ed6aea234aa3ea0b607b69f6d7c87ca6e27cb996f1cfcd0c93e8d0cb7272459
opfershofen_skilift_stich_opfertshofen,8.657243,47.773517,2920,Thayngen,SH,2026,unique_current_polygon,1,coordinate_container_only,geo.admin.ch point identify,high_for_coordinate_container_only,not_established,False,,False,GEOADMIN_MUNICIPALITY_IDENTIFY,GEO_POINT_58050dcbc1c4,c7ffc2c933649b365da532b065a9df5ac86cd192fa0fe6b39b4155f4527e8117
osteregg_urnasch_osteregg,9.285523,47.310331,3006,Urnäsch,AR,2026,unique_current_polygon,1,coordinate_container_only,geo.admin.ch point identify,high_for_coordinate_container_only,not_established,False,,False,GEOADMIN_MUNICIPALITY_IDENTIFY,GEO_POINT_4505a7255a50,e0dbe70a1217fb1a569372b44a3b0c748fa62149235e373b524bccc2bc60cd3d
ottenleuebad,7.367363,46.730566,852,Guggisberg,BE,2026,unique_current_polygon,1,coordinate_container_only,geo.admin.ch point identify,high_for_coordinate_container_only,not_established,False,,False,GEOADMIN_MUNICIPALITY_IDENTIFY,GEO_POINT_b9a32835ec0d,feb8815f25111f214be888a32a1165c229a8d4c497b276146e374501f2324a40
ovronnaz,7.139568,46.203537,6135,Leytron,VS,2026,unique_current_polygon,1,coordinate_container_only,geo.admin.ch point identify,high_for_coordinate_container_only,not_established,False,,False,GEOADMIN_MUNICIPALITY_IDENTIFY,GEO_POINT_c9c1a8b180f8,95e2b9d7d099a668817368a510db7432b3e450b54e5378602aeaec4495e751e3
pany,9.760868,46.933802,3891,Luzein,GR,2026,unique_current_polygon,1,coordinate_container_only,geo.admin.ch point identify,high_for_coordinate_container_only,not_established,False,,False,GEOADMIN_MUNICIPALITY_IDENTIFY,GEO_POINT_2ff6d588a88f,55804021c9e5086757263777702605e05bce705fe837ae634b0957af354e615d
parsenn_davos_klosters_parsenn,9.820662,46.847571,3851,Davos,GR,2026,unique_current_polygon,1,coordinate_container_only,geo.admin.ch point identify,high_for_coordinate_container_only,not_established,True,Davos,True,GEOADMIN_MUNICIPALITY_IDENTIFY,GEO_POINT_a9907d9462dd,53735db23a0b62a480b294109be1dc961d3831ac4ed999f9db7d892c97c34c8f
pian_cales_san_bernardino,9.196994,46.462443,3822,Mesocco,GR,2026,unique_current_polygon,1,coordinate_container_only,geo.admin.ch point identify,high_for_coordinate_container_only,not_established,False,,False,GEOADMIN_MUNICIPALITY_IDENTIFY,GEO_POINT_4d428445a671,d42c21bcbac7fc24d32c3175be4680699fd105af6932d2a11650d1760473b045
piano_di_peccia,8.610607,46.410422,5323,Lavizzara,TI,2026,unique_current_polygon,1,coordinate_container_only,geo.admin.ch point identify,high_for_coordinate_container_only,not_established,False,,False,GEOADMIN_MUNICIPALITY_IDENTIFY,GEO_POINT_e104e357ffa4,a3b50e98f64d961d3c20f7235c8e41c8972a14fc9ea8541f32a575698a92ac47
pischa_davos_pischa,9.913616,46.807873,3851,Davos,GR,2026,unique_current_polygon,1,coordinate_container_only,geo.admin.ch point identify,high_for_coordinate_container_only,not_established,True,Davos,True,GEOADMIN_MUNICIPALITY_IDENTIFY,GEO_POINT_7ab74c8681f9,53735db23a0b62a480b294109be1dc961d3831ac4ed999f9db7d892c97c34c8f
pizol_bad_ragaz_wangs,9.437256,46.985464,3291,Bad Ragaz,SG,2026,unique_current_polygon,1,coordinate_container_only,geo.admin.ch point identify,high_for_coordinate_container_only,not_established,True,Bad Ragaz,True,GEOADMIN_MUNICIPALITY_IDENTIFY,GEO_POINT_7697ab0f4cc2,4977a127c39cc955afb43e858bf1886aae459640005bf547da5a4eca9298022b
pradaschier_churwalden,9.520105,46.782678,3911,Churwalden,GR,2026,unique_current_polygon,1,coordinate_container_only,geo.admin.ch point identify,high_for_coordinate_container_only,not_established,False,,False,GEOADMIN_MUNICIPALITY_IDENTIFY,GEO_POINT_c4191d9f02b7,58a7e5a498b6d6b228fd97f5131dbf40b69203e559554b1be6d52de8451a55a7
prato_leventina,8.757745,46.481156,5079,Quinto,TI,2026,unique_current_polygon,1,coordinate_container_only,geo.admin.ch point identify,high_for_coordinate_container_only,not_established,False,,False,GEOADMIN_MUNICIPALITY_IDENTIFY,GEO_POINT_19e1736b644f,7bb128ba4412b61381fb6960052dea0ac612e5dd31737f5eb3af328763ebb629
pres_d_orvin_les_pres_d_orvin,7.170349,47.145226,438,Orvin,BE,2026,unique_current_polygon,1,coordinate_container_only,geo.admin.ch point identify,high_for_coordinate_container_only,not_established,False,,False,GEOADMIN_MUNICIPALITY_IDENTIFY,GEO_POINT_4997080744ef,bce8126f1f5767237ac6b3806ced51ae391309fa18dd65ef07db1f7044fbc4c8
rathvel,6.979065,46.545639,2325,Châtel-Saint-Denis,FR,2026,unique_current_polygon,1,coordinate_container_only,geo.admin.ch point identify,high_for_coordinate_container_only,not_established,False,,False,GEOADMIN_MUNICIPALITY_IDENTIFY,GEO_POINT_5975e4086dd9,3b3494636b166bd026607c95ff76dc5ca906c0d6b6a260c7573a429a8e494a96
ratzi_spiringen,8.731985,46.88788,1218,Spiringen,UR,2026,unique_current_polygon,1,coordinate_container_only,geo.admin.ch point identify,high_for_coordinate_container_only,not_established,False,,False,GEOADMIN_MUNICIPALITY_IDENTIFY,GEO_POINT_175701478c4f,4777e8158c4140b0b066e62bd19dc11078d1d265bfc6c396659092054972af31
realp,8.497581,46.602162,1212,Realp,UR,2026,unique_current_polygon,1,coordinate_container_only,geo.admin.ch point identify,high_for_coordinate_container_only,not_established,False,,False,GEOADMIN_MUNICIPALITY_IDENTIFY,GEO_POINT_6e7f607883d1,e16cc966ae94b20675c59c292b97b584a7f55d7aaf035f2a6f75a5395b76817b
regensberg_im_buck,8.429014,47.473696,95,Regensberg,ZH,2026,unique_current_polygon,1,coordinate_container_only,geo.admin.ch point identify,high_for_coordinate_container_only,not_established,False,,False,GEOADMIN_MUNICIPALITY_IDENTIFY,GEO_POINT_3a8d41771644,73dd826e1e0e80fce44ffc4b8497982acecee83d291642c5c969276e3e03b789
riffenmatt,7.355116,46.76325,852,Guggisberg,BE,2026,unique_current_polygon,1,coordinate_container_only,geo.admin.ch point identify,high_for_coordinate_container_only,not_established,False,,False,GEOADMIN_MUNICIPALITY_IDENTIFY,GEO_POINT_e35c97be970b,feb8815f25111f214be888a32a1165c229a8d4c497b276146e374501f2324a40
rigi,8.499298,47.044393,1362,Arth,SZ,2026,unique_current_polygon,1,coordinate_container_only,geo.admin.ch point identify,high_for_coordinate_container_only,not_established,False,,False,GEOADMIN_MUNICIPALITY_IDENTIFY,GEO_POINT_e87cedff2f65,34254d496c0ccdccbfb8b1688b5756b4b853839b111e65820d2ef69ddfe2cef0
rinerhorn_davos_rinerhorn,9.800406,46.745978,3851,Davos,GR,2026,unique_current_polygon,1,coordinate_container_only,geo.admin.ch point identify,high_for_coordinate_container_only,not_established,True,Davos,True,GEOADMIN_MUNICIPALITY_IDENTIFY,GEO_POINT_cf905294311b,f20cdd6202bc3c41d1fac9b576afdf3452a6091dd68a63fac3d950df1686d579
rochers_de_naye_haut_de_caux_dent_de_jaman,6.978421,46.431587,5891,Veytaux,VD,2026,unique_current_polygon,1,coordinate_container_only,geo.admin.ch point identify,high_for_coordinate_container_only,not_established,False,,False,GEOADMIN_MUNICIPALITY_IDENTIFY,GEO_POINT_51e759ceae81,051f6200f5beb1765857d007c23a2477dccf3f094cdd7b98c68b2fc6f7b7d25a
rohrenmoos_dietikon,8.380101,47.400898,243,Dietikon,ZH,2026,unique_current_polygon,1,coordinate_container_only,geo.admin.ch point identify,high_for_coordinate_container_only,not_established,False,,False,GEOADMIN_MUNICIPALITY_IDENTIFY,GEO_POINT_57d2c45ca303,fe7b599f4d26955fb14b201cdfc71982bf4631da90a49732cbf9842b49fdfb46
rossa,9.128048,46.372306,3808,Rossa,GR,2026,unique_current_polygon,1,coordinate_container_only,geo.admin.ch point identify,high_for_coordinate_container_only,not_established,False,,False,GEOADMIN_MUNICIPALITY_IDENTIFY,GEO_POINT_8254d7e69c86,9f1d1d6225e14b7ba076c942844d0091ff6de1aa94ba1cdb183756973863277d
rossberg_oberwil,7.44195,46.639537,766,Oberwil im Simmental,BE,2026,unique_current_polygon,1,coordinate_container_only,geo.admin.ch point identify,high_for_coordinate_container_only,not_established,False,,False,GEOADMIN_MUNICIPALITY_IDENTIFY,GEO_POINT_22041036c047,9e87cd0b2e1b81bd61d72bf24d6f10721b03e79e6e1b036300be0cddca408088
rosswald,8.043537,46.30449,6010,Termen,VS,2026,unique_current_polygon,1,coordinate_container_only,geo.admin.ch point identify,high_for_coordinate_container_only,not_established,False,,False,GEOADMIN_MUNICIPALITY_IDENTIFY,GEO_POINT_b1663aa4a933,f281433bf8bc3a96ada5235f1bfa34029c458dc485e7893d719f0035cb172441
rothwald_wasenalp_am_simplon,8.03813,46.279877,6008,Ried-Brig,VS,2026,unique_current_polygon,1,coordinate_container_only,geo.admin.ch point identify,high_for_coordinate_container_only,not_established,False,,False,GEOADMIN_MUNICIPALITY_IDENTIFY,GEO_POINT_2b911420fffa,84871abc386462c5e7562c13c6e16ebd2c290b351f2bde96f5c84c6043cf1a48
rougemont_rougemont_la_videmanette,7.226973,46.454889,5843,Rougemont,VD,2026,unique_current_polygon,1,coordinate_container_only,geo.admin.ch point identify,high_for_coordinate_container_only,not_established,False,,False,GEOADMIN_MUNICIPALITY_IDENTIFY,GEO_POINT_6fa81466aae8,d57d9956d05057fc973a3a2ae56f1eb9370b0553e5c07e49c1e0a63cfb172956
ruschegg_eywald,7.415943,46.761737,853,Rüschegg,BE,2026,unique_current_polygon,1,coordinate_container_only,geo.admin.ch point identify,high_for_coordinate_container_only,not_established,False,,False,GEOADMIN_MUNICIPALITY_IDENTIFY,GEO_POINT_4ab88d91b565,984c35fce256b043a132c091c00c68efe1c7e4e9f1ba5b936a9373556f8de51d
saas_almagell,7.957824,46.092244,6288,Saas-Almagell,VS,2026,unique_current_polygon,1,coordinate_container_only,geo.admin.ch point identify,high_for_coordinate_container_only,not_established,False,,False,GEOADMIN_MUNICIPALITY_IDENTIFY,GEO_POINT_8f2cd50ba680,384c418833a42eacb0c510038028a5024ba90bbe4e55c7b95f4ff3218827c976
saas_fee,7.919168,46.089067,6290,Saas-Fee,VS,2026,unique_current_polygon,1,coordinate_container_only,geo.admin.ch point identify,high_for_coordinate_container_only,not_established,True,Saas-Fee,True,GEOADMIN_MUNICIPALITY_IDENTIFY,GEO_POINT_8dc7659e588f,60e49f9aaf95dc60ff23e7e8e40a5ad69cf11e410b722ebb97f121de3ce0a657
saint_george_saint_george,6.257503,46.515628,5434,Saint-George,VD,2026,unique_current_polygon,1,coordinate_container_only,geo.admin.ch point identify,high_for_coordinate_container_only,not_established,False,,False,GEOADMIN_MUNICIPALITY_IDENTIFY,GEO_POINT_19a76a800f5c,7af122f64adaac1d35ba1f4e2c242d8447003ec6d47a596f13b170c18dcafdcb
saint_imier_mont_soleil,6.994514,47.154704,443,Saint-Imier,BE,2026,unique_current_polygon,1,coordinate_container_only,geo.admin.ch point identify,high_for_coordinate_container_only,not_established,False,,False,GEOADMIN_MUNICIPALITY_IDENTIFY,GEO_POINT_bc99baf400af,8f9f46347d5b836648e3c69f21fd25b13b4bd3eda5fe83c9b3d5f15f90d0b49d
sainte_croix_les_rasses,6.528625,46.840057,5552,Bullet,VD,2026,unique_current_polygon,1,coordinate_container_only,geo.admin.ch point identify,high_for_coordinate_container_only,not_established,True,Bullet,True,GEOADMIN_MUNICIPALITY_IDENTIFY,GEO_POINT_f997b13cf3ea,bcd1e7fc0b43058e652644b1ba456ddc6832496c14ca70b46121cafb12a49820
samnaun_silvretta_arena_samnaun_ischgl,10.374098,46.981189,3752,Samnaun,GR,2026,unique_current_polygon,1,coordinate_container_only,geo.admin.ch point identify,high_for_coordinate_container_only,not_established,True,Samnaun,True,GEOADMIN_MUNICIPALITY_IDENTIFY,GEO_POINT_306e51f704a5,9d58ca3e17edc52b5949c54e6cd69dbaf209e6091e8346a8d3b095a9666ec3b2
sarn_heinzenberg,9.395306,46.722506,3661,Cazis,GR,2026,unique_current_polygon,1,coordinate_container_only,geo.admin.ch point identify,high_for_coordinate_container_only,not_established,False,,False,GEOADMIN_MUNICIPALITY_IDENTIFY,GEO_POINT_244936e9e5f2,2c7d15b832831da41f40b7fd099b4762f27cf3799e1343e41ce3d67c0dcbc20c
sattelegg_einsiedeln,8.84849,47.125487,1348,Vorderthal,SZ,2026,unique_current_polygon,1,coordinate_container_only,geo.admin.ch point identify,high_for_coordinate_container_only,not_established,False,,False,GEOADMIN_MUNICIPALITY_IDENTIFY,GEO_POINT_0c8e446a5cf9,3562198193c26882bb40d1199003e688c2b8d1ea1d77c4677ff2b653abc0b022
savognin,9.555016,46.5873,3543,Surses,GR,2026,unique_current_polygon,1,coordinate_container_only,geo.admin.ch point identify,high_for_coordinate_container_only,not_established,True,Surses,True,GEOADMIN_MUNICIPALITY_IDENTIFY,GEO_POINT_ddb965ba1fa4,3d45246dcc91a7f11a974171b78afd6f2f1285b3d36e038d2b6a4ae756375f32
schafbuel_wildberg,8.81537,47.421584,182,Wildberg,ZH,2026,unique_current_polygon,1,coordinate_container_only,geo.admin.ch point identify,high_for_coordinate_container_only,not_established,False,,False,GEOADMIN_MUNICIPALITY_IDENTIFY,GEO_POINT_bdea1f3fa005,a7c9f6c54a6ba7b5b9df8b5c0d97e39f4bb666a8d423ca6546f545f67b58b9ee
schatzalp_davos_schatzalp_strela,9.814396,46.801235,3851,Davos,GR,2026,unique_current_polygon,1,coordinate_container_only,geo.admin.ch point identify,high_for_coordinate_container_only,not_established,True,Davos,True,GEOADMIN_MUNICIPALITY_IDENTIFY,GEO_POINT_92d50de4ee85,53735db23a0b62a480b294109be1dc961d3831ac4ed999f9db7d892c97c34c8f
schilt_mollis,9.093751,47.078625,1630,Glarus Nord,GL,2026,unique_current_polygon,1,coordinate_container_only,geo.admin.ch point identify,high_for_coordinate_container_only,not_established,True,Glarus Nord,True,GEOADMIN_MUNICIPALITY_IDENTIFY,GEO_POINT_fd85f1a420b8,0986db82a2d290703d12207dfe2f6f2fd18382911e46df602880dfc716b1e3e5
schilthorn_jungfrau_ski_region_murren_schilthorn,7.856255,46.561752,584,Lauterbrunnen,BE,2026,unique_current_polygon,1,coordinate_container_only,geo.admin.ch point identify,high_for_coordinate_container_only,not_established,True,Lauterbrunnen,True,GEOADMIN_MUNICIPALITY_IDENTIFY,GEO_POINT_64e60904b637,cbc15ccd33b3cbcb67421f4be1412140ebaeeabb1c4b8091659e968a13547658
schnabelsberg_einsiedeln,8.738143,47.141387,1301,Einsiedeln,SZ,2026,unique_current_polygon,1,coordinate_container_only,geo.admin.ch point identify,high_for_coordinate_container_only,not_established,True,Einsiedeln,True,GEOADMIN_MUNICIPALITY_IDENTIFY,GEO_POINT_29456c33c37d,b75f622d9cc0a92903ef67e23e216528aa2d84938281d65c08fb9b255236f520
schratten_fluhli,8.007549,46.873193,1004,Flühli,LU,2026,unique_current_polygon,1,coordinate_container_only,geo.admin.ch point identify,high_for_coordinate_container_only,not_established,False,,False,GEOADMIN_MUNICIPALITY_IDENTIFY,GEO_POINT_cc3a2ff7ae1b,0310a1f91e7679aa680169b3598241dcf506f99d14ed1c5f6e7c485548b6ee27
schwanden_sigriswil_thunersee,7.744246,46.731449,938,Sigriswil,BE,2026,unique_current_polygon,1,coordinate_container_only,geo.admin.ch point identify,high_for_coordinate_container_only,not_established,True,Sigriswil,True,GEOADMIN_MUNICIPALITY_IDENTIFY,GEO_POINT_aa0612ed5ba1,f3662c933a8662f871beed0a3afc623a16a7bc215366decdd676cbd4b5fe123f
schwarzenbuhl_selital,7.389829,46.744577,853,Rüschegg,BE,2026,unique_current_polygon,1,coordinate_container_only,geo.admin.ch point identify,high_for_coordinate_container_only,not_established,False,,False,GEOADMIN_MUNICIPALITY_IDENTIFY,GEO_POINT_661c10998d18,984c35fce256b043a132c091c00c68efe1c7e4e9f1ba5b936a9373556f8de51d
schwarzsee_kaiseregg_bahnen,7.291059,46.664635,2138,Jaun,FR,2026,unique_current_polygon,1,coordinate_container_only,geo.admin.ch point identify,high_for_coordinate_container_only,not_established,False,,False,GEOADMIN_MUNICIPALITY_IDENTIFY,GEO_POINT_4eb23e242963,4c431af1c9be8cd2850053a2cdd6af95c21cb4a1c7c580dd1e4f846dd23b2988
schwellbrunn,9.227399,47.344767,3004,Schwellbrunn,AR,2026,unique_current_polygon,1,coordinate_container_only,geo.admin.ch point identify,high_for_coordinate_container_only,not_established,False,,False,GEOADMIN_MUNICIPALITY_IDENTIFY,GEO_POINT_0181b2503ca3,9c7f162cbe6cae71f0f2629649c1c3bd5e11b823ac0ad58b3fe8f7c7d31de2a1
seebodenalp_kussnacht_am_rigi,8.468099,47.06847,1331,Küssnacht (SZ),SZ,2026,unique_current_polygon,1,coordinate_container_only,geo.admin.ch point identify,high_for_coordinate_container_only,not_established,True,Küssnacht (SZ),True,GEOADMIN_MUNICIPALITY_IDENTIFY,GEO_POINT_f3a88e4062e0,f86e923a7b552589d6eb1112083abe0972cfb19c5cf312a614d25dd3f9bed83a
sitzberg,8.913517,47.426313,4726,Fischingen,TG,2026,unique_current_polygon,1,coordinate_container_only,geo.admin.ch point identify,high_for_coordinate_container_only,not_established,False,,False,GEOADMIN_MUNICIPALITY_IDENTIFY,GEO_POINT_d1c733eb2a45,0a15179e3a68b0548493fd934978c459547216e88ba6759bc3b12239c876e4ba
sommartel_le_locle,6.745563,47.033046,6436,Le Locle,NE,2026,unique_current_polygon,1,coordinate_container_only,geo.admin.ch point identify,high_for_coordinate_container_only,not_established,False,,False,GEOADMIN_MUNICIPALITY_IDENTIFY,GEO_POINT_5bf909df0cc1,7d5019ee7667b7f4ab3796c34317a956206460b1ada4609524d60e8022cdecb0
sorenberg,8.030405,46.809812,1004,Flühli,LU,2026,unique_current_polygon,1,coordinate_container_only,geo.admin.ch point identify,high_for_coordinate_container_only,not_established,False,,False,GEOADMIN_MUNICIPALITY_IDENTIFY,GEO_POINT_79fd003283ad,0310a1f91e7679aa680169b3598241dcf506f99d14ed1c5f6e7c485548b6ee27
sous_le_mont,7.217651,47.21631,713,Tavannes,BE,2026,unique_current_polygon,1,coordinate_container_only,geo.admin.ch point identify,high_for_coordinate_container_only,not_established,False,,False,GEOADMIN_MUNICIPALITY_IDENTIFY,GEO_POINT_75744ece1df2,c2a619f3ca419da8b070a7f09b5021a6557aced75883aef6c1c8a00401f9acb4
splugen_rheinwald,9.314003,46.530701,3714,Rheinwald,GR,2026,unique_current_polygon,1,coordinate_container_only,geo.admin.ch point identify,high_for_coordinate_container_only,not_established,True,Rheinwald,True,GEOADMIN_MUNICIPALITY_IDENTIFY,GEO_POINT_8d1657b0cdc1,bd486cd49363347d04724e563234d6852b3c4560b0bedc460bf1d4a59856aba5
springenboden_diemtigtal,7.572842,46.617905,762,Diemtigen,BE,2026,unique_current_polygon,1,coordinate_container_only,geo.admin.ch point identify,high_for_coordinate_container_only,not_established,True,Diemtigen,True,GEOADMIN_MUNICIPALITY_IDENTIFY,GEO_POINT_bd5a101b8d0f,0aee72a9fa4bba2bb0218858c5f5ac4a516a732743820f90fb33f460dc7765a7
st_cergue,6.150305,46.444289,5727,Saint-Cergue,VD,2026,unique_current_polygon,1,coordinate_container_only,geo.admin.ch point identify,high_for_coordinate_container_only,not_established,False,,False,GEOADMIN_MUNICIPALITY_IDENTIFY,GEO_POINT_dda9651a804f,0e937a8a0b81548b953e35664d056ee29617e0e902e5d92816cabef4498ee9d5
st_luc_chandolin,7.614641,46.237981,6252,Anniviers,VS,2026,unique_current_polygon,1,coordinate_container_only,geo.admin.ch point identify,high_for_coordinate_container_only,not_established,True,Anniviers,True,GEOADMIN_MUNICIPALITY_IDENTIFY,GEO_POINT_e1b0181373bb,6d72b74c8471209f1140bc5721f98e58148b9df9c0b602ff36855391b16b7a43
staldenried_gspon,7.889643,46.229491,6294,Staldenried,VS,2026,unique_current_polygon,1,coordinate_container_only,geo.admin.ch point identify,high_for_coordinate_container_only,not_established,False,,False,GEOADMIN_MUNICIPALITY_IDENTIFY,GEO_POINT_3b5d78c1c8a0,75e5b2065384a2f358c71716ccddc0b7439235c0c540072c2b80774a0328db1e
steg_im_tosstal,8.936402,47.343247,114,Fischenthal,ZH,2026,unique_current_polygon,1,coordinate_container_only,geo.admin.ch point identify,high_for_coordinate_container_only,not_established,False,,False,GEOADMIN_MUNICIPALITY_IDENTIFY,GEO_POINT_1be02b7f2d0d,c092266d4235fb36cd43d4fd0392d17178bfaea09ca587bdcad2e9f279a71919
steig_baretswill_steig_baretswil,8.859047,47.340218,111,Bäretswil,ZH,2026,unique_current_polygon,1,coordinate_container_only,geo.admin.ch point identify,high_for_coordinate_container_only,not_established,False,,False,GEOADMIN_MUNICIPALITY_IDENTIFY,GEO_POINT_69154cf98ef6,a611aa3b8088169e8e20a86dfe4183f68f7ad27723aae7d8cfef88287abb655d
sternenberg,8.912187,47.386108,297,Bauma,ZH,2026,unique_current_polygon,1,coordinate_container_only,geo.admin.ch point identify,high_for_coordinate_container_only,not_established,False,,False,GEOADMIN_MUNICIPALITY_IDENTIFY,GEO_POINT_75d76eb13319,6dee41c870777f9e21e1caa2fa28eafe1082ec7ee048c438d1c64558541b50b0
stoos,8.658514,46.977851,1366,Morschach,SZ,2026,unique_current_polygon,1,coordinate_container_only,geo.admin.ch point identify,high_for_coordinate_container_only,not_established,True,Morschach,True,GEOADMIN_MUNICIPALITY_IDENTIFY,GEO_POINT_b8e3757a7fd8,8e2bc592d198838067b65f21bbc5eb84707b37226f71e70eb5bcd0b351852d3c
survih_samedan,9.862564,46.528848,3786,Samedan,GR,2026,unique_current_polygon,1,coordinate_container_only,geo.admin.ch point identify,high_for_coordinate_container_only,not_established,True,Samedan,True,GEOADMIN_MUNICIPALITY_IDENTIFY,GEO_POINT_94590f3282c9,1d1a338cf310491b6f4965c40873e6a0a3487c5302b61d9211ef8d609df5d623
tannenberg_skiarena_tannenberg_waldkirch,9.302073,47.453682,3444,Waldkirch,SG,2026,unique_current_polygon,1,coordinate_container_only,geo.admin.ch point identify,high_for_coordinate_container_only,not_established,False,,False,GEOADMIN_MUNICIPALITY_IDENTIFY,GEO_POINT_dd93b1a81312,9dc42007b24e272b7ca24445f9413166384372bc3b4e1a29ebd1a4fbde845d35
tanzboden_ebnat_kappel,9.109672,47.24695,3352,Ebnat-Kappel,SG,2026,unique_current_polygon,1,coordinate_container_only,geo.admin.ch point identify,high_for_coordinate_container_only,not_established,False,,False,GEOADMIN_MUNICIPALITY_IDENTIFY,GEO_POINT_c9484a16e4f5,a7580ca9477c1767957c7e5a5be7467d62458a3b224386575534a8eb050e1133
tenna,9.341305,46.751383,3672,Safiental,GR,2026,unique_current_polygon,1,coordinate_container_only,geo.admin.ch point identify,high_for_coordinate_container_only,not_established,False,,False,GEOADMIN_MUNICIPALITY_IDENTIFY,GEO_POINT_72a803c47b75,ff05bc6a1ed0255883192d9300571baa1ae2c00959f69b6a1752be4d46299a17
thyon_4_vallees,7.379164,46.177914,6089,Vex,VS,2026,unique_current_polygon,1,coordinate_container_only,geo.admin.ch point identify,high_for_coordinate_container_only,not_established,False,,False,GEOADMIN_MUNICIPALITY_IDENTIFY,GEO_POINT_c1ba6d2b9f44,214db0b35d7b9cf8412fd6c0eacabc2f155bc0e9301f4571889c42ff722ea41e
toggenburg_chaserrugg_alt_st_johann_unterwasser,9.311752,47.176269,3359,Wildhaus-Alt St. Johann,SG,2026,unique_current_polygon,1,coordinate_container_only,geo.admin.ch point identify,high_for_coordinate_container_only,not_established,True,Wildhaus-Alt St. Johann,True,GEOADMIN_MUNICIPALITY_IDENTIFY,GEO_POINT_c76016e319ec,9692c3fb5129f477058cc47873ee0619b0a07d5b2f0ba820557c29ae84728d7f
toggenburg_wildhaus,9.341204,47.179207,3273,Grabs,SG,2026,unique_current_polygon,1,coordinate_container_only,geo.admin.ch point identify,high_for_coordinate_container_only,not_established,False,,False,GEOADMIN_MUNICIPALITY_IDENTIFY,GEO_POINT_bbf28fd718d3,630bc7eb898eb9b0c686529cd0035c0e5d375aebcdf9b54de802c149771af35a
torgon_portes_du_soleil,6.866755,46.313146,6158,Vionnaz,VS,2026,unique_current_polygon,1,coordinate_container_only,geo.admin.ch point identify,high_for_coordinate_container_only,not_established,False,,False,GEOADMIN_MUNICIPALITY_IDENTIFY,GEO_POINT_69e5d981aa54,d78093fc6ce77b0fe86669f7970f85e93f2bdd5347e7467b80284642d270f33b
tramelan,7.085334,47.20954,437,Mont-Tramelan,BE,2026,unique_current_polygon,1,coordinate_container_only,geo.admin.ch point identify,high_for_coordinate_container_only,not_established,False,,False,GEOADMIN_MUNICIPALITY_IDENTIFY,GEO_POINT_c46712cdc6ee,28fd4ac727446a499ff5e3a5e1327341af3ca310778547c4b363abb14c3c0487
trelasse_la_trelasse,6.105243,46.451521,5727,Saint-Cergue,VD,2026,unique_current_polygon,1,coordinate_container_only,geo.admin.ch point identify,high_for_coordinate_container_only,not_established,False,,False,GEOADMIN_MUNICIPALITY_IDENTIFY,GEO_POINT_0e29e51097df,0e937a8a0b81548b953e35664d056ee29617e0e902e5d92816cabef4498ee9d5
tristeli_st_margarethenberg,9.507916,46.980926,3294,Pfäfers,SG,2026,unique_current_polygon,1,coordinate_container_only,geo.admin.ch point identify,high_for_coordinate_container_only,not_established,False,,False,GEOADMIN_MUNICIPALITY_IDENTIFY,GEO_POINT_443cdaaaeebf,fd6196849e44b9bf78dbb71c54e56a0f350486673dcef03d21c7d998398f8c54
tschappina_tschappina_urmein_heinzenberg,9.362669,46.694844,3669,Tschappina,GR,2026,unique_current_polygon,1,coordinate_container_only,geo.admin.ch point identify,high_for_coordinate_container_only,not_established,False,,False,GEOADMIN_MUNICIPALITY_IDENTIFY,GEO_POINT_9f47cf2a6133,db0f1dcfb48446a014d2615cf73d94b6375e0b9135306c7107b5d0a1d2ed6ce0
tschiertschen,9.589434,46.803827,3901,Chur,GR,2026,unique_current_polygon,1,coordinate_container_only,geo.admin.ch point identify,high_for_coordinate_container_only,not_established,True,Chur,True,GEOADMIN_MUNICIPALITY_IDENTIFY,GEO_POINT_1a51fef2d82e,8d6e21f0da7e8052f4187492b0ae734a7dd24d28dd8df7f523e4c47d551ca736
unterbach_brandalp,7.78759,46.26997,6201,Unterbäch,VS,2026,unique_current_polygon,1,coordinate_container_only,geo.admin.ch point identify,high_for_coordinate_container_only,not_established,False,,False,GEOADMIN_MUNICIPALITY_IDENTIFY,GEO_POINT_96ad552f8289,12be9388a8459a4818d181bac2a4a8455adefb956c8610c1e355915930aeab1c
val_ferret_la_fouly,7.103475,45.930617,6034,Orsières,VS,2026,unique_current_polygon,1,coordinate_container_only,geo.admin.ch point identify,high_for_coordinate_container_only,not_established,True,Orsières,True,GEOADMIN_MUNICIPALITY_IDENTIFY,GEO_POINT_17f0a177ad3c,052ae0e3e33a6f0e8d458e610f43eece62cae7bbcee84618f3a8df3d5abaaee2
vallee_de_joux,6.247745,46.594702,5872,Le Chenit,VD,2026,unique_current_polygon,1,coordinate_container_only,geo.admin.ch point identify,high_for_coordinate_container_only,not_established,True,Le Chenit,True,GEOADMIN_MUNICIPALITY_IDENTIFY,GEO_POINT_870299307027,caac2dfa5ac68fb997a0d691b3839fb7cd116b04dd09c1e370ea78e68aec74c5
vals,9.144316,46.605229,3603,Vals,GR,2026,unique_current_polygon,1,coordinate_container_only,geo.admin.ch point identify,high_for_coordinate_container_only,not_established,True,Vals,True,GEOADMIN_MUNICIPALITY_IDENTIFY,GEO_POINT_62c4b231012c,d84a33020f761e3ddd9bcc28936cb75f9e100923c6b44810dc4153ff86304f53
valtgeva_druni_kidsarena_sedrun,8.766299,46.681679,3986,Tujetsch,GR,2026,unique_current_polygon,1,coordinate_container_only,geo.admin.ch point identify,high_for_coordinate_container_only,not_established,True,Tujetsch,True,GEOADMIN_MUNICIPALITY_IDENTIFY,GEO_POINT_25b0d96d7aad,c6e3f4b6e5d7fd3b5698ad48948f2d5a126e0b156afa714eb45002b9164bdc02
verbier_4_vallees,7.274752,46.09746,6037,Val de Bagnes,VS,2026,unique_current_polygon,1,coordinate_container_only,geo.admin.ch point identify,high_for_coordinate_container_only,not_established,True,Val de Bagnes,True,GEOADMIN_MUNICIPALITY_IDENTIFY,GEO_POINT_525be56a2e59,179eb6c3db094a98a2c034354ed9ac6d00a245caf1ebdc99ce98929f04c911fc
vercorin,7.528897,46.238277,6232,Chalais,VS,2026,unique_current_polygon,1,coordinate_container_only,geo.admin.ch point identify,high_for_coordinate_container_only,not_established,False,,False,GEOADMIN_MUNICIPALITY_IDENTIFY,GEO_POINT_d8618ae7317a,58c28089ecd5fa193837e45a8659353c4d7f3c5d5e7700a73d20630375435595
veysonnaz_4_vallees,7.354145,46.188209,6024,Nendaz,VS,2026,unique_current_polygon,1,coordinate_container_only,geo.admin.ch point identify,high_for_coordinate_container_only,not_established,True,Nendaz,True,GEOADMIN_MUNICIPALITY_IDENTIFY,GEO_POINT_6dba6783caac,828d982273b9ad2ad93b1a0008e85bb8d9cf52f3b3a5a33d70714ce9035a00e2
vicheres_liddes_vicheres,7.155556,45.989445,6033,Liddes,VS,2026,unique_current_polygon,1,coordinate_container_only,geo.admin.ch point identify,high_for_coordinate_container_only,not_established,False,,False,GEOADMIN_MUNICIPALITY_IDENTIFY,GEO_POINT_26e17ce037f4,7a66285ff6f14c94df660f11b2153a1e3156de7fe1fbc893f5522d755c0ed45e
villars_gryon_villars_gryon_les_diablerets,7.064209,46.321504,5409,Ollon,VD,2026,unique_current_polygon,1,coordinate_container_only,geo.admin.ch point identify,high_for_coordinate_container_only,not_established,True,Ollon,True,GEOADMIN_MUNICIPALITY_IDENTIFY,GEO_POINT_4b012307fc34,8cfef4b62ca1a1d157fc48313f1fb767874acd79f2786db82025803d95862760
visperterminen,7.902603,46.259111,6298,Visperterminen,VS,2026,unique_current_polygon,1,coordinate_container_only,geo.admin.ch point identify,high_for_coordinate_container_only,not_established,False,,False,GEOADMIN_MUNICIPALITY_IDENTIFY,GEO_POINT_41ec2bd5245c,fe6c2ce314c5272428484efa74f93acefcf2dbf6a8edb73f77a027f0a3fa2408
vogelinsegg_speicher,9.43485,47.415607,3023,Speicher,AR,2026,unique_current_polygon,1,coordinate_container_only,geo.admin.ch point identify,high_for_coordinate_container_only,not_established,False,,False,GEOADMIN_MUNICIPALITY_IDENTIFY,GEO_POINT_1221a60cee82,30deaee9d85d34d19e1cd9eeeaf1b3cf3a9d40edfeb66083e0371170146375e3
wagital_vorderthal,8.893122,47.124317,1348,Vorderthal,SZ,2026,unique_current_polygon,1,coordinate_container_only,geo.admin.ch point identify,high_for_coordinate_container_only,not_established,False,,False,GEOADMIN_MUNICIPALITY_IDENTIFY,GEO_POINT_e1f207b1ed75,3562198193c26882bb40d1199003e688c2b8d1ea1d77c4677ff2b653abc0b022
wengen_jungfrau_ski_region_grindelwald_wengen,7.942171,46.612658,576,Grindelwald,BE,2026,unique_current_polygon,1,coordinate_container_only,geo.admin.ch point identify,high_for_coordinate_container_only,not_established,True,Grindelwald,True,GEOADMIN_MUNICIPALITY_IDENTIFY,GEO_POINT_238475365d5c,a3385c3375b01a7ab0b778c4b61b62d01298cc26ed0d8c99bebd68ac755b23e8
wiriehorn_diemtigtal,7.530742,46.594923,762,Diemtigen,BE,2026,unique_current_polygon,1,coordinate_container_only,geo.admin.ch point identify,high_for_coordinate_container_only,not_established,True,Diemtigen,True,GEOADMIN_MUNICIPALITY_IDENTIFY,GEO_POINT_8a9055534603,0aee72a9fa4bba2bb0218858c5f5ac4a516a732743820f90fb33f460dc7765a7
wolzenalp_krummenau,9.161954,47.234402,3360,Nesslau,SG,2026,unique_current_polygon,1,coordinate_container_only,geo.admin.ch point identify,high_for_coordinate_container_only,not_established,False,,False,GEOADMIN_MUNICIPALITY_IDENTIFY,GEO_POINT_4a6401e7ec8c,4f10881a8da9f1b1a75d844eb2bf09ec1c90af0a5589448d8e29b385baf080a3
zermatt,7.770081,46.017112,6300,Zermatt,VS,2026,unique_current_polygon,1,coordinate_container_only,geo.admin.ch point identify,high_for_coordinate_container_only,not_established,True,Zermatt,True,GEOADMIN_MUNICIPALITY_IDENTIFY,GEO_POINT_347f5081f496,c7b1410ef9de7e71a59feb9bce93f67fa6aea915f73e7027be215ab0b09881b7
zuoz,9.949408,46.611125,3791,Zuoz,GR,2026,unique_current_polygon,1,coordinate_container_only,geo.admin.ch point identify,high_for_coordinate_container_only,not_established,False,,False,GEOADMIN_MUNICIPALITY_IDENTIFY,GEO_POINT_cf374851ff64,9e236c24d3574e3f4bc97bcb899e6704fefb23af240cac14ab3752254f847857
