resort_id,resort_name_canonical,cluster_id,point_municipality_bfs_id,documented_membership_events,current_official_destination_candidates,snow_station_code,snow_station_distance_km,snow_station_elevation_gap_to_resort_top_m,usable_winter_seasons,snow_proxy_quality,identity_scope_score,lift_assignment_score,geolocation_score,tourism_exposure_score,hotel_outcome_score,membership_history_score,infrastructure_feature_score,snow_climate_score,data_quality_score,causal_ready,data_quality_warnings
arolla,Arolla,SKI_CLUSTER_070,6083,1,1,ARO2,1.8378825128476861,153,13,high,0.0,1.0,1.0,0.0,1.0,0.5,1.0,1.0,68.8,False,independent_destination_scope_unverified|tourism_exposure_unverified|snow_proxy_not_direct_slope_measurement
axalp_brienz,Axalp Brienz,SKI_CLUSTER_095,573,1,1,FIR2,5.17787741576214,111,13,high,0.0,1.0,1.0,0.0,1.0,0.5,1.0,1.0,68.8,False,independent_destination_scope_unverified|tourism_exposure_unverified|snow_proxy_not_direct_slope_measurement
bumbach_schangnau,Bumbach - Schangnau,SKI_CLUSTER_074,906,1,1,SHE2,8.613884896067514,487,13,high,0.0,1.0,1.0,0.0,1.0,0.5,1.0,1.0,68.8,False,independent_destination_scope_unverified|tourism_exposure_unverified|snow_proxy_not_direct_slope_measurement
evolene,Evolène,SKI_CLUSTER_106,6083,1,1,ARO3,8.36185257239296,2,13,high,0.0,1.0,1.0,0.0,1.0,0.5,1.0,1.0,68.8,False,independent_destination_scope_unverified|tourism_exposure_unverified|snow_proxy_not_direct_slope_measurement
grimentz_zinal_grimentz_zinal,Grimentz/Zinal Grimentz - Zinal,SKI_CLUSTER_028,6252,1,1,ANV2,1.8446277947595893,260,13,high,0.0,1.0,1.0,0.0,1.0,0.5,1.0,1.0,68.8,False,independent_destination_scope_unverified|tourism_exposure_unverified|snow_proxy_not_direct_slope_measurement
grimmialp_diemtigtal,Grimmialp Diemtigtal,SKI_CLUSTER_107,762,0,1,FAE2,4.703398037463817,81,13,high,0.0,1.0,1.0,0.0,1.0,0.5,1.0,1.0,68.8,False,independent_destination_scope_unverified|tourism_exposure_unverified|snow_proxy_not_direct_slope_measurement
les_pleiades,Les Pléiades,SKI_CLUSTER_023,5892,1,1,ALI2,5.961533886113354,311,13,high,0.0,1.0,1.0,0.0,1.0,0.5,1.0,1.0,68.8,False,independent_destination_scope_unverified|tourism_exposure_unverified|snow_proxy_not_direct_slope_measurement
meiringen_hasliberg,Meiringen - Hasliberg,SKI_CLUSTER_024,783,1,1,GUT2,8.874590937920539,318,13,high,0.0,1.0,1.0,0.0,1.0,0.5,1.0,1.0,68.8,False,independent_destination_scope_unverified|tourism_exposure_unverified|snow_proxy_not_direct_slope_measurement
moleson_la_gruyere,Moléson - La Gruyère,SKI_CLUSTER_023,2135,1,1,ALI2,7.194610937642134,294,13,high,0.0,1.0,1.0,0.0,1.0,0.5,1.0,1.0,68.8,False,independent_destination_scope_unverified|tourism_exposure_unverified|snow_proxy_not_direct_slope_measurement
schwanden_sigriswil_thunersee,Schwanden - Sigriswil Thunersee,SKI_CLUSTER_046,938,1,1,SHE2,5.544790182056364,412,13,high,0.0,1.0,1.0,0.0,1.0,0.5,1.0,1.0,68.8,False,independent_destination_scope_unverified|tourism_exposure_unverified|snow_proxy_not_direct_slope_measurement
springenboden_diemtigtal,Springenboden Diemtigtal,SKI_CLUSTER_063,762,0,1,STH2,8.207192994940353,251,13,high,0.0,1.0,1.0,0.0,1.0,0.5,1.0,1.0,68.8,False,independent_destination_scope_unverified|tourism_exposure_unverified|snow_proxy_not_direct_slope_measurement
st_luc_chandolin,St - Luc Chandolin,SKI_CLUSTER_036,6252,1,1,ANV2,8.230892967640058,360,13,high,0.0,1.0,1.0,0.0,1.0,0.5,1.0,1.0,68.8,False,independent_destination_scope_unverified|tourism_exposure_unverified|snow_proxy_not_direct_slope_measurement
wiriehorn_diemtigtal,Wiriehorn Diemtigtal,SKI_CLUSTER_063,762,0,1,OTT2,6.578870871270779,292,13,high,0.0,1.0,1.0,0.0,1.0,0.5,1.0,1.0,68.8,False,independent_destination_scope_unverified|tourism_exposure_unverified|snow_proxy_not_direct_slope_measurement
crans_montana_crans_montana,Crans - Montana Crans - Montana,SKI_CLUSTER_020,6253,3,0,VDS2,8.715044772518269,615,13,moderate,0.0,1.0,1.0,0.0,1.0,0.5,1.0,0.75,65.6,False,independent_destination_scope_unverified|tourism_exposure_unverified|snow_proxy_not_direct_slope_measurement
faltschen_reichenbach_im_kandertal,Faltschen - Reichenbach im Kandertal,SKI_CLUSTER_110,567,1,1,SCH2,10.647837917993726,972,13,moderate,0.0,1.0,1.0,0.0,1.0,0.5,1.0,0.75,65.6,False,independent_destination_scope_unverified|tourism_exposure_unverified|snow_proxy_not_direct_slope_measurement
kiental,Kiental,SKI_CLUSTER_137,567,1,1,ELS2,7.754775938733489,732,13,moderate,0.0,1.0,1.0,0.0,1.0,0.5,1.0,0.75,65.6,False,independent_destination_scope_unverified|tourism_exposure_unverified|snow_proxy_not_direct_slope_measurement
klewenalp_stockhutte,Klewenalp - Stockhütte,SKI_CLUSTER_003,1501,0,1,TIT2,17.855080089690844,148,13,moderate,0.0,1.0,1.0,0.0,1.0,0.5,1.0,0.75,65.6,False,independent_destination_scope_unverified|tourism_exposure_unverified|snow_proxy_not_direct_slope_measurement
saas_fee,Saas - Fee,SKI_CLUSTER_015,6290,1,1,SAA4,4.074283148076016,920,13,moderate,0.0,1.0,1.0,0.0,1.0,0.5,1.0,0.75,65.6,False,independent_destination_scope_unverified|tourism_exposure_unverified|snow_proxy_not_direct_slope_measurement
villars_gryon_villars_gryon_les_diablerets,Villars - Gryon Villars - Gryon - Les Diablerets,SKI_CLUSTER_008,5409,1,1,CHA2,9.832413624633977,782,13,moderate,0.0,1.0,1.0,0.0,1.0,0.5,1.0,0.75,65.6,False,independent_destination_scope_unverified|tourism_exposure_unverified|snow_proxy_not_direct_slope_measurement
la_forclaz,La Forclaz,SKI_CLUSTER_134,6083,1,1,ARO3,2.7992146670183056,398,13,high,0.0,1.0,1.0,0.0,1.0,0.5,0.6666666666666666,1.0,64.6,False,independent_destination_scope_unverified|tourism_exposure_unverified|snow_proxy_not_direct_slope_measurement
adelboden,Adelboden,SKI_CLUSTER_014,561,0,0,OTT2,5.137231645833328,345,13,high,0.0,1.0,1.0,0.0,1.0,0.0,1.0,1.0,62.5,False,independent_destination_scope_unverified|tourism_exposure_unverified|snow_proxy_not_direct_slope_measurement|membership_history_unverified
aela_maloja,Aela Maloja,SKI_CLUSTER_120,3792,0,0,LAG3,3.1748823839635034,141,13,high,0.0,1.0,1.0,0.0,1.0,0.0,1.0,1.0,62.5,False,independent_destination_scope_unverified|tourism_exposure_unverified|snow_proxy_not_direct_slope_measurement|membership_history_unverified
amden,Amden,SKI_CLUSTER_082,3311,0,0,AMD2,1.2699217944466519,74,13,high,0.0,1.0,1.0,0.0,1.0,0.0,1.0,1.0,62.5,False,independent_destination_scope_unverified|tourism_exposure_unverified|snow_proxy_not_direct_slope_measurement|membership_history_unverified
andermatt_oberalp_sedrun,Andermatt - Oberalp - Sedrun,SKI_CLUSTER_017,3986,0,0,TUJ2,2.0576524377018535,338,13,high,0.0,1.0,1.0,0.0,1.0,0.0,1.0,1.0,62.5,False,independent_destination_scope_unverified|tourism_exposure_unverified|snow_proxy_not_direct_slope_measurement|membership_history_unverified
beatenberg_niederhorn,Beatenberg - Niederhorn,SKI_CLUSTER_046,571,0,0,SHE2,5.893803050676109,98,13,high,0.0,1.0,1.0,0.0,1.0,0.0,1.0,1.0,62.5,False,independent_destination_scope_unverified|tourism_exposure_unverified|snow_proxy_not_direct_slope_measurement|membership_history_unverified
bivio,Bivio,SKI_CLUSTER_119,3543,0,0,JUL2,3.3550027332139565,134,13,high,0.0,1.0,1.0,0.0,1.0,0.0,1.0,1.0,62.5,False,independent_destination_scope_unverified|tourism_exposure_unverified|snow_proxy_not_direct_slope_measurement|membership_history_unverified
braunwald,Braunwald,SKI_CLUSTER_047,1631,0,0,ORT2,4.419050352195627,77,13,high,0.0,1.0,1.0,0.0,1.0,0.0,1.0,1.0,62.5,False,independent_destination_scope_unverified|tourism_exposure_unverified|snow_proxy_not_direct_slope_measurement|membership_history_unverified
brigels_waltensburg_andiast,Brigels Waltensburg Andiast,SKI_CLUSTER_027,3981,0,0,TUM2,4.388528290619449,227,13,high,0.0,1.0,1.0,0.0,1.0,0.0,1.0,1.0,62.5,False,independent_destination_scope_unverified|tourism_exposure_unverified|snow_proxy_not_direct_slope_measurement|membership_history_unverified
brunni_brunni_bahnen_engelberg,Brunni Brunni - Bahnen Engelberg,SKI_CLUSTER_003,1402,0,0,TIT2,5.102298228632242,69,13,high,0.0,1.0,1.0,0.0,1.0,0.0,1.0,1.0,62.5,False,independent_destination_scope_unverified|tourism_exposure_unverified|snow_proxy_not_direct_slope_measurement|membership_history_unverified
bruson_verbier,Bruson - Verbier,SKI_CLUSTER_002,6037,0,0,ATT2,7.420408701110677,330,13,high,0.0,1.0,1.0,0.0,1.0,0.0,1.0,1.0,62.5,False,independent_destination_scope_unverified|tourism_exposure_unverified|snow_proxy_not_direct_slope_measurement|membership_history_unverified
elm,Elm,SKI_CLUSTER_081,1631,0,0,ELM2,2.2986908266600965,42,13,high,0.0,1.0,1.0,0.0,1.0,0.0,1.0,1.0,62.5,False,independent_destination_scope_unverified|tourism_exposure_unverified|snow_proxy_not_direct_slope_measurement|membership_history_unverified
engstligenalp_adelboden,Engstligenalp - Adelboden,SKI_CLUSTER_014,561,0,0,TRU2,7.519160674149442,86,13,high,0.0,1.0,1.0,0.0,1.0,0.0,1.0,1.0,62.5,False,independent_destination_scope_unverified|tourism_exposure_unverified|snow_proxy_not_direct_slope_measurement|membership_history_unverified
hohsaas_saas_grund_hohsaas,Hohsaas Saas Grund - Hohsaas,SKI_CLUSTER_015,6291,0,0,SAA4,4.847838471905003,462,13,high,0.0,1.0,1.0,0.0,1.0,0.0,1.0,1.0,62.5,False,independent_destination_scope_unverified|tourism_exposure_unverified|snow_proxy_not_direct_slope_measurement|membership_history_unverified
ibergeregg_skilifte_ibergeregg,Ibergeregg Skilifte Ibergeregg,SKI_CLUSTER_013,1372,0,0,YBR2,7.469514457667817,101,13,high,0.0,1.0,1.0,0.0,1.0,0.0,1.0,1.0,62.5,False,independent_destination_scope_unverified|tourism_exposure_unverified|snow_proxy_not_direct_slope_measurement|membership_history_unverified
kerenzerberg,Kerenzerberg,SKI_CLUSTER_226,1630,0,0,AMD2,7.4344805316667,330,13,high,0.0,1.0,1.0,0.0,1.0,0.0,1.0,1.0,62.5,False,independent_destination_scope_unverified|tourism_exposure_unverified|snow_proxy_not_direct_slope_measurement|membership_history_unverified
languard_pontresina,Languard Pontresina,SKI_CLUSTER_022,3784,0,0,BER3,5.668212972674956,305,12,high,0.0,1.0,1.0,0.0,1.0,0.0,1.0,1.0,62.5,False,independent_destination_scope_unverified|tourism_exposure_unverified|snow_proxy_not_direct_slope_measurement|membership_history_unverified
lenk,Lenk,SKI_CLUSTER_014,792,0,0,LAU2,4.584115757312947,392,13,high,0.0,1.0,1.0,0.0,1.0,0.0,1.0,1.0,62.5,False,independent_destination_scope_unverified|tourism_exposure_unverified|snow_proxy_not_direct_slope_measurement|membership_history_unverified
madrisa_klosters_madrisa,Madrisa Klosters Madrisa,SKI_CLUSTER_006,3871,0,0,KLO2,1.3750484360517425,455,13,high,0.0,1.0,1.0,0.0,1.0,0.0,1.0,1.0,62.5,False,independent_destination_scope_unverified|tourism_exposure_unverified|snow_proxy_not_direct_slope_measurement|membership_history_unverified
minschuns_val_mustair,Minschuns - Val Müstair,SKI_CLUSTER_122,3847,0,0,OFE2,3.721237107339473,341,13,high,0.0,1.0,1.0,0.0,1.0,0.0,1.0,1.0,62.5,False,independent_destination_scope_unverified|tourism_exposure_unverified|snow_proxy_not_direct_slope_measurement|membership_history_unverified
motta_naluns_scuol_motta_naluns,Motta Naluns Scuol Motta Naluns,SKI_CLUSTER_044,3762,0,0,NAS2,0.6185837531418712,450,13,high,0.0,1.0,1.0,0.0,1.0,0.0,1.0,1.0,62.5,False,independent_destination_scope_unverified|tourism_exposure_unverified|snow_proxy_not_direct_slope_measurement|membership_history_unverified
pischa_davos_pischa,Pischa Davos Pischa,SKI_CLUSTER_241,3851,0,0,KLO3,3.9596394130217667,184,13,high,0.0,1.0,1.0,0.0,1.0,0.0,1.0,1.0,62.5,False,independent_destination_scope_unverified|tourism_exposure_unverified|snow_proxy_not_direct_slope_measurement|membership_history_unverified
pizol_bad_ragaz_wangs,Pizol - Bad Ragaz - Wangs,SKI_CLUSTER_038,3291,0,0,TAM2,3.9963537518200027,218,13,high,0.0,1.0,1.0,0.0,1.0,0.0,1.0,1.0,62.5,False,independent_destination_scope_unverified|tourism_exposure_unverified|snow_proxy_not_direct_slope_measurement|membership_history_unverified
rinerhorn_davos_rinerhorn,Rinerhorn Davos Rinerhorn,SKI_CLUSTER_006,3851,0,0,DAV3,5.172593761830497,35,13,high,0.0,1.0,1.0,0.0,1.0,0.0,1.0,1.0,62.5,False,independent_destination_scope_unverified|tourism_exposure_unverified|snow_proxy_not_direct_slope_measurement|membership_history_unverified
samnaun_silvretta_arena_samnaun_ischgl,Samnaun Silvretta Arena Samnaun / Ischgl,SKI_CLUSTER_011,3752,0,0,SMN2,3.869368534317143,388,13,high,0.0,1.0,1.0,0.0,1.0,0.0,1.0,1.0,62.5,False,independent_destination_scope_unverified|tourism_exposure_unverified|snow_proxy_not_direct_slope_measurement|membership_history_unverified
savognin,Savognin,SKI_CLUSTER_043,3543,0,0,PMA2,1.568564908679019,284,13,high,0.0,1.0,1.0,0.0,1.0,0.0,1.0,1.0,62.5,False,independent_destination_scope_unverified|tourism_exposure_unverified|snow_proxy_not_direct_slope_measurement|membership_history_unverified
splugen_rheinwald,Splügen Rheinwald,SKI_CLUSTER_084,3714,0,0,HTR3,2.719795685203289,15,13,high,0.0,1.0,1.0,0.0,1.0,0.0,1.0,1.0,62.5,False,independent_destination_scope_unverified|tourism_exposure_unverified|snow_proxy_not_direct_slope_measurement|membership_history_unverified
stoos,Stoos,SKI_CLUSTER_013,1366,0,0,MUO2,7.945251331611109,148,13,high,0.0,1.0,1.0,0.0,1.0,0.0,1.0,1.0,62.5,False,independent_destination_scope_unverified|tourism_exposure_unverified|snow_proxy_not_direct_slope_measurement|membership_history_unverified
veysonnaz_4_vallees,Veysonnaz 4 Vallées,SKI_CLUSTER_002,6024,0,0,NEN3,5.21272354012194,497,13,high,0.0,1.0,1.0,0.0,1.0,0.0,1.0,1.0,62.5,False,independent_destination_scope_unverified|tourism_exposure_unverified|snow_proxy_not_direct_slope_measurement|membership_history_unverified
wengen_jungfrau_ski_region_grindelwald_wengen,Wengen Jungfrau Ski Region Grindelwald - Wengen,SKI_CLUSTER_010,576,0,0,MAE2,0.6743495895506941,338,13,high,0.0,1.0,1.0,0.0,1.0,0.0,1.0,1.0,62.5,False,independent_destination_scope_unverified|tourism_exposure_unverified|snow_proxy_not_direct_slope_measurement|membership_history_unverified
aeschi,Aeschi,SKI_CLUSTER_110,562,0,0,SCH2,11.29272167895082,932,13,moderate,0.0,1.0,1.0,0.0,1.0,0.0,1.0,0.75,59.4,False,independent_destination_scope_unverified|tourism_exposure_unverified|snow_proxy_not_direct_slope_measurement|membership_history_unverified
alpsteinblick_gonten,Alpsteinblick Gonten,SKI_CLUSTER_083,3102,0,0,AMD2,22.059921155042538,420,13,moderate,0.0,1.0,1.0,0.0,1.0,0.0,1.0,0.75,59.4,False,independent_destination_scope_unverified|tourism_exposure_unverified|snow_proxy_not_direct_slope_measurement|membership_history_unverified
arosa_lenzerheide,Arosa Lenzerheide,SKI_CLUSTER_007,3901,0,0,DAV3,12.925921477190817,410,13,moderate,0.0,1.0,1.0,0.0,1.0,0.0,1.0,0.75,59.4,False,independent_destination_scope_unverified|tourism_exposure_unverified|snow_proxy_not_direct_slope_measurement|membership_history_unverified
atzmannig,Atzmännig,SKI_CLUSTER_066,3342,0,0,AMD2,16.394263221566113,410,13,moderate,0.0,1.0,1.0,0.0,1.0,0.0,1.0,0.75,59.4,False,independent_destination_scope_unverified|tourism_exposure_unverified|snow_proxy_not_direct_slope_measurement|membership_history_unverified
buchserberg_skilift_buchserberg_malbun,Buchserberg Skilift Buchserberg - Malbun,SKI_CLUSTER_234,3271,0,0,MLB2,15.130487875908996,499,13,moderate,0.0,1.0,1.0,0.0,1.0,0.0,1.0,0.75,59.4,False,independent_destination_scope_unverified|tourism_exposure_unverified|snow_proxy_not_direct_slope_measurement|membership_history_unverified
bulle_la_chia,Bulle - La Chia,SKI_CLUSTER_023,2125,0,0,ALI2,15.158664365686066,408,13,moderate,0.0,1.0,1.0,0.0,1.0,0.0,1.0,0.75,59.4,False,independent_destination_scope_unverified|tourism_exposure_unverified|snow_proxy_not_direct_slope_measurement|membership_history_unverified
champex_lac,Champex - Lac,SKI_CLUSTER_090,6034,0,0,BOV2,11.270198735686147,493,13,moderate,0.0,1.0,1.0,0.0,1.0,0.0,1.0,0.75,59.4,False,independent_destination_scope_unverified|tourism_exposure_unverified|snow_proxy_not_direct_slope_measurement|membership_history_unverified
corviglia_st_moritz,Corviglia St. Moritz,SKI_CLUSTER_022,3782,0,0,BEV2,3.2733434083166313,545,13,moderate,0.0,1.0,1.0,0.0,1.0,0.0,1.0,0.75,59.4,False,independent_destination_scope_unverified|tourism_exposure_unverified|snow_proxy_not_direct_slope_measurement|membership_history_unverified
diavolezza_lagalb,Diavolezza - Lagalb,SKI_CLUSTER_099,3784,0,0,BER2,4.876840655555957,531,13,moderate,0.0,1.0,1.0,0.0,1.0,0.0,1.0,0.75,59.4,False,independent_destination_scope_unverified|tourism_exposure_unverified|snow_proxy_not_direct_slope_measurement|membership_history_unverified
flumserberg,Flumserberg,SKI_CLUSTER_029,3295,0,0,AMD2,13.741382504670014,612,13,moderate,0.0,1.0,1.0,0.0,1.0,0.0,1.0,0.75,59.4,False,independent_destination_scope_unverified|tourism_exposure_unverified|snow_proxy_not_direct_slope_measurement|membership_history_unverified
friherrenberg_einsiedeln,Friherrenberg Einsiedeln,SKI_CLUSTER_079,1301,0,0,YBR2,11.289900466718038,586,13,moderate,0.0,1.0,1.0,0.0,1.0,0.0,1.0,0.75,59.4,False,independent_destination_scope_unverified|tourism_exposure_unverified|snow_proxy_not_direct_slope_measurement|membership_history_unverified
gadmen,Gadmen,SKI_CLUSTER_198,784,0,0,GAD2,3.592337783095158,763,13,moderate,0.0,1.0,1.0,0.0,1.0,0.0,1.0,0.75,59.4,False,independent_destination_scope_unverified|tourism_exposure_unverified|snow_proxy_not_direct_slope_measurement|membership_history_unverified
gemsstock_andermatt_gemsstock,Gemsstock Andermatt - Gemsstock,SKI_CLUSTER_017,1202,0,0,VAL2,7.074301883549794,693,13,moderate,0.0,1.0,1.0,0.0,1.0,0.0,1.0,0.75,59.4,False,independent_destination_scope_unverified|tourism_exposure_unverified|snow_proxy_not_direct_slope_measurement|membership_history_unverified
gstaad,Gstaad,SKI_CLUSTER_016,843,1,1,LAU2,8.659552834776559,1030,13,low,0.0,1.0,1.0,0.0,1.0,0.5,1.0,0.25,59.4,False,independent_destination_scope_unverified|tourism_exposure_unverified|snow_proxy_not_direct_slope_measurement|snow_proxy_low_spatial_elevation_comparability
hapfere_plaffeien,Hapfere Plaffeien,SKI_CLUSTER_173,2299,0,0,JAU2,10.885920375436825,772,13,moderate,0.0,1.0,1.0,0.0,1.0,0.0,1.0,0.75,59.4,False,independent_destination_scope_unverified|tourism_exposure_unverified|snow_proxy_not_direct_slope_measurement|membership_history_unverified
hemberg,Hemberg,SKI_CLUSTER_228,3396,0,0,AMD2,12.504737111759374,490,13,moderate,0.0,1.0,1.0,0.0,1.0,0.0,1.0,0.75,59.4,False,independent_destination_scope_unverified|tourism_exposure_unverified|snow_proxy_not_direct_slope_measurement|membership_history_unverified
hochstuckli_sattel_hochstuckli,Hochstuckli Sattel Hochstuckli,SKI_CLUSTER_013,1372,0,0,YBR2,13.399651535659931,101,13,moderate,0.0,1.0,1.0,0.0,1.0,0.0,1.0,0.75,59.4,False,independent_destination_scope_unverified|tourism_exposure_unverified|snow_proxy_not_direct_slope_measurement|membership_history_unverified
hochwang,Hochwang,SKI_CLUSTER_151,3921,0,0,DAV3,11.122370160001386,171,13,moderate,0.0,1.0,1.0,0.0,1.0,0.0,1.0,0.75,59.4,False,independent_destination_scope_unverified|tourism_exposure_unverified|snow_proxy_not_direct_slope_measurement|membership_history_unverified
hornli_schonengrund,Hörnli - Schönengrund,SKI_CLUSTER_230,3396,0,0,AMD2,16.413746757230683,640,13,moderate,0.0,1.0,1.0,0.0,1.0,0.0,1.0,0.75,59.4,False,independent_destination_scope_unverified|tourism_exposure_unverified|snow_proxy_not_direct_slope_measurement|membership_history_unverified
laax_flims_laax_falera,Laax Flims Laax Falera,SKI_CLUSTER_019,3575,0,0,CMA2,2.56823289079682,693,13,moderate,0.0,1.0,1.0,0.0,1.0,0.0,1.0,0.75,59.4,False,independent_destination_scope_unverified|tourism_exposure_unverified|snow_proxy_not_direct_slope_measurement|membership_history_unverified
langis_glaubenberg,Langis Glaubenberg,SKI_CLUSTER_191,1407,0,0,SCB2,12.930190044336356,177,13,moderate,0.0,1.0,1.0,0.0,1.0,0.0,1.0,0.75,59.4,False,independent_destination_scope_unverified|tourism_exposure_unverified|snow_proxy_not_direct_slope_measurement|membership_history_unverified
les_diablerets_glacier_3000,Les Diablerets - Glacier 3000,SKI_CLUSTER_008,5411,0,0,CHA2,4.318629316368863,982,13,moderate,0.0,1.0,1.0,0.0,1.0,0.0,1.0,0.75,59.4,False,independent_destination_scope_unverified|tourism_exposure_unverified|snow_proxy_not_direct_slope_measurement|membership_history_unverified
les_prevondes,Les Prévondes,SKI_CLUSTER_089,5886,0,0,ALI2,5.67352608345861,697,13,moderate,0.0,1.0,1.0,0.0,1.0,0.0,1.0,0.75,59.4,False,independent_destination_scope_unverified|tourism_exposure_unverified|snow_proxy_not_direct_slope_measurement|membership_history_unverified
leysin_les_mosses_la_lecherette,Leysin - Les Mosses - La Lécherette,SKI_CLUSTER_008,5407,0,0,CHA2,11.996237452897999,113,13,moderate,0.0,1.0,1.0,0.0,1.0,0.0,1.0,0.75,59.4,False,independent_destination_scope_unverified|tourism_exposure_unverified|snow_proxy_not_direct_slope_measurement|membership_history_unverified
nollen_unterageri,Nollen - Unterägeri,SKI_CLUSTER_141,1709,0,0,YBR2,22.624397656185543,651,13,moderate,0.0,1.0,1.0,0.0,1.0,0.0,1.0,0.75,59.4,False,independent_destination_scope_unverified|tourism_exposure_unverified|snow_proxy_not_direct_slope_measurement|membership_history_unverified
obergoms_goms,Obergoms Goms,SKI_CLUSTER_140,6077,0,0,GOM3,3.014191869620531,859,13,moderate,0.0,1.0,1.0,0.0,1.0,0.0,1.0,0.75,59.4,False,independent_destination_scope_unverified|tourism_exposure_unverified|snow_proxy_not_direct_slope_measurement|membership_history_unverified
oberhelfenschwil,Oberhelfenschwil,SKI_CLUSTER_225,3396,0,0,AMD2,20.47084676057183,744,13,moderate,0.0,1.0,1.0,0.0,1.0,0.0,1.0,0.75,59.4,False,independent_destination_scope_unverified|tourism_exposure_unverified|snow_proxy_not_direct_slope_measurement|membership_history_unverified
parsenn_davos_klosters_parsenn,Parsenn Davos Klosters Parsenn,SKI_CLUSTER_006,3851,0,0,PAR2,1.288561124501289,554,12,moderate,0.0,1.0,1.0,0.0,1.0,0.0,1.0,0.75,59.4,False,independent_destination_scope_unverified|tourism_exposure_unverified|snow_proxy_not_direct_slope_measurement|membership_history_unverified
sainte_croix_les_rasses,Sainte Croix - Les Rasses,SKI_CLUSTER_050,5552,1,1,ALI2,52.766691592155595,125,13,low,0.0,1.0,1.0,0.0,1.0,0.5,1.0,0.25,59.4,False,independent_destination_scope_unverified|tourism_exposure_unverified|snow_proxy_not_direct_slope_measurement|snow_proxy_low_spatial_elevation_comparability
schatzalp_davos_schatzalp_strela,Schatzalp Davos Schatzalp - Strela,SKI_CLUSTER_006,3851,0,0,SLF2,2.8790463671374478,790,13,moderate,0.0,1.0,1.0,0.0,1.0,0.0,1.0,0.75,59.4,False,independent_destination_scope_unverified|tourism_exposure_unverified|snow_proxy_not_direct_slope_measurement|membership_history_unverified
schilt_mollis,Schilt Mollis,SKI_CLUSTER_146,1630,0,0,GLA2,10.062211728216987,32,13,moderate,0.0,1.0,1.0,0.0,1.0,0.0,1.0,0.75,59.4,False,independent_destination_scope_unverified|tourism_exposure_unverified|snow_proxy_not_direct_slope_measurement|membership_history_unverified
schilthorn_jungfrau_ski_region_murren_schilthorn,Schilthorn Jungfrau Ski Region Mürren - Schilthorn,SKI_CLUSTER_010,584,0,0,SCH2,2.355879347705687,668,13,moderate,0.0,1.0,1.0,0.0,1.0,0.0,1.0,0.75,59.4,False,independent_destination_scope_unverified|tourism_exposure_unverified|snow_proxy_not_direct_slope_measurement|membership_history_unverified
schnabelsberg_einsiedeln,Schnabelsberg Einsiedeln,SKI_CLUSTER_079,1301,0,0,YBR2,13.505446660568555,681,13,moderate,0.0,1.0,1.0,0.0,1.0,0.0,1.0,0.75,59.4,False,independent_destination_scope_unverified|tourism_exposure_unverified|snow_proxy_not_direct_slope_measurement|membership_history_unverified
survih_samedan,Survih - Samedan,SKI_CLUSTER_022,3786,0,0,BEV2,2.2840429588560296,587,13,moderate,0.0,1.0,1.0,0.0,1.0,0.0,1.0,0.75,59.4,False,independent_destination_scope_unverified|tourism_exposure_unverified|snow_proxy_not_direct_slope_measurement|membership_history_unverified
toggenburg_chaserrugg_alt_st_johann_unterwasser,Toggenburg - Chäserrugg Alt St. Johann Unterwasser,SKI_CLUSTER_030,3359,0,0,AMD2,12.476774569968388,652,13,moderate,0.0,1.0,1.0,0.0,1.0,0.0,1.0,0.75,59.4,False,independent_destination_scope_unverified|tourism_exposure_unverified|snow_proxy_not_direct_slope_measurement|membership_history_unverified
tschiertschen,Tschiertschen,SKI_CLUSTER_098,3901,0,0,TAM3,13.913453552279226,234,13,moderate,0.0,1.0,1.0,0.0,1.0,0.0,1.0,0.75,59.4,False,independent_destination_scope_unverified|tourism_exposure_unverified|snow_proxy_not_direct_slope_measurement|membership_history_unverified
val_ferret_la_fouly,Val Ferret - La Fouly,SKI_CLUSTER_104,6034,0,0,BOV2,11.964801728576374,487,13,moderate,0.0,1.0,1.0,0.0,1.0,0.0,1.0,0.75,59.4,False,independent_destination_scope_unverified|tourism_exposure_unverified|snow_proxy_not_direct_slope_measurement|membership_history_unverified
vallee_de_joux,Vallée de Joux,SKI_CLUSTER_101,5872,0,1,GRA2,49.47863984642436,539,13,low,0.0,1.0,1.0,0.0,1.0,0.5,1.0,0.25,59.4,False,independent_destination_scope_unverified|tourism_exposure_unverified|snow_proxy_not_direct_slope_measurement|snow_proxy_low_spatial_elevation_comparability
vals,Vals,SKI_CLUSTER_097,3603,0,0,HTR2,8.174843618649794,853,13,moderate,0.0,1.0,1.0,0.0,1.0,0.0,1.0,0.75,59.4,False,independent_destination_scope_unverified|tourism_exposure_unverified|snow_proxy_not_direct_slope_measurement|membership_history_unverified
valtgeva_druni_kidsarena_sedrun,Valtgeva Druni KidsArena Sedrun,SKI_CLUSTER_017,3986,0,0,TUJ2,3.2549433783972406,712,13,moderate,0.0,1.0,1.0,0.0,1.0,0.0,1.0,0.75,59.4,False,independent_destination_scope_unverified|tourism_exposure_unverified|snow_proxy_not_direct_slope_measurement|membership_history_unverified
verbier_4_vallees,Verbier 4 Vallées,SKI_CLUSTER_002,6037,0,0,ATT2,0.946770003138499,780,13,moderate,0.0,1.0,1.0,0.0,1.0,0.0,1.0,0.75,59.4,False,independent_destination_scope_unverified|tourism_exposure_unverified|snow_proxy_not_direct_slope_measurement|membership_history_unverified
zermatt,Zermatt,SKI_CLUSTER_005,6300,0,0,GOR2,3.486952532854285,930,13,moderate,0.0,1.0,1.0,0.0,1.0,0.0,1.0,0.75,59.4,False,independent_destination_scope_unverified|tourism_exposure_unverified|snow_proxy_not_direct_slope_measurement|membership_history_unverified
muottas_muragl,Muottas Muragl,SKI_CLUSTER_022,3786,0,0,BEV2,5.142607885780313,56,13,high,0.0,1.0,1.0,0.0,1.0,0.0,0.6666666666666666,1.0,58.3,False,independent_destination_scope_unverified|tourism_exposure_unverified|snow_proxy_not_direct_slope_measurement|membership_history_unverified
anzere,Anzère,SKI_CLUSTER_020,6082,1,1,VDS2,2.4935525611799485,35,13,high,0.0,1.0,1.0,0.0,0.0,0.5,1.0,1.0,56.2,False,independent_destination_scope_unverified|tourism_exposure_unverified|snow_proxy_not_direct_slope_measurement|no_hotel_outcome_at_point_municipality
charmey,Charmey,SKI_CLUSTER_091,2163,1,1,JAU2,5.269948115452776,77,13,high,0.0,1.0,1.0,0.0,0.0,0.5,1.0,1.0,56.2,False,independent_destination_scope_unverified|tourism_exposure_unverified|snow_proxy_not_direct_slope_measurement|no_hotel_outcome_at_point_municipality
gantrisch_gurnigel,Gantrisch - Gurnigel,SKI_CLUSTER_051,880,1,1,STH2,6.908808670026911,121,13,high,0.0,1.0,1.0,0.0,0.0,0.5,1.0,1.0,56.2,False,independent_destination_scope_unverified|tourism_exposure_unverified|snow_proxy_not_direct_slope_measurement|no_hotel_outcome_at_point_municipality
habkern,Habkern,SKI_CLUSTER_046,579,1,1,SHE2,4.5961947825726215,367,13,high,0.0,1.0,1.0,0.0,0.0,0.5,1.0,1.0,56.2,False,independent_destination_scope_unverified|tourism_exposure_unverified|snow_proxy_not_direct_slope_measurement|no_hotel_outcome_at_point_municipality
jaun_gastlosen,Jaun Gastlosen,SKI_CLUSTER_092,2138,1,1,JAU2,2.4935886943614833,107,13,high,0.0,1.0,1.0,0.0,0.0,0.5,1.0,1.0,56.2,False,independent_destination_scope_unverified|tourism_exposure_unverified|snow_proxy_not_direct_slope_measurement|no_hotel_outcome_at_point_municipality
jaunpass,Jaunpass,SKI_CLUSTER_132,791,1,1,JAU2,6.675334426113314,7,13,high,0.0,1.0,1.0,0.0,0.0,0.5,1.0,1.0,56.2,False,independent_destination_scope_unverified|tourism_exposure_unverified|snow_proxy_not_direct_slope_measurement|no_hotel_outcome_at_point_municipality
la_berra_la_roche,La Berra - La Roche,SKI_CLUSTER_069,2149,1,1,JAU2,8.917223241929408,67,13,high,0.0,1.0,1.0,0.0,0.0,0.5,1.0,1.0,56.2,False,independent_destination_scope_unverified|tourism_exposure_unverified|snow_proxy_not_direct_slope_measurement|no_hotel_outcome_at_point_municipality
lauchernalp_lotschental,Lauchernalp - Lötschental,SKI_CLUSTER_073,6202,1,0,GAN2,1.607881944459056,390,13,high,0.0,1.0,1.0,0.0,0.0,0.5,1.0,1.0,56.2,False,independent_destination_scope_unverified|tourism_exposure_unverified|snow_proxy_not_direct_slope_measurement|no_hotel_outcome_at_point_municipality
les_marecottes,Les Marécottes,SKI_CLUSTER_103,6218,1,1,FNH2,3.32836998050675,32,13,high,0.0,1.0,1.0,0.0,0.0,0.5,1.0,1.0,56.2,False,independent_destination_scope_unverified|tourism_exposure_unverified|snow_proxy_not_direct_slope_measurement|no_hotel_outcome_at_point_municipality
les_paccots_chatel_saint_denis,Les Paccots - Châtel Saint Denis,SKI_CLUSTER_023,2325,1,1,ALI2,5.0317169829983985,208,13,high,0.0,1.0,1.0,0.0,0.0,0.5,1.0,1.0,56.2,False,independent_destination_scope_unverified|tourism_exposure_unverified|snow_proxy_not_direct_slope_measurement|no_hotel_outcome_at_point_municipality
leukerbad,Leukerbad,SKI_CLUSTER_045,6102,1,1,TRU2,4.895802753037929,151,13,high,0.0,1.0,1.0,0.0,0.0,0.5,1.0,1.0,56.2,False,independent_destination_scope_unverified|tourism_exposure_unverified|snow_proxy_not_direct_slope_measurement|no_hotel_outcome_at_point_municipality
melchsee_frutt,Melchsee - Frutt,SKI_CLUSTER_024,1404,1,1,GAD2,9.736449477697773,192,13,high,0.0,1.0,1.0,0.0,0.0,0.5,1.0,1.0,56.2,False,independent_destination_scope_unverified|tourism_exposure_unverified|snow_proxy_not_direct_slope_measurement|no_hotel_outcome_at_point_municipality
mont_noble_nax,Mont - Noble Nax,SKI_CLUSTER_071,6090,1,1,ANV2,5.379430402419797,0,13,high,0.0,1.0,1.0,0.0,0.0,0.5,1.0,1.0,56.2,False,independent_destination_scope_unverified|tourism_exposure_unverified|snow_proxy_not_direct_slope_measurement|no_hotel_outcome_at_point_municipality
moosalpregion,Moosalpregion,SKI_CLUSTER_012,6296,1,1,SAA2,9.708057120693361,70,13,high,0.0,1.0,1.0,0.0,0.0,0.5,1.0,1.0,56.2,False,independent_destination_scope_unverified|tourism_exposure_unverified|snow_proxy_not_direct_slope_measurement|no_hotel_outcome_at_point_municipality
morlialp,Mörlialp,SKI_CLUSTER_075,1403,1,1,SCB2,5.017989887221777,73,13,high,0.0,1.0,1.0,0.0,0.0,0.5,1.0,1.0,56.2,False,independent_destination_scope_unverified|tourism_exposure_unverified|snow_proxy_not_direct_slope_measurement|no_hotel_outcome_at_point_municipality
ovronnaz,Ovronnaz,SKI_CLUSTER_057,6135,1,1,FUL2,3.9651898867527677,102,13,high,0.0,1.0,1.0,0.0,0.0,0.5,1.0,1.0,56.2,False,independent_destination_scope_unverified|tourism_exposure_unverified|snow_proxy_not_direct_slope_measurement|no_hotel_outcome_at_point_municipality
rathvel,Rathvel,SKI_CLUSTER_023,2325,1,1,ALI2,6.431773349303454,212,13,high,0.0,1.0,1.0,0.0,0.0,0.5,1.0,1.0,56.2,False,independent_destination_scope_unverified|tourism_exposure_unverified|snow_proxy_not_direct_slope_measurement|no_hotel_outcome_at_point_municipality
rochers_de_naye_haut_de_caux_dent_de_jaman,Rochers de Naye - Haut de Caux - Dent de Jaman,SKI_CLUSTER_089,5891,1,1,ALI2,6.444670400833462,337,13,high,0.0,1.0,1.0,0.0,0.0,0.5,1.0,1.0,56.2,False,independent_destination_scope_unverified|tourism_exposure_unverified|snow_proxy_not_direct_slope_measurement|no_hotel_outcome_at_point_municipality
rossberg_oberwil,Rossberg - Oberwil,SKI_CLUSTER_176,766,1,1,STH2,7.583260244098265,241,13,high,0.0,1.0,1.0,0.0,0.0,0.5,1.0,1.0,56.2,False,independent_destination_scope_unverified|tourism_exposure_unverified|snow_proxy_not_direct_slope_measurement|no_hotel_outcome_at_point_municipality
rosswald,Rosswald,SKI_CLUSTER_058,6010,1,1,BOR2,5.285522900779994,19,13,high,0.0,1.0,1.0,0.0,0.0,0.5,1.0,1.0,56.2,False,independent_destination_scope_unverified|tourism_exposure_unverified|snow_proxy_not_direct_slope_measurement|no_hotel_outcome_at_point_municipality
saas_almagell,Saas Almagell,SKI_CLUSTER_015,6288,0,1,SAA4,5.393494562300513,280,13,high,0.0,1.0,1.0,0.0,0.0,0.5,1.0,1.0,56.2,False,independent_destination_scope_unverified|tourism_exposure_unverified|snow_proxy_not_direct_slope_measurement|no_hotel_outcome_at_point_municipality
schwarzsee_kaiseregg_bahnen,Schwarzsee Kaiseregg Bahnen,SKI_CLUSTER_093,2138,1,1,JAU2,3.731667860832108,43,13,high,0.0,1.0,1.0,0.0,0.0,0.5,1.0,1.0,56.2,False,independent_destination_scope_unverified|tourism_exposure_unverified|snow_proxy_not_direct_slope_measurement|no_hotel_outcome_at_point_municipality
sorenberg,Sörenberg,SKI_CLUSTER_031,1004,1,1,ROA2,4.825154804257822,475,13,high,0.0,1.0,1.0,0.0,0.0,0.5,1.0,1.0,56.2,False,independent_destination_scope_unverified|tourism_exposure_unverified|snow_proxy_not_direct_slope_measurement|no_hotel_outcome_at_point_municipality
staldenried_gspon,Staldenried - Gspon,SKI_CLUSTER_012,6294,1,1,SAA2,6.459791227340208,420,13,high,0.0,1.0,1.0,0.0,0.0,0.5,1.0,1.0,56.2,False,independent_destination_scope_unverified|tourism_exposure_unverified|snow_proxy_not_direct_slope_measurement|no_hotel_outcome_at_point_municipality
vercorin,Vercorin,SKI_CLUSTER_052,6232,1,1,ANV2,5.582032088601046,340,13,high,0.0,1.0,1.0,0.0,0.0,0.5,1.0,1.0,56.2,False,independent_destination_scope_unverified|tourism_exposure_unverified|snow_proxy_not_direct_slope_measurement|no_hotel_outcome_at_point_municipality
visperterminen,Visperterminen,SKI_CLUSTER_012,6298,1,1,MUN2,8.404956340015104,133,13,high,0.0,1.0,1.0,0.0,0.0,0.5,1.0,1.0,56.2,False,independent_destination_scope_unverified|tourism_exposure_unverified|snow_proxy_not_direct_slope_measurement|no_hotel_outcome_at_point_municipality
jakobsbad_kronberg,Jakobsbad - Kronberg,SKI_CLUSTER_083,3102,0,0,AMD2,21.255093814494096,53,13,moderate,0.0,1.0,1.0,0.0,1.0,0.0,0.6666666666666666,0.75,55.2,False,independent_destination_scope_unverified|tourism_exposure_unverified|snow_proxy_not_direct_slope_measurement|membership_history_unverified
oberholz_farner,Oberholz - Farner,SKI_CLUSTER_066,3342,0,0,AMD2,20.16594978331494,455,13,moderate,0.0,1.0,1.0,0.0,1.0,0.0,0.6666666666666666,0.75,55.2,False,independent_destination_scope_unverified|tourism_exposure_unverified|snow_proxy_not_direct_slope_measurement|membership_history_unverified
belalp,Belalp,SKI_CLUSTER_009,6007,1,1,BEL2,1.7663041072136436,564,13,moderate,0.0,1.0,1.0,0.0,0.0,0.5,1.0,0.75,53.1,False,independent_destination_scope_unverified|tourism_exposure_unverified|snow_proxy_not_direct_slope_measurement|no_hotel_outcome_at_point_municipality
chapeau_rable_la_chaux_de_fonds,Chapeau Rablé La Chaux - de - Fonds,SKI_CLUSTER_159,6421,0,0,JAU2,63.04654855522282,457,13,low,0.0,1.0,1.0,0.0,1.0,0.0,1.0,0.25,53.1,False,independent_destination_scope_unverified|tourism_exposure_unverified|snow_proxy_not_direct_slope_measurement|membership_history_unverified|snow_proxy_low_spatial_elevation_comparability
eischoll_sportbahnen_eischoll,Eischoll Sportbahnen Eischoll,SKI_CLUSTER_012,6194,1,1,STN2,12.21249076008012,714,13,moderate,0.0,1.0,1.0,0.0,0.0,0.5,1.0,0.75,53.1,False,independent_destination_scope_unverified|tourism_exposure_unverified|snow_proxy_not_direct_slope_measurement|no_hotel_outcome_at_point_municipality
gampel_jeizinen_jeizinen_feselalpe_gampel,Gampel - Jeizinen Jeizinen - Feselalpe / Gampel,SKI_CLUSTER_072,6118,0,1,TRU2,11.569934133497737,259,13,moderate,0.0,1.0,1.0,0.0,0.0,0.5,1.0,0.75,53.1,False,independent_destination_scope_unverified|tourism_exposure_unverified|snow_proxy_not_direct_slope_measurement|no_hotel_outcome_at_point_municipality
heiden_bischofsberg,Heiden Bischofsberg,SKI_CLUSTER_117,3032,0,0,MLB2,38.845212841742864,1034,13,low,0.0,1.0,1.0,0.0,1.0,0.0,1.0,0.25,53.1,False,independent_destination_scope_unverified|tourism_exposure_unverified|snow_proxy_not_direct_slope_measurement|membership_history_unverified|snow_proxy_low_spatial_elevation_comparability
heimenschwand_buchholterberg,Heimenschwand Buchholterberg,SKI_CLUSTER_109,923,1,1,SHE2,13.159217759819036,672,13,moderate,0.0,1.0,1.0,0.0,0.0,0.5,1.0,0.75,53.1,False,independent_destination_scope_unverified|tourism_exposure_unverified|snow_proxy_not_direct_slope_measurement|no_hotel_outcome_at_point_municipality
homberg_skilift_dreiligass_winteregg,Homberg Skilift Dreiligass - Winteregg,SKI_CLUSTER_136,931,1,1,SHE2,10.539128796204201,752,13,moderate,0.0,1.0,1.0,0.0,0.0,0.5,1.0,0.75,53.1,False,independent_destination_scope_unverified|tourism_exposure_unverified|snow_proxy_not_direct_slope_measurement|no_hotel_outcome_at_point_municipality
jakobshorn_davos_jakobshorn,Jakobshorn Davos Jakobshorn,SKI_CLUSTER_006,3851,0,0,SLF2,4.348257920895841,1027,13,low,0.0,1.0,1.0,0.0,1.0,0.0,1.0,0.25,53.1,False,independent_destination_scope_unverified|tourism_exposure_unverified|snow_proxy_not_direct_slope_measurement|membership_history_unverified|snow_proxy_low_spatial_elevation_comparability
klausenbohl_gais_klausenbohl,Klausenböhl Gais / Klausenböhl,SKI_CLUSTER_235,3022,0,0,AMD2,32.06487668604735,585,13,low,0.0,1.0,1.0,0.0,1.0,0.0,1.0,0.25,53.1,False,independent_destination_scope_unverified|tourism_exposure_unverified|snow_proxy_not_direct_slope_measurement|membership_history_unverified|snow_proxy_low_spatial_elevation_comparability
la_corbatiere_la_roche_des_crocs,La Corbatière - La Roche - des - Crocs,SKI_CLUSTER_126,6421,0,0,JAU2,58.57073191347173,357,13,low,0.0,1.0,1.0,0.0,1.0,0.0,1.0,0.25,53.1,False,independent_destination_scope_unverified|tourism_exposure_unverified|snow_proxy_not_direct_slope_measurement|membership_history_unverified|snow_proxy_low_spatial_elevation_comparability
linden_skilift_linden,Linden Skilift Linden,SKI_CLUSTER_109,614,1,1,SHE2,14.347916265159485,812,13,moderate,0.0,1.0,1.0,0.0,0.0,0.5,1.0,0.75,53.1,False,independent_destination_scope_unverified|tourism_exposure_unverified|snow_proxy_not_direct_slope_measurement|no_hotel_outcome_at_point_municipality
marchbachegg_marbach_marbachegg,Marchbachegg Marbach - Marbachegg,SKI_CLUSTER_074,1010,1,1,ROA2,10.25572070040444,375,13,moderate,0.0,1.0,1.0,0.0,0.0,0.5,1.0,0.75,53.1,False,independent_destination_scope_unverified|tourism_exposure_unverified|snow_proxy_not_direct_slope_measurement|no_hotel_outcome_at_point_municipality
nendaz_4_vallees,Nendaz 4 Vallées,SKI_CLUSTER_002,6024,0,0,NEN3,2.352601530580569,1127,13,low,0.0,1.0,1.0,0.0,1.0,0.0,1.0,0.25,53.1,False,independent_destination_scope_unverified|tourism_exposure_unverified|snow_proxy_not_direct_slope_measurement|membership_history_unverified|snow_proxy_low_spatial_elevation_comparability
ottenleuebad,Ottenleuebad,SKI_CLUSTER_051,852,1,1,STH2,12.803943098336147,191,13,moderate,0.0,1.0,1.0,0.0,0.0,0.5,1.0,0.75,53.1,False,independent_destination_scope_unverified|tourism_exposure_unverified|snow_proxy_not_direct_slope_measurement|no_hotel_outcome_at_point_municipality
riffenmatt,Riffenmatt,SKI_CLUSTER_051,852,1,1,STH2,15.4540023036918,651,13,moderate,0.0,1.0,1.0,0.0,0.0,0.5,1.0,0.75,53.1,False,independent_destination_scope_unverified|tourism_exposure_unverified|snow_proxy_not_direct_slope_measurement|no_hotel_outcome_at_point_municipality
ruschegg_eywald,Rüschegg - Eywald,SKI_CLUSTER_051,853,1,1,STH2,11.874791201802202,241,13,moderate,0.0,1.0,1.0,0.0,0.0,0.5,1.0,0.75,53.1,False,independent_destination_scope_unverified|tourism_exposure_unverified|snow_proxy_not_direct_slope_measurement|no_hotel_outcome_at_point_municipality
schwarzenbuhl_selital,Schwarzenbühl Selital,SKI_CLUSTER_051,853,1,1,STH2,12.095602670787278,191,13,moderate,0.0,1.0,1.0,0.0,0.0,0.5,1.0,0.75,53.1,False,independent_destination_scope_unverified|tourism_exposure_unverified|snow_proxy_not_direct_slope_measurement|no_hotel_outcome_at_point_municipality
seebodenalp_kussnacht_am_rigi,Seebodenalp - Küssnacht am Rigi,SKI_CLUSTER_040,1331,0,0,MUO2,25.54686497552361,858,13,low,0.0,1.0,1.0,0.0,1.0,0.0,1.0,0.25,53.1,False,independent_destination_scope_unverified|tourism_exposure_unverified|snow_proxy_not_direct_slope_measurement|membership_history_unverified|snow_proxy_low_spatial_elevation_comparability
unterbach_brandalp,Unterbäch - Brandalp,SKI_CLUSTER_012,6201,1,1,STN2,11.711404728471438,414,13,moderate,0.0,1.0,1.0,0.0,0.0,0.5,1.0,0.75,53.1,False,independent_destination_scope_unverified|tourism_exposure_unverified|snow_proxy_not_direct_slope_measurement|no_hotel_outcome_at_point_municipality
bennau_einsiedeln,Bennau Einsiedeln,SKI_CLUSTER_079,1301,0,0,YBR2,13.970761783168015,681,13,moderate,0.0,1.0,1.0,0.0,1.0,0.0,0.3333333333333333,0.75,51.0,False,independent_destination_scope_unverified|tourism_exposure_unverified|snow_proxy_not_direct_slope_measurement|membership_history_unverified
airolo_pescium_airolo_pescium,Airolo - Pesciüm Airolo - Pesciüm,SKI_CLUSTER_059,5061,0,0,VAL2,2.908571340948204,18,13,high,0.0,1.0,1.0,0.0,0.0,0.0,1.0,1.0,50.0,False,independent_destination_scope_unverified|tourism_exposure_unverified|snow_proxy_not_direct_slope_measurement|no_hotel_outcome_at_point_municipality|membership_history_unverified
aletsch_arena_riederalp_bettmeralp_fiesch_eggishorn,Aletsch Arena Riederalp - Bettmeralp - Fiesch - Eggishorn,SKI_CLUSTER_009,6057,0,0,EGH2,0.5920546389226128,369,12,high,0.0,1.0,1.0,0.0,0.0,0.0,1.0,1.0,50.0,False,independent_destination_scope_unverified|tourism_exposure_unverified|snow_proxy_not_direct_slope_measurement|no_hotel_outcome_at_point_municipality|membership_history_unverified
attinghausen_brusti_attinghausen,Attinghausen Brüsti - Attinghausen,SKI_CLUSTER_021,1203,0,0,SCA2,8.71888948549071,439,13,high,0.0,1.0,1.0,0.0,0.0,0.0,1.0,1.0,50.0,False,independent_destination_scope_unverified|tourism_exposure_unverified|snow_proxy_not_direct_slope_measurement|no_hotel_outcome_at_point_municipality|membership_history_unverified
bellwald,Bellwald,SKI_CLUSTER_009,6052,0,0,GOM2,5.54547311830865,121,13,high,0.0,1.0,1.0,0.0,0.0,0.0,1.0,1.0,50.0,False,independent_destination_scope_unverified|tourism_exposure_unverified|snow_proxy_not_direct_slope_measurement|no_hotel_outcome_at_point_municipality|membership_history_unverified
bergun_filisur_bergun_filisur_darlux,Bergün - Filisur Bergün - Filisur / Darlux,SKI_CLUSTER_086,3544,0,0,ELA2,5.5763553864938045,159,13,high,0.0,1.0,1.0,0.0,0.0,0.0,1.0,1.0,50.0,False,independent_destination_scope_unverified|tourism_exposure_unverified|snow_proxy_not_direct_slope_measurement|no_hotel_outcome_at_point_municipality|membership_history_unverified
biel_kinzig,Biel - Kinzig,SKI_CLUSTER_021,1205,0,0,MUO2,4.870322855777198,153,13,high,0.0,1.0,1.0,0.0,0.0,0.0,1.0,1.0,50.0,False,independent_destination_scope_unverified|tourism_exposure_unverified|snow_proxy_not_direct_slope_measurement|no_hotel_outcome_at_point_municipality|membership_history_unverified
bosco_gurin,Bosco Gurin,SKI_CLUSTER_077,5304,0,0,BOG2,1.9335092353931196,101,13,high,0.0,1.0,1.0,0.0,0.0,0.0,1.0,1.0,50.0,False,independent_destination_scope_unverified|tourism_exposure_unverified|snow_proxy_not_direct_slope_measurement|no_hotel_outcome_at_point_municipality|membership_history_unverified
brambruesch_chur_brambruesch,Brambrüesch Chur - Brambrüesch,SKI_CLUSTER_007,3911,0,0,TAM3,8.160580673246422,6,13,high,0.0,1.0,1.0,0.0,0.0,0.0,1.0,1.0,50.0,False,independent_destination_scope_unverified|tourism_exposure_unverified|snow_proxy_not_direct_slope_measurement|no_hotel_outcome_at_point_municipality|membership_history_unverified
brunni_haggenegg,Brunni - Haggenegg,SKI_CLUSTER_013,1361,0,0,YBR2,9.076881060215557,201,13,high,0.0,1.0,1.0,0.0,0.0,0.0,1.0,1.0,50.0,False,independent_destination_scope_unverified|tourism_exposure_unverified|snow_proxy_not_direct_slope_measurement|no_hotel_outcome_at_point_municipality|membership_history_unverified
campo_blenio_ghirone,Campo Blenio - Ghirone,SKI_CLUSTER_114,5049,0,0,DTR2,5.3749221199957455,407,13,high,0.0,1.0,1.0,0.0,0.0,0.0,1.0,1.0,50.0,False,independent_destination_scope_unverified|tourism_exposure_unverified|snow_proxy_not_direct_slope_measurement|no_hotel_outcome_at_point_municipality|membership_history_unverified
cari,Carì,SKI_CLUSTER_143,5072,0,0,NAR2,5.163725653126924,203,13,high,0.0,1.0,1.0,0.0,0.0,0.0,1.0,1.0,50.0,False,independent_destination_scope_unverified|tourism_exposure_unverified|snow_proxy_not_direct_slope_measurement|no_hotel_outcome_at_point_municipality|membership_history_unverified
champery_les_crosets_champoussin_morgins_portes_du_soleil,Champéry - Les Crosets - Champoussin - Morgins Portes du Soleil,SKI_CLUSTER_001,6157,0,0,ILI2,2.351936431507987,428,13,high,0.0,1.0,1.0,0.0,0.0,0.0,1.0,1.0,50.0,False,independent_destination_scope_unverified|tourism_exposure_unverified|snow_proxy_not_direct_slope_measurement|no_hotel_outcome_at_point_municipality|membership_history_unverified
cioss_prato_bedretto,Cioss Prato Bedretto,SKI_CLUSTER_201,5063,0,0,BED3,2.834482559086207,481,13,high,0.0,1.0,1.0,0.0,0.0,0.0,1.0,1.0,50.0,False,independent_destination_scope_unverified|tourism_exposure_unverified|snow_proxy_not_direct_slope_measurement|no_hotel_outcome_at_point_municipality|membership_history_unverified
disentis,Disentis,SKI_CLUSTER_017,3982,0,0,LUM2,4.6775352686175315,485,13,high,0.0,1.0,1.0,0.0,0.0,0.0,1.0,1.0,50.0,False,independent_destination_scope_unverified|tourism_exposure_unverified|snow_proxy_not_direct_slope_measurement|no_hotel_outcome_at_point_municipality|membership_history_unverified
elsigenalp_metschalp_frutigen,Elsigenalp - Metschalp Frutigen,SKI_CLUSTER_053,563,0,0,ELS2,1.640885296715879,157,13,high,0.0,1.0,1.0,0.0,0.0,0.0,1.0,1.0,50.0,False,independent_destination_scope_unverified|tourism_exposure_unverified|snow_proxy_not_direct_slope_measurement|no_hotel_outcome_at_point_municipality|membership_history_unverified
eriz,Eriz,SKI_CLUSTER_138,932,1,1,SHE2,3.7428408685555477,452,13,high,0.0,0.5,1.0,0.0,0.0,0.5,1.0,1.0,50.0,False,independent_destination_scope_unverified|tourism_exposure_unverified|snow_proxy_not_direct_slope_measurement|lift_assignment_review|no_hotel_outcome_at_point_municipality
fluelen_eggberge_fluelen,Flüelen Eggberge / Flüelen,SKI_CLUSTER_021,1201,0,0,MUO2,8.131470770090212,383,13,high,0.0,1.0,1.0,0.0,0.0,0.0,1.0,1.0,50.0,False,independent_destination_scope_unverified|tourism_exposure_unverified|snow_proxy_not_direct_slope_measurement|no_hotel_outcome_at_point_municipality|membership_history_unverified
glacier_3000_les_diablerets,Glacier 3000 - Les Diablerets,SKI_CLUSTER_039,6265,0,0,DIA2,2.1938465851931266,431,13,high,0.0,1.0,1.0,0.0,0.0,0.0,1.0,1.0,50.0,False,independent_destination_scope_unverified|tourism_exposure_unverified|snow_proxy_not_direct_slope_measurement|no_hotel_outcome_at_point_municipality|membership_history_unverified
grachen,Grächen,SKI_CLUSTER_012,6285,0,0,SAA2,3.2284317449635207,388,13,high,0.0,1.0,1.0,0.0,0.0,0.0,1.0,1.0,50.0,False,independent_destination_scope_unverified|tourism_exposure_unverified|snow_proxy_not_direct_slope_measurement|no_hotel_outcome_at_point_municipality|membership_history_unverified
heuberge_fideriser_heuberge,Heuberge Fideriser Heuberge,SKI_CLUSTER_121,3861,0,0,PAR2,6.292603995398298,70,12,high,0.0,1.0,1.0,0.0,0.0,0.0,1.0,1.0,50.0,False,independent_destination_scope_unverified|tourism_exposure_unverified|snow_proxy_not_direct_slope_measurement|no_hotel_outcome_at_point_municipality|membership_history_unverified
hoch_ybrig,Hoch - Ybrig,SKI_CLUSTER_013,1368,0,0,YBR2,4.117884496794236,119,13,high,0.0,1.0,1.0,0.0,0.0,0.0,1.0,1.0,50.0,False,independent_destination_scope_unverified|tourism_exposure_unverified|snow_proxy_not_direct_slope_measurement|no_hotel_outcome_at_point_municipality|membership_history_unverified
junker_st_antonien,Junker - St. Antönien,SKI_CLUSTER_240,3891,0,0,KLO2,8.761907435763222,497,13,high,0.0,1.0,1.0,0.0,0.0,0.0,1.0,1.0,50.0,False,independent_destination_scope_unverified|tourism_exposure_unverified|snow_proxy_not_direct_slope_measurement|no_hotel_outcome_at_point_municipality|membership_history_unverified
mythenregion,Mythenregion,SKI_CLUSTER_013,1361,0,0,YBR2,8.841910339978154,197,13,high,0.0,1.0,1.0,0.0,0.0,0.0,1.0,1.0,50.0,False,independent_destination_scope_unverified|tourism_exposure_unverified|snow_proxy_not_direct_slope_measurement|no_hotel_outcome_at_point_municipality|membership_history_unverified
nara_leontica_cancori,Nara Leontica - Cancorì,SKI_CLUSTER_080,5048,0,0,NAR2,2.683852774429088,76,13,high,0.0,1.0,1.0,0.0,0.0,0.0,1.0,1.0,50.0,False,independent_destination_scope_unverified|tourism_exposure_unverified|snow_proxy_not_direct_slope_measurement|no_hotel_outcome_at_point_municipality|membership_history_unverified
oberiberg,Oberiberg,SKI_CLUSTER_013,1368,0,0,YBR2,3.2874465593895357,351,13,high,0.0,1.0,1.0,0.0,0.0,0.0,1.0,1.0,50.0,False,independent_destination_scope_unverified|tourism_exposure_unverified|snow_proxy_not_direct_slope_measurement|no_hotel_outcome_at_point_municipality|membership_history_unverified
obersaxen_mundaun,Obersaxen Mundaun,SKI_CLUSTER_027,3988,0,0,TUM2,8.995252683236112,119,13,high,0.0,1.0,1.0,0.0,0.0,0.0,1.0,1.0,50.0,False,independent_destination_scope_unverified|tourism_exposure_unverified|snow_proxy_not_direct_slope_measurement|no_hotel_outcome_at_point_municipality|membership_history_unverified
pian_cales_san_bernardino,Pian Cales San Bernardino,SKI_CLUSTER_067,3822,0,0,MES2,6.075367583151477,141,13,high,0.0,1.0,1.0,0.0,0.0,0.0,1.0,1.0,50.0,False,independent_destination_scope_unverified|tourism_exposure_unverified|snow_proxy_not_direct_slope_measurement|no_hotel_outcome_at_point_municipality|membership_history_unverified
ratzi_spiringen,Ratzi Spiringen,SKI_CLUSTER_021,1218,0,0,SCA3,3.636508131125861,498,13,high,0.0,1.0,1.0,0.0,0.0,0.0,1.0,1.0,50.0,False,independent_destination_scope_unverified|tourism_exposure_unverified|snow_proxy_not_direct_slope_measurement|no_hotel_outcome_at_point_municipality|membership_history_unverified
realp,Realp,SKI_CLUSTER_202,1212,0,0,URS2,2.1142800121821597,489,13,high,0.0,1.0,1.0,0.0,0.0,0.0,1.0,1.0,50.0,False,independent_destination_scope_unverified|tourism_exposure_unverified|snow_proxy_not_direct_slope_measurement|no_hotel_outcome_at_point_municipality|membership_history_unverified
rothwald_wasenalp_am_simplon,Rothwald - Wasenalp am Simplon,SKI_CLUSTER_058,6008,0,0,BOR2,5.59594036083801,217,13,high,0.0,1.0,1.0,0.0,0.0,0.0,1.0,1.0,50.0,False,independent_destination_scope_unverified|tourism_exposure_unverified|snow_proxy_not_direct_slope_measurement|no_hotel_outcome_at_point_municipality|membership_history_unverified
tanzboden_ebnat_kappel,Tanzboden Ebnat - Kappel,SKI_CLUSTER_224,3352,0,0,AMD2,8.917948362086097,429,13,high,0.0,1.0,1.0,0.0,0.0,0.0,1.0,1.0,50.0,False,independent_destination_scope_unverified|tourism_exposure_unverified|snow_proxy_not_direct_slope_measurement|no_hotel_outcome_at_point_municipality|membership_history_unverified
thyon_4_vallees,Thyon 4 Vallées,SKI_CLUSTER_002,6089,0,0,NEN3,5.13109877307251,247,13,high,0.0,1.0,1.0,0.0,0.0,0.0,1.0,1.0,50.0,False,independent_destination_scope_unverified|tourism_exposure_unverified|snow_proxy_not_direct_slope_measurement|no_hotel_outcome_at_point_municipality|membership_history_unverified
torgon_portes_du_soleil,Torgon Portes du Soleil,SKI_CLUSTER_001,6158,0,0,GRA2,7.362759765954238,4,13,high,0.0,1.0,1.0,0.0,0.0,0.0,1.0,1.0,50.0,False,independent_destination_scope_unverified|tourism_exposure_unverified|snow_proxy_not_direct_slope_measurement|no_hotel_outcome_at_point_municipality|membership_history_unverified
vicheres_liddes_vicheres,Vichères Liddes - Vichères,SKI_CLUSTER_105,6033,0,0,BOV2,6.329584499911033,420,13,high,0.0,1.0,1.0,0.0,0.0,0.0,1.0,1.0,50.0,False,independent_destination_scope_unverified|tourism_exposure_unverified|snow_proxy_not_direct_slope_measurement|no_hotel_outcome_at_point_municipality|membership_history_unverified
wolzenalp_krummenau,Wolzenalp Krummenau,SKI_CLUSTER_115,3360,0,0,AMD2,7.159230760239701,110,13,high,0.0,1.0,1.0,0.0,0.0,0.0,1.0,1.0,50.0,False,independent_destination_scope_unverified|tourism_exposure_unverified|snow_proxy_not_direct_slope_measurement|no_hotel_outcome_at_point_municipality|membership_history_unverified
zuoz,Zuoz,SKI_CLUSTER_087,3791,0,0,KES2,4.075499885611289,387,13,high,0.0,1.0,1.0,0.0,0.0,0.0,1.0,1.0,50.0,False,independent_destination_scope_unverified|tourism_exposure_unverified|snow_proxy_not_direct_slope_measurement|no_hotel_outcome_at_point_municipality|membership_history_unverified
airolo_luina,Airolo - Lüina,SKI_CLUSTER_059,5061,0,0,VAL2,2.0372738397184214,988,13,moderate,0.0,1.0,1.0,0.0,0.0,0.0,1.0,0.75,46.9,False,independent_destination_scope_unverified|tourism_exposure_unverified|snow_proxy_not_direct_slope_measurement|no_hotel_outcome_at_point_municipality|membership_history_unverified
avers,Avers,SKI_CLUSTER_118,3681,0,0,JUL2,12.254378435235267,174,13,moderate,0.0,1.0,1.0,0.0,0.0,0.0,1.0,0.75,46.9,False,independent_destination_scope_unverified|tourism_exposure_unverified|snow_proxy_not_direct_slope_measurement|no_hotel_outcome_at_point_municipality|membership_history_unverified
balmberg,Balmberg,SKI_CLUSTER_108,2541,1,1,SHE2,60.6194179443221,652,13,low,0.0,1.0,1.0,0.0,0.0,0.5,1.0,0.25,46.9,False,independent_destination_scope_unverified|tourism_exposure_unverified|snow_proxy_not_direct_slope_measurement|no_hotel_outcome_at_point_municipality|snow_proxy_low_spatial_elevation_comparability
bedrina_dalpe,Bedrina Dalpe,SKI_CLUSTER_206,5071,0,0,CAM2,4.518571795826717,966,13,moderate,0.0,1.0,1.0,0.0,0.0,0.0,1.0,0.75,46.9,False,independent_destination_scope_unverified|tourism_exposure_unverified|snow_proxy_not_direct_slope_measurement|no_hotel_outcome_at_point_municipality|membership_history_unverified
bildhaus_am_ricken,Bildhaus am Ricken,SKI_CLUSTER_216,3341,0,0,AMD2,12.174637375246052,750,13,moderate,0.0,1.0,1.0,0.0,0.0,0.0,1.0,0.75,46.9,False,independent_destination_scope_unverified|tourism_exposure_unverified|snow_proxy_not_direct_slope_measurement|no_hotel_outcome_at_point_municipality|membership_history_unverified
brunni_skilift_brunni,Brunni Skilift Brunni,SKI_CLUSTER_013,1361,0,0,YBR2,9.563382043878619,501,13,moderate,0.0,1.0,1.0,0.0,0.0,0.0,1.0,0.75,46.9,False,independent_destination_scope_unverified|tourism_exposure_unverified|snow_proxy_not_direct_slope_measurement|no_hotel_outcome_at_point_municipality|membership_history_unverified
bugls_s_chanf,Bügls - S - chanf,SKI_CLUSTER_087,3788,0,0,KES2,7.6773299417366765,997,13,moderate,0.0,1.0,1.0,0.0,0.0,0.0,1.0,0.75,46.9,False,independent_destination_scope_unverified|tourism_exposure_unverified|snow_proxy_not_direct_slope_measurement|no_hotel_outcome_at_point_municipality|membership_history_unverified
chuderhusi,Chuderhüsi,SKI_CLUSTER_183,904,0,0,SHE2,15.623141314753829,752,13,moderate,0.0,1.0,1.0,0.0,0.0,0.0,1.0,0.75,46.9,False,independent_destination_scope_unverified|tourism_exposure_unverified|snow_proxy_not_direct_slope_measurement|no_hotel_outcome_at_point_municipality|membership_history_unverified
corvatsch_furtschellas,Corvatsch - Furtschellas,SKI_CLUSTER_033,3790,0,0,LAG2,6.3952843769270595,573,13,moderate,0.0,1.0,1.0,0.0,0.0,0.0,1.0,0.75,46.9,False,independent_destination_scope_unverified|tourism_exposure_unverified|snow_proxy_not_direct_slope_measurement|no_hotel_outcome_at_point_municipality|membership_history_unverified
dallenwil_wirzweli,Dallenwil - Wirzweli,SKI_CLUSTER_003,1503,0,0,TIT2,14.705238927436918,549,13,moderate,0.0,1.0,1.0,0.0,0.0,0.0,1.0,0.75,46.9,False,independent_destination_scope_unverified|tourism_exposure_unverified|snow_proxy_not_direct_slope_measurement|no_hotel_outcome_at_point_municipality|membership_history_unverified
degersheim,Degersheim,SKI_CLUSTER_116,3401,0,0,AMD2,22.33964986113985,576,13,moderate,0.0,1.0,1.0,0.0,0.0,0.0,1.0,0.75,46.9,False,independent_destination_scope_unverified|tourism_exposure_unverified|snow_proxy_not_direct_slope_measurement|no_hotel_outcome_at_point_municipality|membership_history_unverified
ebenalp_horn,Ebenalp - Horn,SKI_CLUSTER_055,3112,0,0,AMD2,23.791967205700193,116,13,moderate,0.0,1.0,1.0,0.0,0.0,0.0,1.0,0.75,46.9,False,independent_destination_scope_unverified|tourism_exposure_unverified|snow_proxy_not_direct_slope_measurement|no_hotel_outcome_at_point_municipality|membership_history_unverified
eggiwil,Eggiwil,SKI_CLUSTER_184,901,0,0,SHE2,16.151221180547164,852,13,moderate,0.0,1.0,1.0,0.0,0.0,0.0,1.0,0.75,46.9,False,independent_destination_scope_unverified|tourism_exposure_unverified|snow_proxy_not_direct_slope_measurement|no_hotel_outcome_at_point_municipality|membership_history_unverified
engelberg_titlis,Engelberg Titlis,SKI_CLUSTER_003,1511,0,0,TIT2,0.169703552579041,879,13,moderate,0.0,1.0,1.0,0.0,0.0,0.0,1.0,0.75,46.9,False,independent_destination_scope_unverified|tourism_exposure_unverified|snow_proxy_not_direct_slope_measurement|no_hotel_outcome_at_point_municipality|membership_history_unverified
feldis,Feldis,SKI_CLUSTER_149,3673,0,0,TAM3,10.870428273350702,166,13,moderate,0.0,1.0,1.0,0.0,0.0,0.0,1.0,0.75,46.9,False,independent_destination_scope_unverified|tourism_exposure_unverified|snow_proxy_not_direct_slope_measurement|no_hotel_outcome_at_point_municipality|membership_history_unverified
gfellen_entlebuch_finsterwald,Gfellen Entlebuch - Finsterwald,SKI_CLUSTER_193,1002,0,0,SCB2,19.773518267973255,527,13,moderate,0.0,1.0,1.0,0.0,0.0,0.0,1.0,0.75,46.9,False,independent_destination_scope_unverified|tourism_exposure_unverified|snow_proxy_not_direct_slope_measurement|no_hotel_outcome_at_point_municipality|membership_history_unverified
gitschenen_skilift_gitschenen,Gitschenen Skilift Gitschenen,SKI_CLUSTER_003,1211,0,0,TIT2,14.573921640870667,569,13,moderate,0.0,1.0,1.0,0.0,0.0,0.0,1.0,0.75,46.9,False,independent_destination_scope_unverified|tourism_exposure_unverified|snow_proxy_not_direct_slope_measurement|no_hotel_outcome_at_point_municipality|membership_history_unverified
grusch_danusa,Grüsch Danusa,SKI_CLUSTER_056,3961,0,0,MLB2,14.273116084198925,174,13,moderate,0.0,1.0,1.0,0.0,0.0,0.0,1.0,0.75,46.9,False,independent_destination_scope_unverified|tourism_exposure_unverified|snow_proxy_not_direct_slope_measurement|no_hotel_outcome_at_point_municipality|membership_history_unverified
heiligenschwendi_hubelweid,Heiligenschwendi - Hubelweid,SKI_CLUSTER_136,927,0,0,SHE2,9.715367015690621,702,13,moderate,0.0,1.0,1.0,0.0,0.0,0.0,1.0,0.75,46.9,False,independent_destination_scope_unverified|tourism_exposure_unverified|snow_proxy_not_direct_slope_measurement|no_hotel_outcome_at_point_municipality|membership_history_unverified
hohe_winde_beinwil,Hohe Winde Beinwil,SKI_CLUSTER_179,2612,0,1,SHE2,68.51828425412083,779,13,low,0.0,1.0,1.0,0.0,0.0,0.5,1.0,0.25,46.9,False,independent_destination_scope_unverified|tourism_exposure_unverified|snow_proxy_not_direct_slope_measurement|no_hotel_outcome_at_point_municipality|snow_proxy_low_spatial_elevation_comparability
kellerberg_skilift_kellerberg_haldi,Kellerberg Skilift Kellerberg / Haldi,SKI_CLUSTER_021,1213,0,0,SCA2,4.978568653358869,642,13,moderate,0.0,1.0,1.0,0.0,0.0,0.0,1.0,0.75,46.9,False,independent_destination_scope_unverified|tourism_exposure_unverified|snow_proxy_not_direct_slope_measurement|no_hotel_outcome_at_point_municipality|membership_history_unverified
la_robella,La Robella,SKI_CLUSTER_102,6512,1,1,ALI2,54.72821156919763,251,13,low,0.0,1.0,1.0,0.0,0.0,0.5,1.0,0.25,46.9,False,independent_destination_scope_unverified|tourism_exposure_unverified|snow_proxy_not_direct_slope_measurement|no_hotel_outcome_at_point_municipality|snow_proxy_low_spatial_elevation_comparability
la_tzoumaz_mayens_de_riddes,La Tzoumaz - Mayens de Riddes,SKI_CLUSTER_002,6139,0,0,ATT2,4.478185999170215,750,13,moderate,0.0,1.0,1.0,0.0,0.0,0.0,1.0,0.75,46.9,False,independent_destination_scope_unverified|tourism_exposure_unverified|snow_proxy_not_direct_slope_measurement|no_hotel_outcome_at_point_municipality|membership_history_unverified
le_paquier_cret_du_puy,Le Pâquier Crêt - du - Puy,SKI_CLUSTER_042,6487,1,1,JAU2,55.486955138541234,447,13,low,0.0,1.0,1.0,0.0,0.0,0.5,1.0,0.25,46.9,False,independent_destination_scope_unverified|tourism_exposure_unverified|snow_proxy_not_direct_slope_measurement|no_hotel_outcome_at_point_municipality|snow_proxy_low_spatial_elevation_comparability
les_bugnenets_savagnieres,Les Bugnenets - Savagnières,SKI_CLUSTER_042,443,1,1,JAU2,57.97409570903085,267,13,low,0.0,1.0,1.0,0.0,0.0,0.5,1.0,0.25,46.9,False,independent_destination_scope_unverified|tourism_exposure_unverified|snow_proxy_not_direct_slope_measurement|no_hotel_outcome_at_point_municipality|snow_proxy_low_spatial_elevation_comparability
mont_gibloux,Mont Gibloux,SKI_CLUSTER_163,2236,0,0,JAU2,19.025310631327407,507,13,moderate,0.0,1.0,1.0,0.0,0.0,0.0,1.0,0.75,46.9,False,independent_destination_scope_unverified|tourism_exposure_unverified|snow_proxy_not_direct_slope_measurement|no_hotel_outcome_at_point_municipality|membership_history_unverified
musella_la_punt_musella,Müsella La Punt - Müsella,SKI_CLUSTER_087,3785,0,0,KES2,6.054960998566944,937,13,moderate,0.0,1.0,1.0,0.0,0.0,0.0,1.0,0.75,46.9,False,independent_destination_scope_unverified|tourism_exposure_unverified|snow_proxy_not_direct_slope_measurement|no_hotel_outcome_at_point_municipality|membership_history_unverified
neusell,Neusell,SKI_CLUSTER_013,1370,0,0,YBR2,13.083239070224039,371,13,moderate,0.0,1.0,1.0,0.0,0.0,0.0,1.0,0.75,46.9,False,independent_destination_scope_unverified|tourism_exposure_unverified|snow_proxy_not_direct_slope_measurement|no_hotel_outcome_at_point_municipality|membership_history_unverified
obermutten_mutten_obermutten,Obermutten Mutten - Obermutten,SKI_CLUSTER_236,3668,0,0,PMA2,10.933995087853482,429,13,moderate,0.0,1.0,1.0,0.0,0.0,0.0,1.0,0.75,46.9,False,independent_destination_scope_unverified|tourism_exposure_unverified|snow_proxy_not_direct_slope_measurement|no_hotel_outcome_at_point_municipality|membership_history_unverified
osteregg_urnasch_osteregg,Osteregg Urnäsch / Osteregg,SKI_CLUSTER_083,3006,0,0,AMD2,18.71192012264593,530,13,moderate,0.0,1.0,1.0,0.0,0.0,0.0,1.0,0.75,46.9,False,independent_destination_scope_unverified|tourism_exposure_unverified|snow_proxy_not_direct_slope_measurement|no_hotel_outcome_at_point_municipality|membership_history_unverified
pany,Pany,SKI_CLUSTER_239,3891,0,0,KLO2,9.009615517078064,597,13,moderate,0.0,1.0,1.0,0.0,0.0,0.0,1.0,0.75,46.9,False,independent_destination_scope_unverified|tourism_exposure_unverified|snow_proxy_not_direct_slope_measurement|no_hotel_outcome_at_point_municipality|membership_history_unverified
prato_leventina,Prato Leventina,SKI_CLUSTER_206,5079,0,0,CAM2,3.5292512559591867,916,13,moderate,0.0,1.0,1.0,0.0,0.0,0.0,1.0,0.75,46.9,False,independent_destination_scope_unverified|tourism_exposure_unverified|snow_proxy_not_direct_slope_measurement|no_hotel_outcome_at_point_municipality|membership_history_unverified
pres_d_orvin_les_pres_d_orvin,Prés - d'Orvin Les Prés - d'Orvin,SKI_CLUSTER_130,438,1,1,JAU2,57.49930128172074,477,13,low,0.0,1.0,1.0,0.0,0.0,0.5,1.0,0.25,46.9,False,independent_destination_scope_unverified|tourism_exposure_unverified|snow_proxy_not_direct_slope_measurement|no_hotel_outcome_at_point_municipality|snow_proxy_low_spatial_elevation_comparability
rigi,Rigi,SKI_CLUSTER_040,1362,0,0,MUO2,22.10063179292265,283,13,moderate,0.0,1.0,1.0,0.0,0.0,0.0,1.0,0.75,46.9,False,independent_destination_scope_unverified|tourism_exposure_unverified|snow_proxy_not_direct_slope_measurement|no_hotel_outcome_at_point_municipality|membership_history_unverified
sarn_heinzenberg,Sarn - Heinzenberg,SKI_CLUSTER_060,3661,0,0,VLS2,15.44980558880328,11,13,moderate,0.0,1.0,1.0,0.0,0.0,0.0,1.0,0.75,46.9,False,independent_destination_scope_unverified|tourism_exposure_unverified|snow_proxy_not_direct_slope_measurement|no_hotel_outcome_at_point_municipality|membership_history_unverified
sattelegg_einsiedeln,Sattelegg Einsiedeln,SKI_CLUSTER_144,1348,0,0,YBR2,10.162104918223928,401,13,moderate,0.0,1.0,1.0,0.0,0.0,0.0,1.0,0.75,46.9,False,independent_destination_scope_unverified|tourism_exposure_unverified|snow_proxy_not_direct_slope_measurement|no_hotel_outcome_at_point_municipality|membership_history_unverified
schwellbrunn,Schwellbrunn,SKI_CLUSTER_116,3004,0,0,AMD2,20.272253484564075,526,13,moderate,0.0,1.0,1.0,0.0,0.0,0.0,1.0,0.75,46.9,False,independent_destination_scope_unverified|tourism_exposure_unverified|snow_proxy_not_direct_slope_measurement|no_hotel_outcome_at_point_municipality|membership_history_unverified
st_cergue,St. Cergue,SKI_CLUSTER_100,5727,1,1,GRA2,49.77595380197452,764,13,low,0.0,1.0,1.0,0.0,0.0,0.5,1.0,0.25,46.9,False,independent_destination_scope_unverified|tourism_exposure_unverified|snow_proxy_not_direct_slope_measurement|no_hotel_outcome_at_point_municipality|snow_proxy_low_spatial_elevation_comparability
steg_im_tosstal,Steg im Tösstal,SKI_CLUSTER_065,114,0,0,AMD2,24.89698977940018,587,13,moderate,0.0,1.0,1.0,0.0,0.0,0.0,1.0,0.75,46.9,False,independent_destination_scope_unverified|tourism_exposure_unverified|snow_proxy_not_direct_slope_measurement|no_hotel_outcome_at_point_municipality|membership_history_unverified
tenna,Tenna,SKI_CLUSTER_060,3672,0,0,VLS2,13.448742887676294,284,13,moderate,0.0,1.0,1.0,0.0,0.0,0.0,1.0,0.75,46.9,False,independent_destination_scope_unverified|tourism_exposure_unverified|snow_proxy_not_direct_slope_measurement|no_hotel_outcome_at_point_municipality|membership_history_unverified
toggenburg_wildhaus,Toggenburg Wildhaus,SKI_CLUSTER_030,3273,0,0,AMD2,14.71741839146666,466,13,moderate,0.0,1.0,1.0,0.0,0.0,0.0,1.0,0.75,46.9,False,independent_destination_scope_unverified|tourism_exposure_unverified|snow_proxy_not_direct_slope_measurement|no_hotel_outcome_at_point_municipality|membership_history_unverified
tramelan,Tramelan,SKI_CLUSTER_128,437,1,1,JAU2,65.69374194251303,507,13,low,0.0,1.0,1.0,0.0,0.0,0.5,1.0,0.25,46.9,False,independent_destination_scope_unverified|tourism_exposure_unverified|snow_proxy_not_direct_slope_measurement|no_hotel_outcome_at_point_municipality|snow_proxy_low_spatial_elevation_comparability
tschappina_tschappina_urmein_heinzenberg,Tschappina Tschappina - Urmein - Heinzenberg,SKI_CLUSTER_060,3669,0,0,VLS2,12.221860199894396,116,13,moderate,0.0,1.0,1.0,0.0,0.0,0.0,1.0,0.75,46.9,False,independent_destination_scope_unverified|tourism_exposure_unverified|snow_proxy_not_direct_slope_measurement|no_hotel_outcome_at_point_municipality|membership_history_unverified
wagital_vorderthal,Wägital - Vorderthal,SKI_CLUSTER_144,1348,0,0,YBR2,11.131571837154212,441,13,moderate,0.0,1.0,1.0,0.0,0.0,0.0,1.0,0.75,46.9,False,independent_destination_scope_unverified|tourism_exposure_unverified|snow_proxy_not_direct_slope_measurement|no_hotel_outcome_at_point_municipality|membership_history_unverified
la_lorette_bourg_saint_pierre,La Lorette Bourg - Saint - Pierre,SKI_CLUSTER_169,6032,0,0,BOV2,4.094003522611663,113,13,high,0.0,1.0,1.0,0.0,0.0,0.0,0.6666666666666666,1.0,45.8,False,independent_destination_scope_unverified|tourism_exposure_unverified|snow_proxy_not_direct_slope_measurement|no_hotel_outcome_at_point_municipality|membership_history_unverified
lungern_turren_lungern_schonbuel,Lungern - Turren Lungern - Schönbüel,SKI_CLUSTER_194,1405,0,0,SCB2,2.2348961317223077,234,13,high,0.0,1.0,1.0,0.0,0.0,0.0,0.6666666666666666,1.0,45.8,False,independent_destination_scope_unverified|tourism_exposure_unverified|snow_proxy_not_direct_slope_measurement|no_hotel_outcome_at_point_municipality|membership_history_unverified
rougemont_rougemont_la_videmanette,Rougemont Rougemont - La Videmanette,SKI_CLUSTER_016,5843,0,0,PLD3,3.6798151441389066,58,10,high,0.0,1.0,1.0,0.0,0.0,0.0,0.6666666666666666,1.0,45.8,False,independent_destination_scope_unverified|tourism_exposure_unverified|snow_proxy_not_direct_slope_measurement|no_hotel_outcome_at_point_municipality|membership_history_unverified
cardada_cimetta_locarno,Cardada Cimetta Locarno,SKI_CLUSTER_142,5324,0,0,FRA2,16.502598422664413,430,13,moderate,0.0,1.0,1.0,0.0,0.0,0.0,0.6666666666666666,0.75,42.7,False,independent_destination_scope_unverified|tourism_exposure_unverified|snow_proxy_not_direct_slope_measurement|no_hotel_outcome_at_point_municipality|membership_history_unverified
pradaschier_churwalden,Pradaschier - Churwalden,SKI_CLUSTER_007,3911,0,0,TAM3,12.931869212354977,69,13,moderate,0.0,1.0,1.0,0.0,0.0,0.0,0.6666666666666666,0.75,42.7,False,independent_destination_scope_unverified|tourism_exposure_unverified|snow_proxy_not_direct_slope_measurement|no_hotel_outcome_at_point_municipality|membership_history_unverified
schratten_fluhli,Schratten Flühli,SKI_CLUSTER_190,1004,0,0,ROA2,11.042945874678903,640,13,moderate,0.0,1.0,1.0,0.0,0.0,0.0,0.6666666666666666,0.75,42.7,False,independent_destination_scope_unverified|tourism_exposure_unverified|snow_proxy_not_direct_slope_measurement|no_hotel_outcome_at_point_municipality|membership_history_unverified
alpe_di_neggia,Alpe di Neggia,SKI_CLUSTER_208,5398,0,0,FRA2,25.22424020179861,500,13,low,0.0,1.0,1.0,0.0,0.0,0.0,1.0,0.25,40.6,False,independent_destination_scope_unverified|tourism_exposure_unverified|snow_proxy_not_direct_slope_measurement|no_hotel_outcome_at_point_municipality|membership_history_unverified|snow_proxy_low_spatial_elevation_comparability
bedea_novaggio,Bedea Novaggio,SKI_CLUSTER_209,5395,0,0,FRA2,36.54955457228416,1440,13,low,0.0,1.0,1.0,0.0,0.0,0.0,1.0,0.25,40.6,False,independent_destination_scope_unverified|tourism_exposure_unverified|snow_proxy_not_direct_slope_measurement|no_hotel_outcome_at_point_municipality|membership_history_unverified|snow_proxy_low_spatial_elevation_comparability
brulisau_brulisau_leugangen,Brülisau Brülisau - Leugangen,SKI_CLUSTER_055,3112,0,0,MLB2,25.98473206412966,874,13,low,0.0,1.0,1.0,0.0,0.0,0.0,1.0,0.25,40.6,False,independent_destination_scope_unverified|tourism_exposure_unverified|snow_proxy_not_direct_slope_measurement|no_hotel_outcome_at_point_municipality|membership_history_unverified|snow_proxy_low_spatial_elevation_comparability
cote_aux_fees_la_cote_aux_fees,Côte - aux - Fées La Côte - aux - Fées,SKI_CLUSTER_156,6504,0,0,ALI2,56.34055085282707,558,13,low,0.0,1.0,1.0,0.0,0.0,0.0,1.0,0.25,40.6,False,independent_destination_scope_unverified|tourism_exposure_unverified|snow_proxy_not_direct_slope_measurement|no_hotel_outcome_at_point_municipality|membership_history_unverified|snow_proxy_low_spatial_elevation_comparability
cret_meuron,Crêt - Meuron,SKI_CLUSTER_126,6487,0,0,JAU2,57.685551909624735,357,13,low,0.0,1.0,1.0,0.0,0.0,0.0,1.0,0.25,40.6,False,independent_destination_scope_unverified|tourism_exposure_unverified|snow_proxy_not_direct_slope_measurement|no_hotel_outcome_at_point_municipality|membership_history_unverified|snow_proxy_low_spatial_elevation_comparability
ghoch,Ghöch,SKI_CLUSTER_065,111,0,0,AMD2,25.814424406937412,550,13,low,0.0,1.0,1.0,0.0,0.0,0.0,1.0,0.25,40.6,False,independent_destination_scope_unverified|tourism_exposure_unverified|snow_proxy_not_direct_slope_measurement|no_hotel_outcome_at_point_municipality|membership_history_unverified|snow_proxy_low_spatial_elevation_comparability
grub_kaien,Grub Kaien,SKI_CLUSTER_117,3031,0,0,MLB2,40.05707328655541,909,13,low,0.0,1.0,1.0,0.0,0.0,0.0,1.0,0.25,40.6,False,independent_destination_scope_unverified|tourism_exposure_unverified|snow_proxy_not_direct_slope_measurement|no_hotel_outcome_at_point_municipality|membership_history_unverified|snow_proxy_low_spatial_elevation_comparability
gurten_bern,Gurten Bern,SKI_CLUSTER_051,355,0,0,STH2,26.983595637727824,936,13,low,0.0,0.0,1.0,0.0,1.0,0.0,1.0,0.25,40.6,False,independent_destination_scope_unverified|tourism_exposure_unverified|snow_proxy_not_direct_slope_measurement|lift_assignment_review|membership_history_unverified|snow_proxy_low_spatial_elevation_comparability
hamberg_gahwil,Hamberg - Gähwil,SKI_CLUSTER_145,3392,0,0,AMD2,27.25279792467418,705,13,low,0.0,1.0,1.0,0.0,0.0,0.0,1.0,0.25,40.6,False,independent_destination_scope_unverified|tourism_exposure_unverified|snow_proxy_not_direct_slope_measurement|no_hotel_outcome_at_point_municipality|membership_history_unverified|snow_proxy_low_spatial_elevation_comparability
la_dole_jura_sur_leman,La Dôle Jura sur Léman,SKI_CLUSTER_041,5719,0,0,GRA2,53.77347723155127,306,13,low,0.0,1.0,1.0,0.0,0.0,0.0,1.0,0.25,40.6,False,independent_destination_scope_unverified|tourism_exposure_unverified|snow_proxy_not_direct_slope_measurement|no_hotel_outcome_at_point_municipality|membership_history_unverified|snow_proxy_low_spatial_elevation_comparability
langenbruck,Langenbruck,SKI_CLUSTER_111,2888,0,0,ROA2,65.821014556872,925,13,low,0.0,1.0,1.0,0.0,0.0,0.0,1.0,0.25,40.6,False,independent_destination_scope_unverified|tourism_exposure_unverified|snow_proxy_not_direct_slope_measurement|no_hotel_outcome_at_point_municipality|membership_history_unverified|snow_proxy_low_spatial_elevation_comparability
le_chaluet,Le Chaluet,SKI_CLUSTER_133,690,0,0,STH2,63.17315218164973,1051,13,low,0.0,1.0,1.0,0.0,0.0,0.0,1.0,0.25,40.6,False,independent_destination_scope_unverified|tourism_exposure_unverified|snow_proxy_not_direct_slope_measurement|no_hotel_outcome_at_point_municipality|membership_history_unverified|snow_proxy_low_spatial_elevation_comparability
les_breuleux,Les Breuleux,SKI_CLUSTER_162,448,0,0,JAU2,65.45885577843434,457,13,low,0.0,1.0,1.0,0.0,0.0,0.0,1.0,0.25,40.6,False,independent_destination_scope_unverified|tourism_exposure_unverified|snow_proxy_not_direct_slope_measurement|no_hotel_outcome_at_point_municipality|membership_history_unverified|snow_proxy_low_spatial_elevation_comparability
les_genevez,Les Genevez,SKI_CLUSTER_168,6748,0,0,JAU2,69.25965003733815,560,13,low,0.0,1.0,1.0,0.0,0.0,0.0,1.0,0.25,40.6,False,independent_destination_scope_unverified|tourism_exposure_unverified|snow_proxy_not_direct_slope_measurement|no_hotel_outcome_at_point_municipality|membership_history_unverified|snow_proxy_low_spatial_elevation_comparability
les_loges,Les Loges,SKI_CLUSTER_126,6487,0,0,JAU2,57.446422364830816,447,13,low,0.0,1.0,1.0,0.0,0.0,0.0,1.0,0.25,40.6,False,independent_destination_scope_unverified|tourism_exposure_unverified|snow_proxy_not_direct_slope_measurement|no_hotel_outcome_at_point_municipality|membership_history_unverified|snow_proxy_low_spatial_elevation_comparability
les_verrieres,Les Verrières,SKI_CLUSTER_155,6511,0,0,ALI2,60.295363575961474,708,13,low,0.0,1.0,1.0,0.0,0.0,0.0,1.0,0.25,40.6,False,independent_destination_scope_unverified|tourism_exposure_unverified|snow_proxy_not_direct_slope_measurement|no_hotel_outcome_at_point_municipality|membership_history_unverified|snow_proxy_low_spatial_elevation_comparability
mastrils_skilift_mastrils,Mastrils Skilift Mastrils,SKI_CLUSTER_038,3955,0,0,TAM3,10.457771424587138,1226,13,low,0.0,1.0,1.0,0.0,0.0,0.0,1.0,0.25,40.6,False,independent_destination_scope_unverified|tourism_exposure_unverified|snow_proxy_not_direct_slope_measurement|no_hotel_outcome_at_point_municipality|membership_history_unverified|snow_proxy_low_spatial_elevation_comparability
mogno,Mogno,SKI_CLUSTER_205,5323,0,0,FUS2,3.3001911385742977,1115,13,low,0.0,1.0,1.0,0.0,0.0,0.0,1.0,0.25,40.6,False,independent_destination_scope_unverified|tourism_exposure_unverified|snow_proxy_not_direct_slope_measurement|no_hotel_outcome_at_point_municipality|membership_history_unverified|snow_proxy_low_spatial_elevation_comparability
nods_chasseral,Nods - Chasseral,SKI_CLUSTER_166,724,0,0,JAU2,56.02341911196387,682,13,low,0.0,1.0,1.0,0.0,0.0,0.0,1.0,0.25,40.6,False,independent_destination_scope_unverified|tourism_exposure_unverified|snow_proxy_not_direct_slope_measurement|no_hotel_outcome_at_point_municipality|membership_history_unverified|snow_proxy_low_spatial_elevation_comparability
oberegg_st_anton,Oberegg St. Anton,SKI_CLUSTER_117,3111,0,0,MLB2,36.79161376870794,864,13,low,0.0,1.0,1.0,0.0,0.0,0.0,1.0,0.25,40.6,False,independent_destination_scope_unverified|tourism_exposure_unverified|snow_proxy_not_direct_slope_measurement|no_hotel_outcome_at_point_municipality|membership_history_unverified|snow_proxy_low_spatial_elevation_comparability
oberwangen,Oberwangen,SKI_CLUSTER_145,4726,0,0,AMD2,30.265597887499695,845,13,low,0.0,1.0,1.0,0.0,0.0,0.0,1.0,0.25,40.6,False,independent_destination_scope_unverified|tourism_exposure_unverified|snow_proxy_not_direct_slope_measurement|no_hotel_outcome_at_point_municipality|membership_history_unverified|snow_proxy_low_spatial_elevation_comparability
regensberg_im_buck,Regensberg - Im Buck,SKI_CLUSTER_200,95,0,0,YBR2,57.18079165369764,1035,13,low,0.0,1.0,1.0,0.0,0.0,0.0,1.0,0.25,40.6,False,independent_destination_scope_unverified|tourism_exposure_unverified|snow_proxy_not_direct_slope_measurement|no_hotel_outcome_at_point_municipality|membership_history_unverified|snow_proxy_low_spatial_elevation_comparability
saint_george_saint_george,Saint George Saint - George,SKI_CLUSTER_124,5434,0,0,GRA2,44.50674910324197,844,13,low,0.0,1.0,1.0,0.0,0.0,0.0,1.0,0.25,40.6,False,independent_destination_scope_unverified|tourism_exposure_unverified|snow_proxy_not_direct_slope_measurement|no_hotel_outcome_at_point_municipality|membership_history_unverified|snow_proxy_low_spatial_elevation_comparability
sommartel_le_locle,Sommartel Le Locle,SKI_CLUSTER_157,6436,0,0,JAU2,59.97916643386071,406,13,low,0.0,1.0,1.0,0.0,0.0,0.0,1.0,0.25,40.6,False,independent_destination_scope_unverified|tourism_exposure_unverified|snow_proxy_not_direct_slope_measurement|no_hotel_outcome_at_point_municipality|membership_history_unverified|snow_proxy_low_spatial_elevation_comparability
sous_le_mont,Sous le Mont,SKI_CLUSTER_170,713,0,0,STH2,63.67649195249482,871,13,low,0.0,1.0,1.0,0.0,0.0,0.0,1.0,0.25,40.6,False,independent_destination_scope_unverified|tourism_exposure_unverified|snow_proxy_not_direct_slope_measurement|no_hotel_outcome_at_point_municipality|membership_history_unverified|snow_proxy_low_spatial_elevation_comparability
steig_baretswill_steig_baretswil,Steig - Bäretswill Steig - Bäretswil,SKI_CLUSTER_065,111,0,0,AMD2,28.75127584425876,775,13,low,0.0,1.0,1.0,0.0,0.0,0.0,1.0,0.25,40.6,False,independent_destination_scope_unverified|tourism_exposure_unverified|snow_proxy_not_direct_slope_measurement|no_hotel_outcome_at_point_municipality|membership_history_unverified|snow_proxy_low_spatial_elevation_comparability
sternenberg,Sternenberg,SKI_CLUSTER_210,297,0,0,AMD2,29.77338721848987,726,13,low,0.0,1.0,1.0,0.0,0.0,0.0,1.0,0.25,40.6,False,independent_destination_scope_unverified|tourism_exposure_unverified|snow_proxy_not_direct_slope_measurement|no_hotel_outcome_at_point_municipality|membership_history_unverified|snow_proxy_low_spatial_elevation_comparability
tristeli_st_margarethenberg,Tristeli St. Margarethenberg,SKI_CLUSTER_038,3294,0,0,TAM2,8.98544121347188,1018,13,low,0.0,1.0,1.0,0.0,0.0,0.0,1.0,0.25,40.6,False,independent_destination_scope_unverified|tourism_exposure_unverified|snow_proxy_not_direct_slope_measurement|no_hotel_outcome_at_point_municipality|membership_history_unverified|snow_proxy_low_spatial_elevation_comparability
avoriaz_1800_portes_du_soleil,Avoriaz 1800 Portes du Soleil,SKI_CLUSTER_001,,0,0,ILI2,4.040999987639529,254,13,high,0.0,1.0,0.0,0.0,0.0,0.0,1.0,1.0,37.5,False,independent_destination_scope_unverified|tourism_exposure_unverified|snow_proxy_not_direct_slope_measurement|current_point_municipality_unresolved|no_hotel_outcome_at_point_municipality|membership_history_unverified
chapelle_abondance_la_chapelle_d_abondance_portes_du_soleil,Chapelle Abondance La Chapelle d'Abondance / Portes du Soleil,SKI_CLUSTER_001,,0,0,GRA2,6.856023456639843,184,13,high,0.0,1.0,0.0,0.0,0.0,0.0,1.0,1.0,37.5,False,independent_destination_scope_unverified|tourism_exposure_unverified|snow_proxy_not_direct_slope_measurement|current_point_municipality_unresolved|no_hotel_outcome_at_point_municipality|membership_history_unverified
chatel_portes_du_soleil,Châtel Portes du Soleil,SKI_CLUSTER_001,,0,0,ILI2,8.806662801353616,444,13,high,0.0,1.0,0.0,0.0,0.0,0.0,1.0,1.0,37.5,False,independent_destination_scope_unverified|tourism_exposure_unverified|snow_proxy_not_direct_slope_measurement|current_point_municipality_unresolved|no_hotel_outcome_at_point_municipality|membership_history_unverified
trelasse_la_trelasse,Trelasse La Trélasse,SKI_CLUSTER_041,5727,0,0,GRA2,53.32056065261739,754,13,low,0.0,1.0,1.0,0.0,0.0,0.0,0.6666666666666666,0.25,36.5,False,independent_destination_scope_unverified|tourism_exposure_unverified|snow_proxy_not_direct_slope_measurement|no_hotel_outcome_at_point_municipality|membership_history_unverified|snow_proxy_low_spatial_elevation_comparability
vogelinsegg_speicher,Vögelinsegg Speicher,SKI_CLUSTER_233,3023,0,0,AMD2,34.82005618895065,580,13,low,0.0,1.0,1.0,0.0,0.0,0.0,0.6666666666666666,0.25,36.5,False,independent_destination_scope_unverified|tourism_exposure_unverified|snow_proxy_not_direct_slope_measurement|no_hotel_outcome_at_point_municipality|membership_history_unverified|snow_proxy_low_spatial_elevation_comparability
brot_plamboz,Brot - Plamboz,SKI_CLUSTER_157,6433,0,0,JAU2,55.32259406070119,435,13,low,0.0,0.5,1.0,0.0,0.0,0.0,1.0,0.25,34.4,False,independent_destination_scope_unverified|tourism_exposure_unverified|snow_proxy_not_direct_slope_measurement|lift_assignment_review|no_hotel_outcome_at_point_municipality|membership_history_unverified|snow_proxy_low_spatial_elevation_comparability
piano_di_peccia,Piano di Peccia,SKI_CLUSTER_205,5323,0,0,FUS2,2.98770847180996,1340,13,low,0.0,0.5,1.0,0.0,0.0,0.0,1.0,0.25,34.4,False,independent_destination_scope_unverified|tourism_exposure_unverified|snow_proxy_not_direct_slope_measurement|lift_assignment_review|no_hotel_outcome_at_point_municipality|membership_history_unverified|snow_proxy_low_spatial_elevation_comparability
rossa,Rossa,SKI_CLUSTER_147,3808,0,0,MES2,5.25569181531893,1234,13,low,0.0,0.5,1.0,0.0,0.0,0.0,1.0,0.25,34.4,False,independent_destination_scope_unverified|tourism_exposure_unverified|snow_proxy_not_direct_slope_measurement|lift_assignment_review|no_hotel_outcome_at_point_municipality|membership_history_unverified|snow_proxy_low_spatial_elevation_comparability
saint_imier_mont_soleil,Saint - Imier - Mont Soleil,SKI_CLUSTER_161,443,0,0,JAU2,61.784880259644645,247,13,low,0.0,0.5,1.0,0.0,0.0,0.0,1.0,0.25,34.4,False,independent_destination_scope_unverified|tourism_exposure_unverified|snow_proxy_not_direct_slope_measurement|lift_assignment_review|no_hotel_outcome_at_point_municipality|membership_history_unverified|snow_proxy_low_spatial_elevation_comparability
sitzberg,Sitzberg,SKI_CLUSTER_210,4726,0,0,AMD2,33.416882129282314,810,13,low,0.0,0.5,1.0,0.0,0.0,0.0,1.0,0.25,34.4,False,independent_destination_scope_unverified|tourism_exposure_unverified|snow_proxy_not_direct_slope_measurement|lift_assignment_review|no_hotel_outcome_at_point_municipality|membership_history_unverified|snow_proxy_low_spatial_elevation_comparability
tannenberg_skiarena_tannenberg_waldkirch,Tannenberg Skiarena Tannenberg / Waldkirch,SKI_CLUSTER_232,3444,0,0,AMD2,33.556653755719914,790,13,low,0.0,0.5,1.0,0.0,0.0,0.0,1.0,0.25,34.4,False,independent_destination_scope_unverified|tourism_exposure_unverified|snow_proxy_not_direct_slope_measurement|lift_assignment_review|no_hotel_outcome_at_point_municipality|membership_history_unverified|snow_proxy_low_spatial_elevation_comparability
dicki_weisslingen,Dicki - Weisslingen,SKI_CLUSTER_210,180,0,0,AMD2,41.325179495930115,990,13,low,0.0,0.0,1.0,0.0,0.0,0.0,1.0,0.25,28.1,False,independent_destination_scope_unverified|tourism_exposure_unverified|snow_proxy_not_direct_slope_measurement|lift_assignment_review|no_hotel_outcome_at_point_municipality|membership_history_unverified|snow_proxy_low_spatial_elevation_comparability
egg_hallau,Egg Hallau,SKI_CLUSTER_200,2971,0,0,AMD2,79.28126121202943,1050,13,low,0.0,0.0,1.0,0.0,0.0,0.0,1.0,0.25,28.1,False,independent_destination_scope_unverified|tourism_exposure_unverified|snow_proxy_not_direct_slope_measurement|lift_assignment_review|no_hotel_outcome_at_point_municipality|membership_history_unverified|snow_proxy_low_spatial_elevation_comparability
la_brevine,La Brévine,SKI_CLUSTER_102,6432,0,0,ALI2,62.05828391369807,400,13,low,0.0,0.0,1.0,0.0,0.0,0.0,1.0,0.25,28.1,False,independent_destination_scope_unverified|tourism_exposure_unverified|snow_proxy_not_direct_slope_measurement|lift_assignment_review|no_hotel_outcome_at_point_municipality|membership_history_unverified|snow_proxy_low_spatial_elevation_comparability
opfershofen_skilift_stich_opfertshofen,Opfershofen Skilift Stich / Opfertshofen,SKI_CLUSTER_200,2920,0,0,AMD2,76.45502185548416,945,13,low,0.0,0.0,1.0,0.0,0.0,0.0,1.0,0.25,28.1,False,independent_destination_scope_unverified|tourism_exposure_unverified|snow_proxy_not_direct_slope_measurement|lift_assignment_review|no_hotel_outcome_at_point_municipality|membership_history_unverified|snow_proxy_low_spatial_elevation_comparability
rohrenmoos_dietikon,Röhrenmoos Dietikon,SKI_CLUSTER_200,243,0,0,YBR2,52.74772125248665,1211,13,low,0.0,0.0,1.0,0.0,0.0,0.0,1.0,0.25,28.1,False,independent_destination_scope_unverified|tourism_exposure_unverified|snow_proxy_not_direct_slope_measurement|lift_assignment_review|no_hotel_outcome_at_point_municipality|membership_history_unverified|snow_proxy_low_spatial_elevation_comparability
schafbuel_wildberg,Schafbüel - Wildberg,SKI_CLUSTER_210,182,0,0,AMD2,37.44886728640277,900,13,low,0.0,0.0,1.0,0.0,0.0,0.0,1.0,0.25,28.1,False,independent_destination_scope_unverified|tourism_exposure_unverified|snow_proxy_not_direct_slope_measurement|lift_assignment_review|no_hotel_outcome_at_point_municipality|membership_history_unverified|snow_proxy_low_spatial_elevation_comparability
